REF_AREA,TIME_PERIOD,measure,OBS_VALUE,Population,OBS_VALUE_per_capita
AUS,1970,GDP,3022156110.4608784,12507349,241.63042947477345
AUS,1971,GDP,3141823458.3477674,13067265,240.43466313323924
AUS,1972,GDP,3313954748.9916787,13303664,249.10090550931523
AUS,1973,GDP,3680336397.5672073,13504538,272.52590185367376
AUS,1974,GDP,3764343305.230696,13722571,274.3176410040579
AUS,1975,GDP,3823511654.4771585,13892995,275.2114756017085
AUS,1976,GDP,3894284505.46487,14033083,277.50740913203964
AUS,1977,GDP,3786702400.0632415,14192234,266.81510465957945
AUS,1978,GDP,3963097220.126035,14359255,275.99601930086453
AUS,1979,GDP,4116826374.907194,14515729,283.6114104160524
AUS,1980,GDP,4230856432.4396033,14695356,287.90431701277623
AUS,1981,GDP,4460248013.102472,14923260,298.87893215708044
AUS,1982,GDP,4314248935.522036,15184247,284.1266304165123
AUS,1983,GDP,4421941608.922387,15393472,287.2608342628867
AUS,1984,GDP,4687819726.49217,15579391,300.89877880927247
AUS,1985,GDP,4865363936.736549,15788312,308.1623885274467
AUS,1986,GDP,4897436537.1244955,16018350,305.7391389952458
AUS,1987,GDP,5114837714.962443,16263874,314.4907366450603
AUS,1988,GDP,5412993111.072089,16532164,327.4219340596965
AUS,1989,GDP,5531783739.826939,16814416,328.99053644366467
AUS,1990,GDP,5289335311.049552,17065128,309.9499348056195
AUS,1991,GDP,5224860256.686795,17284036,302.29399294741086
AUS,1992,GDP,5428434151.833746,17478635,310.5754054497817
AUS,1993,GDP,5603968231.650155,17634808,317.7788060777387
AUS,1994,GDP,5840471491.8877325,17805468,328.0156125010436
AUS,1995,GDP,5955200987.4308195,18004882,330.7547912522181
AUS,1996,GDP,6107355385.646493,18224767,335.1129474328255
AUS,1997,GDP,6451270116.275694,18423037,350.174084559223
AUS,1998,GDP,6750216366.796056,18607584,362.7669431343723
AUS,1999,GDP,7088576716.778476,18812264,376.8061471377648
AUS,2000,GDP,7245292831.845358,19028802,380.75401866314854
AUS,2001,GDP,7418443658.465368,19274701,384.879830741103
AUS,2002,GDP,7648220908.81523,19495210,392.31282498702143
AUS,2003,GDP,8009564148.309969,19720737,406.14933145297607
AUS,2004,GDP,8381930115.19901,19932722,420.5110629245223
AUS,2005,GDP,8817171787.113592,20176844,436.99459574121664
AUS,2006,GDP,9277607127.960014,20450966,453.6512909932966
AUS,2007,GDP,9824285338.514017,20827622,471.69500860511187
AUS,2008,GDP,10077891746.875212,21249199,474.2716065144485
AUS,2009,GDP,10239289837.701424,21691653,472.0382461263521
AUS,2010,GDP,10818690382.644806,22031750,491.049979354559
AUS,2011,GDP,11082281945.773981,22340024,496.07296508607067
AUS,2012,GDP,11164712556.04919,22733465,491.11354367005606
AUS,2013,GDP,11339642426.012539,23128129,490.2965746175378
AUS,2014,GDP,11232919223.397497,23475686,478.4916284617837
AUS,2015,GDP,11294369036.656939,23815995,474.2346073156691
AUS,2016,GDP,11823659203.06593,24190907,488.76460907670514
AUS,2017,GDP,12151269123.368122,24592588,494.1029030115953
AUS,2018,GDP,12608580792.352757,24963258,505.08554581908965
AUS,2019,GDP,12623354358.95438,25334826,498.2609455835371
AUS,1970,GNI,2989192842.6355605,12507349,238.99491751893711
AUS,1971,GNI,3128583756.6875033,13067265,239.42146705431497
AUS,1972,GNI,3316146693.72664,13303664,249.26566799391807
AUS,1973,GNI,3667793601.671785,13504538,271.597118070369
AUS,1974,GNI,3772625746.776203,13722571,274.92120439939447
AUS,1975,GNI,3823694889.1281934,13892995,275.22466459738837
AUS,1976,GNI,3867120155.07694,14033083,275.5716726735629
AUS,1977,GNI,3741351808.624571,14192234,263.6196534403654
AUS,1978,GNI,3915176012.2642994,14359255,272.6587146940631
AUS,1979,GNI,4074132682.001736,14515729,280.67020829623755
AUS,1980,GNI,4217075321.771024,14695356,286.9665302270339
AUS,1981,GNI,4375761243.822684,14923260,293.2175170721869
AUS,1982,GNI,4281565920.6747856,15184247,281.9742013334468
AUS,1983,GNI,4368553641.324561,15393472,283.79261295467074
AUS,1984,GNI,4622787055.796348,15579391,296.72450327463685
AUS,1985,GNI,4778542975.974487,15788312,302.6633230946087
AUS,1986,GNI,4808358074.047557,16018350,300.17811285479195
AUS,1987,GNI,5019936050.866419,16263874,308.6556161752371
AUS,1988,GNI,5265689098.213734,16532164,318.51178697560306
AUS,1989,GNI,5339323897.540941,16814416,317.5444153124879
AUS,1990,GNI,5077072074.885008,17065128,297.51151441026445
AUS,1991,GNI,5023680795.172468,17284036,290.6543816023334
AUS,1992,GNI,5284159305.19595,17478635,302.32105111159706
AUS,1993,GNI,5480924284.138929,17634808,310.8014719603939
AUS,1994,GNI,5639641665.01439,17805468,316.7365027987127
AUS,1995,GNI,5745066485.717807,18004882,319.0838176955454
AUS,1996,GNI,5902664286.220647,18224767,323.88146779712724
AUS,1997,GNI,6248371734.668923,18423037,339.1607873701238
AUS,1998,GNI,6540086533.176902,18607584,351.4742447583148
AUS,1999,GNI,6884710581.748454,18812264,365.9692731161148
AUS,2000,GNI,7042980651.154675,19028802,370.12212598326863
AUS,2001,GNI,7217700143.245302,19274701,374.4649602214479
AUS,2002,GNI,7433551920.17197,19495210,381.3014540583031
AUS,2003,GNI,7782114519.064143,19720737,394.61580563972547
AUS,2004,GNI,8072055603.436915,19932722,404.9650420768882
AUS,2005,GNI,8475407085.706283,20176844,420.05613393780925
AUS,2006,GNI,8865297755.73666,20450966,433.4904158432741
AUS,2007,GNI,9423648203.909618,20827622,452.45915274963306
AUS,2008,GNI,9724863122.931028,21249199,457.657868559235
AUS,2009,GNI,9842756064.328997,21691653,453.7577686831426
AUS,2010,GNI,10385402954.26254,22031750,471.38347858261557
AUS,2011,GNI,10745915052.291275,22340024,481.0162716159694
AUS,2012,GNI,10887510953.911848,22733465,478.9199954301664
AUS,2013,GNI,11044121609.612204,23128129,477.5190249765644
AUS,2014,GNI,11004429300.14048,23475686,468.7585828222647
AUS,2015,GNI,11027372766.746895,23815995,463.0238109617883
AUS,2016,GNI,11500746801.140064,24190907,475.4161057764417
AUS,2017,GNI,11766317382.31578,24592588,478.44974194321395
AUS,2018,GNI,12179059021.433558,24963258,487.87938743546846
AUS,2019,GNI,12322806462.65711,25334826,486.3979118173975
CAN,1970,GDP,4573660710.0609865,21746497,210.317124181471
CAN,1971,GDP,4860606459.355795,21962032,221.31861292961392
CAN,1972,GDP,5169834297.622899,22218463,232.68190502749442
CAN,1973,GDP,5643008691.455504,22491777,250.89207897870872
CAN,1974,GDP,6072745801.528712,22807969,266.2554391199283
CAN,1975,GDP,6184733032.534646,23143275,267.2367256809871
CAN,1976,GDP,6624583005.2015085,23449808,282.50052218770867
CAN,1977,GDP,6778784930.532867,23725843,285.71313274444526
CAN,1978,GDP,6893485333.423018,23963203,287.66961300720186
CAN,1979,GDP,7210903576.134551,24201544,297.9522123106919
CAN,1980,GDP,7362994311.05318,24515667,300.3383228795358
CAN,1981,GDP,7542854305.016979,24819915,303.90330929888273
CAN,1982,GDP,7175989545.027316,25116942,285.7031538722873
CAN,1983,GDP,7357137407.46421,25366451,290.0341639224269
CAN,1984,GDP,7734380944.17574,25607053,302.0410409653833
CAN,1985,GDP,8052215541.976621,25842116,311.59273265303125
CAN,1986,GDP,8139197345.294599,26100278,311.8433200326295
CAN,1987,GDP,8505976147.496181,26446601,321.62833127388205
CAN,1988,GDP,8924852013.147219,26791747,333.11944955090905
CAN,1989,GDP,9107148842.713015,27276781,333.8791642134391
CAN,1990,GDP,9001247498.735222,27691138,325.05877868707387
CAN,1991,GDP,8598671240.256207,28037420,306.6855381221313
CAN,1992,GDP,8673590449.604578,28371264,305.7174488103377
CAN,1993,GDP,8853758477.875845,28684764,308.6571839278805
CAN,1994,GDP,9370806120.966578,29000663,323.12385827063946
CAN,1995,GDP,9632953129.950766,29302311,328.74380215098955
CAN,1996,GDP,9805752220.052168,29610218,331.16109513452983
CAN,1997,GDP,10177794682.679482,29905948,340.32676986797014
CAN,1998,GDP,10451025752.976004,30155173,346.5748895877999
CAN,1999,GDP,11008732009.685257,30401286,362.11402404770826
CAN,2000,GDP,11760845938.888742,30685730,383.267595031591
CAN,2001,GDP,11870183367.308558,31020855,382.6517150255387
CAN,2002,GDP,12106520658.007656,31359199,386.05962665078454
CAN,2003,GDP,12384101148.774612,31642461,391.37604210919665
CAN,2004,GDP,12943011648.204967,31938807,405.244054613717
CAN,2005,GDP,13476657046.054783,32242732,417.9750353057794
CAN,2006,GDP,13909321663.117825,32571193,427.04366595100845
CAN,2007,GDP,14355679705.375555,32888886,436.49029965245876
CAN,2008,GDP,14728872154.277485,33247298,443.0095989838779
CAN,2009,GDP,13925350061.211365,33630069,414.07438269637106
CAN,2010,GDP,14506945700.126764,34005902,426.60082064950853
CAN,2011,GDP,15010354847.52303,34339221,437.11984169713776
CAN,2012,GDP,15229130068.435598,34713395,438.7104767031746
CAN,2013,GDP,15707235812.877167,35080992,447.74206535770617
CAN,2014,GDP,16164082665.482498,35434066,456.173521420954
CAN,2015,GDP,15948509745.66561,35704498,446.6806884013776
CAN,2016,GDP,16001078791.758108,36110803,443.1105780660183
CAN,2017,GDP,16644584719.610212,36545075,455.453565757088
CAN,2018,GDP,16997982311.83431,37072620,458.5050183082369
CAN,2019,GDP,17253838375.562565,37618495,458.65307412118864
CAN,1970,GNI,4529015705.858936,21746497,208.2641496632279
CAN,1971,GNI,4813442465.207777,21962032,219.17108877756743
CAN,1972,GNI,5126908713.7584095,22218463,230.74992693051763
CAN,1973,GNI,5592483726.495563,22491777,248.64570400531548
CAN,1974,GNI,6012699365.151693,22807969,263.62274366260726
CAN,1975,GNI,6121777185.702679,23143275,264.51646042760495
CAN,1976,GNI,6538642181.637122,23449808,278.83563829764074
CAN,1977,GNI,6669535820.585183,23725843,281.10848666516017
CAN,1978,GNI,6756908905.764231,23963203,281.97019011875125
CAN,1979,GNI,7050330263.496405,24201544,291.3173747714776
CAN,1980,GNI,7199924971.352807,24515667,293.68668498200793
CAN,1981,GNI,7290987621.107008,24819915,293.75554352651926
CAN,1982,GNI,6928145132.677971,25116942,275.8355349420312
CAN,1983,GNI,7141548114.789464,25366451,281.53517079663465
CAN,1984,GNI,7495026408.845923,25607053,292.6938296588023
CAN,1985,GNI,7806120915.26149,25842116,302.06972661455006
CAN,1986,GNI,7865283981.926281,26100278,301.3486669347461
CAN,1987,GNI,8243763248.267471,26446601,311.7135259940388
CAN,1988,GNI,8635919798.758785,26791747,322.3350757514538
CAN,1989,GNI,8794016398.239489,27276781,322.39934757108944
CAN,1990,GNI,8677358359.96569,27691138,313.36228796251316
CAN,1991,GNI,8313708300.62382,28037420,296.5218732901893
CAN,1992,GNI,8362665539.885248,28371264,294.7582998024074
CAN,1993,GNI,8552828562.072819,28684764,298.16625167537785
CAN,1994,GNI,9035172681.366013,29000663,311.5505559774965
CAN,1995,GNI,9301113456.269089,29302311,317.4191092391685
CAN,1996,GNI,9479955927.48587,29610218,320.1582618367035
CAN,1997,GNI,9862077746.779726,29905948,329.7697751223177
CAN,1998,GNI,10099398074.268564,30155173,334.9142806863872
CAN,1999,GNI,10638197999.35656,30401286,349.925920875734
CAN,2000,GNI,11452265829.662039,30685730,373.21145137045914
CAN,2001,GNI,11535953548.613888,31020855,371.87735633379185
CAN,2002,GNI,11800189764.198635,31359199,376.2911726220633
CAN,2003,GNI,12079479661.051765,31642461,381.74905741534343
CAN,2004,GNI,12664041327.570183,31938807,396.509529224751
CAN,2005,GNI,13201102216.35165,32242732,409.4287734783656
CAN,2006,GNI,13687977603.681385,32571193,420.24796585379556
CAN,2007,GNI,14144365646.272911,32888886,430.065209453215
CAN,2008,GNI,14512468865.844648,33247298,436.5007004733031
CAN,2009,GNI,13685576549.49703,33630069,406.94464675338696
CAN,2010,GNI,14220228445.87372,34005902,418.1694238215978
CAN,2011,GNI,14726835051.109007,34339221,428.86339940876957
CAN,2012,GNI,14958903172.172506,34713395,430.9259630806064
CAN,2013,GNI,15468008185.775808,35080992,440.9227705355598
CAN,2014,GNI,15902891765.134798,35434066,448.8023408077074
CAN,2015,GNI,15704191044.852655,35704498,439.8378894685105
CAN,2016,GNI,15805585405.141912,36110803,437.69686886059867
CAN,2017,GNI,16432911893.656702,36545075,449.66146310157256
CAN,2018,GNI,16708974605.599083,37072620,450.70929989839084
CAN,2019,GNI,17048229829.776579,37618495,453.1874502097061
DNK,1970,GDP,1271883150.752543,4928748,258.05400291362895
DNK,1971,GDP,1327584231.6472106,4963126,267.48952810128344
DNK,1972,GDP,1422417143.2191653,4991596,284.96239343471814
DNK,1973,GDP,1502461733.2068927,5021862,299.18419367296286
DNK,1974,GDP,1461496196.0369966,5045298,289.6749004790196
DNK,1975,GDP,1492620488.63869,5059862,294.9923315376368
DNK,1976,GDP,1588984526.0133197,5072597,313.2487217126296
DNK,1977,GDP,1591295344.7913115,5088420,312.7287733306825
DNK,1978,GDP,1609780634.7075984,5104248,315.3805682458216
DNK,1979,GDP,1634178595.0375636,5116802,319.37499145707875
DNK,1980,GDP,1571177157.480144,5123027,306.6892205487389
DNK,1981,GDP,1538837864.9789941,5121572,300.4620192743545
DNK,1982,GDP,1595679029.6165364,5117810,311.7894235261833
DNK,1983,GDP,1645567977.205328,5114297,321.75839166269145
DNK,1984,GDP,1709158795.314183,5111619,334.3674079218703
DNK,1985,GDP,1771567723.3665547,5113691,346.4362088688102
DNK,1986,GDP,1841093908.6941116,5120534,359.5511539800559
DNK,1987,GDP,1860202145.928075,5127024,362.822983845614
DNK,1988,GDP,1846846879.0220947,5129517,360.04303699979835
DNK,1989,GDP,1860624769.4380925,5132594,362.511581753416
DNK,1990,GDP,1894074292.4351857,5140939,368.42963754971333
DNK,1991,GDP,1923956323.52688,5154298,373.27223290676636
DNK,1992,GDP,1953924806.110632,5171370,377.8350429597248
DNK,1993,GDP,1940750392.8523955,5189377,373.98523808395413
DNK,1994,GDP,2038777252.6857176,5204994,391.6963694263082
DNK,1995,GDP,2084251180.5150464,5227861,398.6814455309822
DNK,1996,GDP,2142450199.8790824,5261503,407.19357185182304
DNK,1997,GDP,2206678675.3474493,5284220,417.59780541829247
DNK,1998,GDP,2244414893.026214,5301304,423.370343037527
DNK,1999,GDP,2292741993.5925384,5319111,431.03856896247106
DNK,2000,GDP,2380669450.156908,5337344,446.0400997494087
DNK,2001,GDP,2407501481.7190375,5355082,449.5732244098293
DNK,2002,GDP,2417662377.1491547,5374255,449.86000425159483
DNK,2003,GDP,2414515364.6576166,5387174,448.1970258724921
DNK,2004,GDP,2504378911.5167613,5401177,463.67280900380814
DNK,2005,GDP,2590668196.422675,5415978,478.33802065345816
DNK,2006,GDP,2693876860.370763,5434567,495.6930074412116
DNK,2007,GDP,2740038996.164369,5457415,502.0763486310587
DNK,2008,GDP,2750719414.0610976,5489022,501.13106015262787
DNK,2009,GDP,2594973204.125585,5519441,470.15145267891893
DNK,2010,GDP,2658617628.1352706,5543819,479.5642909942173
DNK,2011,GDP,2638099956.296934,5566856,473.89405371666413
DNK,2012,GDP,2638212296.1398563,5587085,472.1983460319391
DNK,2013,GDP,2676488746.32366,5608784,477.19590312689166
DNK,2014,GDP,2722950371.969823,5639719,482.8166743715109
DNK,2015,GDP,2779064732.9076457,5678348,489.4143037565936
DNK,2016,GDP,2869509733.399252,5724456,501.2720393691998
DNK,2017,GDP,2955855529.258434,5760694,513.1075403863551
DNK,2018,GDP,3004247032.6574044,5789957,518.8720801652594
DNK,2019,GDP,3061507845.132044,5814461,526.5333872102752
DNK,1970,GNI,1267635355.435402,4928748,257.1921622763838
DNK,1971,GNI,1321482908.2513952,4963126,266.2601973537233
DNK,1972,GNI,1415018029.8487585,4991596,283.4800792870173
DNK,1973,GNI,1509351350.7249074,5021862,300.55611857213665
DNK,1974,GNI,1457339059.4772074,5045298,288.8509379380975
DNK,1975,GNI,1493627565.2145815,5059862,295.1913639570766
DNK,1976,GNI,1590238858.7598915,5072597,313.4959979592094
DNK,1977,GNI,1597459652.8330157,5088420,313.94021186006967
DNK,1978,GNI,1617442167.6092732,5104248,316.8815793451402
DNK,1979,GNI,1627151483.6408253,5116802,318.00165096105445
DNK,1980,GNI,1551124179.146103,5123027,302.7749373848904
DNK,1981,GNI,1506207884.058342,5121572,294.09093224860294
DNK,1982,GNI,1550733947.5756986,5117810,303.0073307871333
DNK,1983,GNI,1602678475.405244,5114297,313.37219473277446
DNK,1984,GNI,1656456034.5623813,5111619,324.05702274805327
DNK,1985,GNI,1714979500.9833076,5113691,335.37018583706123
DNK,1986,GNI,1787259602.8932593,5120534,349.03773764479627
DNK,1987,GNI,1812279472.015397,5127024,353.4759096145048
DNK,1988,GNI,1795740360.651736,5129517,350.07981465930146
DNK,1989,GNI,1803318035.451793,5132594,351.3463241884694
DNK,1990,GNI,1831511934.089185,5140939,356.26019567421145
DNK,1991,GNI,1858874310.4966757,5154298,360.6454866398248
DNK,1992,GNI,1895654002.985137,5171370,366.56708048063416
DNK,1993,GNI,1895771281.7159219,5189377,365.3177022436261
DNK,1994,GNI,1993785453.3049393,5204994,383.05240184809804
DNK,1995,GNI,2046613318.87337,5227861,391.4819691788611
DNK,1996,GNI,2100450453.1476629,5261503,399.21111004738816
DNK,1997,GNI,2166694457.665942,5284220,410.0310845623275
DNK,1998,GNI,2212468635.674948,5301304,417.34422996209014
DNK,1999,GNI,2268581904.751292,5319111,426.49643986585204
DNK,2000,GNI,2326439402.9074416,5337344,435.8796065809964
DNK,2001,GNI,2372010283.5315166,5355082,442.9456511649152
DNK,2002,GNI,2387605153.9143677,5374255,444.2671875291306
DNK,2003,GNI,2392934133.735747,5387174,444.19098654243334
DNK,2004,GNI,2507449511.7690125,5401177,464.2413147669503
DNK,2005,GNI,2611495156.312637,5415978,482.18348677055866
DNK,2006,GNI,2726446529.0591307,5434567,501.6860642364204
DNK,2007,GNI,2753571438.531712,5457415,504.5559918994088
DNK,2008,GNI,2781255586.779703,5489022,506.69419557431235
DNK,2009,GNI,2620733451.534927,5519441,474.81863680306157
DNK,2010,GNI,2702056916.855084,5543819,487.3999163491961
DNK,2011,GNI,2693679658.664914,5566856,483.87809181069423
DNK,2012,GNI,2697852062.775857,5587085,482.87292260201104
DNK,2013,GNI,2760979313.054712,5608784,492.25987541233746
DNK,2014,GNI,2821831319.581639,5639719,500.3496308205495
DNK,2015,GNI,2864782651.963484,5678348,504.50987716206964
DNK,2016,GNI,2941562894.502523,5724456,513.858940395825
DNK,2017,GNI,3020822309.483198,5760694,524.3851364927903
DNK,2018,GNI,3088326881.031341,5789957,533.3937507707468
DNK,2019,GNI,3150516872.1305327,5814461,541.8416035691929
GBR,1970,GDP,9346488697.600523,55710700,167.76828683898287
GBR,1971,GDP,9545073162.166737,55928013,170.66712457971173
GBR,1972,GDP,9968475965.691578,56096677,177.7017195812076
GBR,1973,GDP,10542836883.707384,56222893,187.5185768848178
GBR,1974,GDP,10193664541.896593,56235642,181.26697196586807
GBR,1975,GDP,10169866679.483166,56225718,180.87571028409394
GBR,1976,GDP,10336004118.883535,56216121,183.86192314627215
GBR,1977,GDP,10395337166.435434,56189910,185.003627278197
GBR,1978,GDP,11152004229.787422,56178025,198.51185992721216
GBR,1979,GDP,11635917192.24547,56240053,206.8973368898758
GBR,1980,GDP,11567485916.188185,56329673,205.35332978389889
GBR,1981,GDP,11444833073.11373,56357464,203.07572876440517
GBR,1982,GDP,11546297909.312414,56290711,205.1190632378478
GBR,1983,GDP,12092838510.246914,56315677,214.73307530773207
GBR,1984,GDP,12375408272.279154,56409327,219.38585213539517
GBR,1985,GDP,12820658703.511621,56553955,226.69782694263597
GBR,1986,GDP,13340620500.862549,56683835,235.35141016592382
GBR,1987,GDP,14234412868.887554,56803958,250.58839859165366
GBR,1988,GDP,15328229852.910572,56916448,269.3110759988145
GBR,1989,GDP,16039365232.845737,57076451,281.01546175051664
GBR,1990,GDP,16134174460.779488,57237493,281.8812218204506
GBR,1991,GDP,15804426853.216038,57438658,275.1531355975628
GBR,1992,GDP,15679662688.110203,57584530,272.289496642765
GBR,1993,GDP,16093280239.050476,57713889,278.8458812583307
GBR,1994,GDP,16579600344.452612,57862145,286.5362206059352
GBR,1995,GDP,18535316029.652187,58024799,319.4378326007159
GBR,1996,GDP,19258303957.73535,58164374,331.1013707073569
GBR,1997,GDP,19772427280.755184,58314249,339.066825344097
GBR,1998,GDP,20308355962.252636,58474943,347.300141228913
GBR,1999,GDP,20818289588.387386,58684427,354.7498144335189
GBR,2000,GDP,21733002384.02651,58886065,369.06868176752016
GBR,2001,GDP,22269572946.11491,59113016,376.7287554083674
GBR,2002,GDP,22787233003.725372,59365677,383.8452478816231
GBR,2003,GDP,23767579219.715168,59636662,398.53973080711944
GBR,2004,GDP,24631244942.531845,59950364,410.8606403546081
GBR,2005,GDP,25518931037.667995,60413276,422.4060128384363
GBR,2006,GDP,26219341186.758747,60827067,431.0472702351199
GBR,2007,GDP,26897945825.95633,61319075,438.6554400234565
GBR,2008,GDP,26838751480.15685,61823772,434.1170169972296
GBR,2009,GDP,25616411235.118248,62260486,411.4393073500623
GBR,2010,GDP,25895335040.42369,62759456,412.6124840920178
GBR,2011,GDP,25761702365.663662,63285145,407.07345089694684
GBR,2012,GDP,25896227618.375153,63710843,406.46499714931025
GBR,2013,GDP,26306590856.818707,64138721,410.151472412721
GBR,2014,GDP,27183505410.31879,64619493,420.6703604176961
GBR,2015,GDP,27839336020.01874,65088058,427.7180311635468
GBR,2016,GDP,28660790910.619713,65607141,436.85474589754966
GBR,2017,GDP,29230274158.08453,65965992,443.11126493913
GBR,2018,GDP,29581078736.984505,66288927,446.2446456100354
GBR,2019,GDP,30177492618.11329,66630707,452.9066848729864
GBR,1970,GNI,10178237963.827232,55710700,182.69808068875875
GBR,1971,GNI,10351942694.43567,55928013,185.09405464548993
GBR,1972,GNI,10805253895.94845,56096677,192.6184307842058
GBR,1973,GNI,11449676595.757902,56222893,203.6479445438338
GBR,1974,GNI,11171484151.90617,56235642,198.6548700183092
GBR,1975,GNI,11268605491.390627,56225718,200.41728042300193
GBR,1976,GNI,11454098030.8928,56216121,203.7511273837766
GBR,1977,GNI,11360084022.438917,56189910,202.17302399023094
GBR,1978,GNI,12138155903.169662,56178025,216.0659066097404
GBR,1979,GNI,12533949846.84385,56240053,222.86518554390142
GBR,1980,GNI,12351776231.32606,56329673,219.2765477499942
GBR,1981,GNI,12145332522.342562,56357464,215.5053059580992
GBR,1982,GNI,12223723775.037521,56290711,217.15347981725654
GBR,1983,GNI,12855509122.719137,56315677,228.27585154874615
GBR,1984,GNI,13169170866.819218,56409327,233.45732996990404
GBR,1985,GNI,13481089908.577063,56553955,238.37572294593832
GBR,1986,GNI,14088225803.161976,56683835,248.54044902152395
GBR,1987,GNI,14905113497.378542,56803958,262.3956854798488
GBR,1988,GNI,16003546177.413202,56916448,281.17612289180806
GBR,1989,GNI,16546211150.415451,57076451,289.895584965776
GBR,1990,GNI,16548951464.458836,57237493,289.12781809746343
GBR,1991,GNI,16252641599.777586,57438658,282.9564994324482
GBR,1992,GNI,16311969876.70334,57584530,283.2700011045213
GBR,1993,GNI,16729731868.747675,57713889,289.8735843073697
GBR,1994,GNI,17520335788.813057,57862145,302.79443993673334
GBR,1995,GNI,18004057857.505474,58024799,310.28212364002286
GBR,1996,GNI,18648614995.14642,58164374,320.61919887844783
GBR,1997,GNI,19445814511.44289,58314249,333.4659169055386
GBR,1998,GNI,20398172183.968433,58474943,348.83611915566013
GBR,1999,GNI,20747624187.659653,58684427,353.5456550961919
GBR,2000,GNI,21792766424.186104,58886065,370.08359149462785
GBR,2001,GNI,22389346163.77281,59113016,378.7549287583772
GBR,2002,GNI,23050250798.024578,59365677,388.2757169268798
GBR,2003,GNI,24038651561.132984,59636662,403.08512842541364
GBR,2004,GNI,24833303321.839386,59950364,414.231068252386
GBR,2005,GNI,25782986011.99325,60413276,426.7768232266241
GBR,2006,GNI,26116864234.20144,60827067,429.3625440496981
GBR,2007,GNI,26653481921.509445,61319075,434.6686886830802
GBR,2008,GNI,26486461008.654434,61823772,428.4187158404769
GBR,2009,GNI,25402662566.240463,62260486,408.0061721047353
GBR,2010,GNI,25906665378.330856,62759456,412.7930200403722
GBR,2011,GNI,25868840638.438835,63285145,408.766395943927
GBR,2012,GNI,25656127972.284107,63710843,402.6964134234436
GBR,2013,GNI,25842384232.742218,64138721,402.91393139476884
GBR,2014,GNI,26701149273.515003,64619493,413.2057995799349
GBR,2015,GNI,27236217982.50237,65088058,418.4518453831019
GBR,2016,GNI,27992676980.675163,65607141,426.6711908795898
GBR,2017,GNI,28918029754.791237,65965992,438.37785013209896
GBR,2018,GNI,29182579374.37371,66288927,440.2330931435006
GBR,2019,GNI,30147234235.556145,66630707,452.4525641842003
ISR,1970,GDP,393087738.068425,2958200,132.88071735123555
ISR,1971,GDP,445735443.49954915,3045600,146.35390185827066
ISR,1972,GDP,516274948.1257098,3225000,160.08525523277822
ISR,1973,GDP,555049621.059907,3277900,169.3308584947396
ISR,1974,GDP,573343652.4767869,3377200,169.76893653819343
ISR,1975,GDP,580273837.2855453,3455300,167.9373244828366
ISR,1976,GDP,582437992.1351957,3533100,164.85182761178447
ISR,1977,GDP,618828889.4229629,3613000,171.2784083650603
ISR,1978,GDP,677478542.6856468,3692600,183.4692473286158
ISR,1979,GDP,713685950.2362188,3786400,188.48667606069586
ISR,1980,GDP,707841737.0473464,3877700,182.54164505953176
ISR,1981,GDP,772540098.6530796,3949800,195.5896750855941
ISR,1982,GDP,813248644.1773139,4020700,202.26543740575372
ISR,1983,GDP,854133252.4731604,4106100,208.01569676168637
ISR,1984,GDP,883154372.4307145,4159100,212.3426636605791
ISR,1985,GDP,822617965.6727322,4233000,194.3345064192611
ISR,1986,GDP,871686536.6273582,4298800,202.77438741680427
ISR,1987,GDP,942542900.7681048,4368900,215.73917937423718
ISR,1988,GDP,993156379.1403674,4441700,223.59825723042246
ISR,1989,GDP,985449852.792044,4518200,218.10673560091277
ISR,1990,GDP,1045602895.0527993,4660200,224.36867410257057
ISR,1991,GDP,1136041508.9848177,4949100,229.5450706158327
ISR,1992,GDP,1224111343.2023444,5123500,238.92092187027313
ISR,1993,GDP,1276876927.2728252,5261400,242.68767386490768
ISR,1994,GDP,1375196464.0585437,5399300,254.69902840341223
ISR,1995,GDP,1454469391.4737315,5544900,262.3075964352345
ISR,1996,GDP,1509320474.5468614,5685100,265.4870581954339
ISR,1997,GDP,1553566271.5733788,5828900,266.52820799351144
ISR,1998,GDP,1637125535.4686117,5970700,274.19323286526065
ISR,1999,GDP,1707556419.851628,6125300,278.7710675153263
ISR,2000,GDP,1871526353.6494539,6289200,297.57780856857056
ISR,2001,GDP,1887743894.2139032,6439037,293.17177307940665
ISR,2002,GDP,1865814135.6010065,6569957,283.99183367577695
ISR,2003,GDP,1867097708.9096434,6689748,279.0983619875731
ISR,2004,GDP,1966857292.7587986,6808969,288.8627180941489
ISR,2005,GDP,2046366873.3428574,6930128,295.28558106615884
ISR,2006,GDP,2144425800.531056,7053707,304.0140171020792
ISR,2007,GDP,2287113039.9027233,7180160,318.53232238595285
ISR,2008,GDP,2289239130.944874,7331353,312.25329498455113
ISR,2009,GDP,2341053348.5934434,7485565,312.74237129641426
ISR,2010,GDP,2434452463.0298796,7623561,319.3327190573906
ISR,2011,GDP,2517968386.0927057,7765832,324.2367831409057
ISR,2012,GDP,2623214974.763322,7910525,331.610730610588
ISR,2013,GDP,2738396076.93744,8059456,339.7743069677953
ISR,2014,GDP,2848862856.797859,8215668,346.75973478941205
ISR,2015,GDP,2999767730.015227,8380149,357.961144845423
ISR,2016,GDP,3159527960.5760155,8546009,369.7080076297621
ISR,2017,GDP,3287625319.798322,8713268,377.3125444779527
ISR,2018,GDP,3418073663.9649405,8882764,384.79843255600855
ISR,2019,GDP,3578573124.855248,9054026,395.2466145839705
ISR,1970,GNI,384769357.29885453,2958200,130.06874359369027
ISR,1971,GNI,439729079.3672857,3045600,144.3817570814571
ISR,1972,GNI,506893222.7325927,3225000,157.17619309537758
ISR,1973,GNI,545133854.3953226,3277900,166.30582214079826
ISR,1974,GNI,561734800.664074,3377200,166.3315174298454
ISR,1975,GNI,561029297.3776354,3455300,162.3677531263958
ISR,1976,GNI,563992828.7878083,3533100,159.6311536010326
ISR,1977,GNI,602718853.1149553,3613000,166.81949989342797
ISR,1978,GNI,654838103.241658,3692600,177.337947040475
ISR,1979,GNI,692334372.8335526,3786400,182.84765815380112
ISR,1980,GNI,680410716.4344558,3877700,175.46760100947876
ISR,1981,GNI,749010548.8521369,3949800,189.6325254068907
ISR,1982,GNI,782977607.9539247,4020700,194.73663987711709
ISR,1983,GNI,820663410.0162272,4106100,199.86444802031787
ISR,1984,GNI,825268207.1490668,4159100,198.42470898729695
ISR,1985,GNI,764896748.6923122,4233000,180.69849957295352
ISR,1986,GNI,822493916.3177072,4298800,191.3310496691419
ISR,1987,GNI,897076693.0231874,4368900,205.33239328508031
ISR,1988,GNI,954913978.8789109,4441700,214.98840058511627
ISR,1989,GNI,952100222.6452299,4518200,210.72555943633083
ISR,1990,GNI,1018497049.4535769,4660200,218.55221867164005
ISR,1991,GNI,1117403148.6465952,4949100,225.7790605658797
ISR,1992,GNI,1200782886.1964848,5123500,234.36769516863177
ISR,1993,GNI,1252095977.8581326,5261400,237.97772035164263
ISR,1994,GNI,1346502802.1328049,5399300,249.3846984114246
ISR,1995,GNI,1430557939.790954,5544900,257.99526407887504
ISR,1996,GNI,1485932893.0276754,5685100,261.3732200009983
ISR,1997,GNI,1525372404.8603876,5828900,261.6912976479932
ISR,1998,GNI,1608778574.066516,5970700,269.44555480371076
ISR,1999,GNI,1664358283.5339963,6125300,271.7186559897468
ISR,2000,GNI,1788723493.085987,6289200,284.41192728582126
ISR,2001,GNI,1847735921.3976295,6439037,286.9584258325631
ISR,2002,GNI,1837003326.2991827,6569957,279.60659807958905
ISR,2003,GNI,1832470739.7220414,6689748,273.9222373880214
ISR,2004,GNI,1937688007.0032952,6808969,284.5787676523854
ISR,2005,GNI,2054067327.3044126,6930128,296.39673716046985
ISR,2006,GNI,2161805940.1394415,7053707,306.47798953648646
ISR,2007,GNI,2310708027.603268,7180160,321.81845914342694
ISR,2008,GNI,2274393509.6313443,7331353,310.22834524968914
ISR,2009,GNI,2315705112.380018,7485565,309.35608900330413
ISR,2010,GNI,2418450946.7061734,7623561,317.2337634218672
ISR,2011,GNI,2513766515.949585,7765832,323.69571166999043
ISR,2012,GNI,2587428319.5371265,7910525,327.0868013863968
ISR,2013,GNI,2713136760.7801304,8059456,336.6401852408066
ISR,2014,GNI,2859786247.9761477,8215668,348.0893151933778
ISR,2015,GNI,3003310659.6074085,8380149,358.3839212891571
ISR,2016,GNI,3161367032.398314,8546009,369.9232041995643
ISR,2017,GNI,3301716211.1940866,8713268,378.9297208801665
ISR,2018,GNI,3446912270.337985,8882764,388.0450128291132
ISR,2019,GNI,3591433934.06074,9054026,396.66706656914175
JPN,1970,GDP,24471398652.920002,104665171,233.80651289357758
JPN,1971,GDP,25311866022.68368,106100000,238.56612650974253
JPN,1972,GDP,27637402663.32682,107595000,256.8651207149665
JPN,1973,GDP,30152721932.91046,109104000,276.36678703723476
JPN,1974,GDP,29202770587.045273,110573000,264.10399091139135
JPN,1975,GDP,28877671901.43253,111939643,257.97537965555716
JPN,1976,GDP,29646801297.616196,113094000,262.14300756553126
JPN,1977,GDP,30547075106.53887,114165000,267.56952749563237
JPN,1978,GDP,32284208949.36688,115190000,280.2691982756045
JPN,1979,GDP,33732989732.65358,116155000,290.41358299387525
JPN,1980,GDP,33932419216.200348,117060396,289.87104414203714
JPN,1981,GDP,34678522256.692635,117902000,294.1300593432905
JPN,1982,GDP,35471769862.45544,118728000,298.7649910927114
JPN,1983,GDP,36413066645.459755,119536000,304.6200863794987
JPN,1984,GDP,37713949789.13607,120305000,313.48613764295806
JPN,1985,GDP,39357478427.3166,121048923,325.13695662799574
JPN,1986,GDP,41060315228.47887,121660000,337.50053615386213
JPN,1987,GDP,42843744557.14993,122239000,350.49161525495083
JPN,1988,GDP,45679004029.09027,122745000,372.1455377334333
JPN,1989,GDP,47823589062.02596,123205000,388.1627292887948
JPN,1990,GDP,49894251847.158806,123611167,403.638708848682
JPN,1991,GDP,51467834565.77201,124101000,414.72538146970624
JPN,1992,GDP,51905045227.60832,124567000,416.6837543459209
JPN,1993,GDP,51294991677.02698,124938000,410.56357294839825
JPN,1994,GDP,51591305917.90175,125265000,411.8573098463398
JPN,1995,GDP,52505991714.55649,125570246,418.14039063486814
JPN,1996,GDP,53991345715.6334,125864000,428.96575443044395
JPN,1997,GDP,53854740184.09258,126166000,426.85620677593477
JPN,1998,GDP,52464156016.33682,126486000,414.782315958579
JPN,1999,GDP,51755911823.52736,126686000,408.5369482304861
JPN,2000,GDP,53021228875.64476,126925843,417.7339115694883
JPN,2001,GDP,53003231559.99019,127291000,416.3941799498015
JPN,2002,GDP,52783925842.69204,127435000,414.2027374166598
JPN,2003,GDP,52705507664.7029,127619000,412.9910723693408
JPN,2004,GDP,53149740462.827896,127687000,416.25020920554084
JPN,2005,GDP,53577531010.087234,127767994,419.33452449826547
JPN,2006,GDP,53758218016.600334,127900515,420.3127564935945
JPN,2007,GDP,54132888564.5806,128032743,422.80503640057606
JPN,2008,GDP,52296967767.562454,128083960,408.30223993357527
JPN,2009,GDP,49625869629.02951,128031514,387.6066765017674
JPN,2010,GDP,51075695033.40969,128057352,398.8501576497513
JPN,2011,GDP,50311928219.72459,127834233,393.5716360086784
JPN,2012,GDP,50759471044.41031,127592657,397.82439082219526
JPN,2013,GDP,51508549288.22846,127413888,404.2616554345195
JPN,2014,GDP,51456389496.040565,127237150,404.4132511301972
JPN,2015,GDP,53046263313.48454,127094745,417.37574054288825
JPN,2016,GDP,53801300739.00359,127041812,423.49286342833017
JPN,2017,GDP,54423088211.099236,126918546,428.80327522109525
JPN,2018,GDP,54274806711.81133,126748506,428.20865053676715
JPN,2019,GDP,54276367235.636505,126555078,428.87545955000326
JPN,1970,GNI,24233068784.675426,104665171,231.52944339693886
JPN,1971,GNI,25084965185.138382,106100000,236.42757007670482
JPN,1972,GNI,27428765037.25619,107595000,254.92601921331095
JPN,1973,GNI,29928656315.46738,109104000,274.31309865327927
JPN,1974,GNI,28926955201.548023,110573000,261.6095719709877
JPN,1975,GNI,28627244699.402397,111939643,255.73821688356105
JPN,1976,GNI,29393318308.248665,113094000,259.9016597542634
JPN,1977,GNI,30299314713.755047,114165000,265.39933178955937
JPN,1978,GNI,32049272665.791622,115190000,278.2296437693517
JPN,1979,GNI,33517971884.425373,116155000,288.5624543448442
JPN,1980,GNI,33663010964.993793,117060396,287.569597534881
JPN,1981,GNI,34435967238.727425,117902000,292.072799772077
JPN,1982,GNI,35261736162.870636,118728000,296.9959585175412
JPN,1983,GNI,36027686509.91796,119536000,301.3961192437254
JPN,1984,GNI,37476050533.0164,120305000,311.50866990579283
JPN,1985,GNI,39514504458.41545,121048923,326.43416793072544
JPN,1986,GNI,41094458062.652534,121660000,337.78117756577785
JPN,1987,GNI,42773267237.481995,122239000,349.9150617845532
JPN,1988,GNI,45694477739.38155,122745000,372.27160160806187
JPN,1989,GNI,48156306003.29309,123205000,390.86324421324696
JPN,1990,GNI,50425001785.64918,123611167,407.93241427491074
JPN,1991,GNI,51779098597.195015,124101000,417.23353234216495
JPN,1992,GNI,52221930753.44881,124567000,419.22765060930107
JPN,1993,GNI,51903787162.83709,124938000,415.43635373414884
JPN,1994,GNI,52011413888.436,125265000,415.21106365254457
JPN,1995,GNI,52944677292.14021,125570246,421.63393780514065
JPN,1996,GNI,54629630788.50995,125864000,434.0369826837694
JPN,1997,GNI,54548101553.53701,126166000,432.3518345159315
JPN,1998,GNI,53103957144.43793,126486000,419.8405921954835
JPN,1999,GNI,52384193689.63663,126686000,413.49631127067414
JPN,2000,GNI,53777017916.36611,126925843,423.6884833324772
JPN,2001,GNI,53815374173.35603,127291000,422.77438446831303
JPN,2002,GNI,53542831819.96077,127435000,420.1579771645213
JPN,2003,GNI,53547027498.260574,127619000,419.5850735255767
JPN,2004,GNI,54165883572.97884,127687000,424.20828724129194
JPN,2005,GNI,54755551311.73079,127767994,428.55451977848844
JPN,2006,GNI,55181408676.415726,127900515,431.44008197633707
JPN,2007,GNI,55776752867.11396,128032743,435.6444418840106
JPN,2008,GNI,53688150098.11156,128083960,419.16372743403275
JPN,2009,GNI,50862606566.94922,128031514,397.26630559839526
JPN,2010,GNI,52424415227.30476,128057352,409.38231509975907
JPN,2011,GNI,51764657513.4678,127834233,404.93580083096987
JPN,2012,GNI,52147816532.07224,127592657,408.70546752602104
JPN,2013,GNI,53260499425.3921,127413888,418.0117274609193
JPN,2014,GNI,53335368983.80367,127237150,419.18078944556424
JPN,2015,GNI,55091872201.83676,127094745,433.4708897825536
JPN,2016,GNI,55634560882.3458,127041812,437.9232317809337
JPN,2017,GNI,56393877379.53703,126918546,444.33125935383026
JPN,2018,GNI,56305386250.86239,126748506,444.22919076349814
JPN,2019,GNI,56351090148.16923,126555078,445.2692933283106
KOR,1970,GDP,671280868.0377359,32240827,20.82083279184296
KOR,1971,GDP,728016671.4972163,32882704,22.13980551895052
KOR,1972,GDP,810366230.7373371,33505406,24.18613374621806
KOR,1973,GDP,1018760520.1363741,34103149,29.872916431745764
KOR,1974,GDP,1174960413.6914904,34692266,33.86807923389871
KOR,1975,GDP,1250571188.5649066,35280725,35.4463007368728
KOR,1976,GDP,1488445350.3948007,35848523,41.52040937348522
KOR,1977,GDP,1738922372.0110629,36411795,47.75711749478604
KOR,1978,GDP,2054382972.0876427,36969185,55.57014502991188
KOR,1979,GDP,2237778223.719787,37534236,59.61965560507978
KOR,1980,GDP,2132994313.8874025,38123775,55.949189551333845
KOR,1981,GDP,2199840893.9095116,38723248,56.809307264450325
KOR,1982,GDP,2370191554.6870995,39326352,60.26980470212695
KOR,1983,GDP,2726955123.029841,39910403,68.32692526381759
KOR,1984,GDP,3083291944.3081403,40405956,76.3078577897808
KOR,1985,GDP,3379153315.480992,40805744,82.81072673202557
KOR,1986,GDP,3852181879.3925133,41213674,93.46853860668945
KOR,1987,GDP,4426943161.23172,41621690,106.36144666955427
KOR,1988,GDP,4958905967.917713,42031247,117.98141434913204
KOR,1989,GDP,5328504513.849337,42449038,125.52709707695465
KOR,1990,GDP,5942845847.989632,42869283,138.62713421145
KOR,1991,GDP,6572885506.997132,43295704,151.81380367431217
KOR,1992,GDP,7091334390.031065,43747962,162.0951940579784
KOR,1993,GDP,7692738099.853894,44194628,174.06500400577858
KOR,1994,GDP,8558466188.058353,44641540,191.71529898068823
KOR,1995,GDP,9621017492.209799,45092991,213.3594884448849
KOR,1996,GDP,10296541564.69077,45524681,226.17493057646618
KOR,1997,GDP,10882795157.28832,45953580,236.82148718964487
KOR,1998,GDP,10055160168.981247,46286503,217.23741300960342
KOR,1999,GDP,10982297207.245708,46616677,235.58730295695912
KOR,2000,GDP,11837397938.105408,47008111,251.81607357303525
KOR,2001,GDP,12334171655.528784,47370164,260.37848751228273
KOR,2002,GDP,13321323561.29425,47644736,279.59696452708334
KOR,2003,GDP,13737534219.157053,47892330,286.8420521439874
KOR,2004,GDP,14403629753.945698,48082519,299.5606314624593
KOR,2005,GDP,14794997438.829533,48184561,307.04850540880784
KOR,2006,GDP,15204643932.331429,48438292,313.89719382201645
KOR,2007,GDP,16089198612.535044,48683638,330.48472286592556
KOR,2008,GDP,16297896439.634878,49054708,332.23918975595325
KOR,2009,GDP,16550680816.245863,49307835,335.66026203028105
KOR,2010,GDP,17668287085.309265,49554112,356.54532736474556
KOR,2011,GDP,17835474751.17377,49936638,357.1621051295798
KOR,2012,GDP,18129674632.26374,50199853,361.1499546077105
KOR,2013,GDP,18684929229.587463,50428893,370.5203132178107
KOR,2014,GDP,19243031429.55857,50746659,379.19799665153465
KOR,2015,GDP,20300988058.67594,51014947,397.9419611800428
KOR,2016,GDP,21171098087.777954,51217803,413.354280107992
KOR,2017,GDP,21913948109.65489,51361911,426.6575694517069
KOR,2018,GDP,22407357765.772,51585058,434.37690359429274
KOR,2019,GDP,22695802188.44382,51764822,438.44064968375284
KOR,1970,GNI,683367444.9486018,32240827,21.195717000330106
KOR,1971,GNI,733529249.8694781,32882704,22.30744922526682
KOR,1972,GNI,812111536.762176,33505406,24.23822402755472
KOR,1973,GNI,1019742300.2714237,34103149,29.901704979543787
KOR,1974,GNI,1179114284.5958421,34692266,33.987814015834026
KOR,1975,GNI,1240610060.3190773,35280725,35.16396163398222
KOR,1976,GNI,1481954742.0135994,35848523,41.33935286576798
KOR,1977,GNI,1734029491.5109894,36411795,47.62274124390158
KOR,1978,GNI,2060248688.9812565,36969185,55.72881006117004
KOR,1979,GNI,2233941365.0306344,37534236,59.51743269879356
KOR,1980,GNI,2113914010.3032982,38123775,55.4487064909836
KOR,1981,GNI,2170412165.99317,38723248,56.049331553829624
KOR,1982,GNI,2348708230.469717,39326352,59.723521532577365
KOR,1983,GNI,2699106436.7963924,39910403,67.62914513282145
KOR,1984,GNI,3040656686.564734,40405956,75.25268518741974
KOR,1985,GNI,3306821759.6380253,40805744,81.03814403281129
KOR,1986,GNI,3771538677.841499,41213674,91.51182876444112
KOR,1987,GNI,4374835691.499268,41621690,105.10951601194635
KOR,1988,GNI,4921600420.437604,42031247,117.09384735688674
KOR,1989,GNI,5313281410.291431,42449038,125.16847638081767
KOR,1990,GNI,5937067235.483931,42869283,138.49233810334385
KOR,1991,GNI,6566403731.846002,43295704,151.66409424468537
KOR,1992,GNI,7082218857.902896,43747962,161.8868293316817
KOR,1993,GNI,7682795230.698235,44194628,173.84002487130866
KOR,1994,GNI,8537598907.124625,44641540,191.24785809639687
KOR,1995,GNI,9586889778.134132,45092991,212.60265876207086
KOR,1996,GNI,10261630912.594713,45524681,225.4080794678103
KOR,1997,GNI,10826272780.949999,45953580,235.5914986590816
KOR,1998,GNI,9929592318.56856,46286503,214.52457357965798
KOR,1999,GNI,10865435844.164589,46616677,233.0804455273504
KOR,2000,GNI,11761016507.80335,47008111,250.19121716682787
KOR,2001,GNI,12253625842.308838,47370164,258.67813846514946
KOR,2002,GNI,13273614334.710487,47644736,278.59561095501687
KOR,2003,GNI,13691297797.805286,47892330,285.8766277983403
KOR,2004,GNI,14379575974.116316,48082519,299.0603710699166
KOR,2005,GNI,14694464205.062628,48184561,304.9620853671911
KOR,2006,GNI,15161940891.523958,48438292,313.015597071919
KOR,2007,GNI,16050017273.921303,48683638,329.679907527069
KOR,2008,GNI,16301868718.009645,49054708,332.32016625212907
KOR,2009,GNI,16526053331.783583,49307835,335.160798112178
KOR,2010,GNI,17693592081.27395,49554112,357.0559811721366
KOR,2011,GNI,17941333265.75055,49936638,359.28196178826755
KOR,2012,GNI,18311344400.622807,50199853,364.7688848934041
KOR,2013,GNI,18798704824.026165,50428893,372.7764720916274
KOR,2014,GNI,19331869643.15848,50746659,380.9486185712932
KOR,2015,GNI,20361468530.70169,51014947,399.12750533097073
KOR,2016,GNI,21244599885.90833,51217803,414.7893631030665
KOR,2017,GNI,21998722400.977825,51361911,428.3080978232649
KOR,2018,GNI,22492366131.363384,51585058,436.0248297358391
KOR,2019,GNI,22880538926.750706,51764822,442.00941957746335
MEX,1970,GDP,5043393550.491619,51560567,97.81493579175766
MEX,1971,GDP,5274187038.250149,53133584,99.26277584154964
MEX,1972,GDP,5792045393.30041,54758696,105.77398324643104
MEX,1973,GDP,6322193676.362376,56414565,112.06669193252445
MEX,1974,GDP,6651109148.23908,58097331,114.4821807431925
MEX,1975,GDP,7074853374.351853,59792538,118.32334955160881
MEX,1976,GDP,7612570046.04513,61476071,123.82980763434166
MEX,1977,GDP,7956035285.433923,63139218,126.0078210888504
MEX,1978,GDP,8561519353.593803,64788304,132.1460637956166
MEX,1979,GDP,9506510532.652893,66431403,143.10266084027901
MEX,1980,GDP,10489129465.485357,68072118,154.0884840028829
MEX,1981,GDP,11239111078.997528,69715468,161.2140232494391
MEX,1982,GDP,11308550943.748259,71369508,158.45073422319598
MEX,1983,GDP,10221926273.830156,73034559,139.96012865402741
MEX,1984,GDP,10184411622.394154,74707346,136.3240988696634
MEX,1985,GDP,10381732470.449936,76375259,135.9305697470687
MEX,1986,GDP,9315111739.99128,78028665,119.38063710293235
MEX,1987,GDP,9808513537.566645,79665004,123.12198638145608
MEX,1988,GDP,9250589003.858553,81282371,113.80806059235837
MEX,1989,GDP,10162667922.85724,82889981,122.6042978928568
MEX,1990,GDP,10802419776.207445,84502988,127.83476693401002
MEX,1991,GDP,11312518840.425812,86127477,131.34622346392212
MEX,1992,GDP,11611686051.93735,87753131,132.3221851985811
MEX,1993,GDP,11810301293.349398,89364560,132.15866886548088
MEX,1994,GDP,12482331545.693535,90953505,137.23859839918796
MEX,1995,GDP,11960264345.537277,92506744,129.2907287444608
MEX,1996,GDP,12236520480.162142,94005638,130.16794248194074
MEX,1997,GDP,12749780203.666489,95438019,133.59225534287847
MEX,1998,GDP,13326530821.980118,96799183,137.6719349168486
MEX,1999,GDP,13654717673.034813,98085415,139.2125187321154
MEX,2000,GDP,14905624373.524857,99368858,150.0029755149733
MEX,2001,GDP,14824690017.373741,100739263,147.15900807586553
MEX,2002,GDP,15216272231.41718,102167274,148.93489505668106
MEX,2003,GDP,16015849247.730066,103587899,154.61119882091697
MEX,2004,GDP,17130182939.582075,104970581,163.190322244497
MEX,2005,GDP,17811273864.972946,106370948,167.44491047473738
MEX,2006,GDP,19113424421.935257,107885646,177.16373892719017
MEX,2007,GDP,19916099877.4864,109538665,181.817989816531
MEX,2008,GDP,20330669776.67009,111275915,182.70503348968273
MEX,2009,GDP,19041054216.993923,113030218,168.4598557263149
MEX,2010,GDP,20029145211.284252,114756059,174.53671192458998
MEX,2011,GDP,21172230463.224968,116446180,181.81987990696618
MEX,2012,GDP,22015225157.560772,118060514,186.47407513032488
MEX,2013,GDP,21753118112.691883,119597654,181.885826227761
MEX,2014,GDP,22372738439.93162,121048604,184.82442341864282
MEX,2015,GDP,23090237546.37443,122368490,188.69430803938522
MEX,2016,GDP,24243631286.920937,123587407,196.16587058033298
MEX,2017,GDP,24819952070.267853,124777172,198.91420579934166
MEX,2018,GDP,25383032640.846268,125995825,201.45931534514153
MEX,2019,GDP,25450005935.249107,127215666,200.05402428384178
MEX,1970,GNI,5000913241.202502,51560567,96.99104436152733
MEX,1971,GNI,5227067661.148027,53133584,98.37596615255669
MEX,1972,GNI,5741079208.81608,54758696,104.84324186273683
MEX,1973,GNI,6257099202.968581,56414565,110.91283258088724
MEX,1974,GNI,6568268269.175501,58097331,113.05628255410737
MEX,1975,GNI,6989435083.381884,59792538,116.89477177539919
MEX,1976,GNI,7483815708.842334,61476071,121.73542627410808
MEX,1977,GNI,7804633426.71092,63139218,123.60991589586872
MEX,1978,GNI,8405151708.700822,64788304,129.73254723106845
MEX,1979,GNI,9307252238.642574,66431403,140.10320147299274
MEX,1980,GNI,10245425516.626043,68072118,150.5083992924393
MEX,1981,GNI,10902850353.21622,69715468,156.39069299823421
MEX,1982,GNI,10725314750.935255,71369508,150.27867014209002
MEX,1983,GNI,9673861771.772131,73034559,132.45594831033526
MEX,1984,GNI,9680305077.843235,74707346,129.57634819262935
MEX,1985,GNI,9973627067.634102,76375259,130.58714560475798
MEX,1986,GNI,8864976724.986326,78028665,113.61179542141758
MEX,1987,GNI,9413030660.125351,79665004,118.15766255563548
MEX,1988,GNI,8955899765.22807,81282371,110.1825605607404
MEX,1989,GNI,9860058809.440893,82889981,118.95356580478519
MEX,1990,GNI,10528681858.810375,84502988,124.59537950078612
MEX,1991,GNI,11086509632.667818,86127477,128.72209913530637
MEX,1992,GNI,11390023205.81547,87753131,129.7962030074513
MEX,1993,GNI,11556658882.385984,89364560,129.32038027587205
MEX,1994,GNI,12198970199.812698,90953505,134.12314566450956
MEX,1995,GNI,11495829852.623926,92506744,124.2701813461722
MEX,1996,GNI,11816152233.419636,94005638,125.69620806594213
MEX,1997,GNI,12442886935.085838,95438019,130.3766262697242
MEX,1998,GNI,13001956635.894657,96799183,134.31886750422942
MEX,1999,GNI,13399071309.826443,98085415,136.60615403244654
MEX,2000,GNI,14652064759.702457,99368858,147.45127452005593
MEX,2001,GNI,14613466555.588808,100739263,145.0622738384418
MEX,2002,GNI,15047589826.301517,102167274,147.28385359779216
MEX,2003,GNI,15837343127.580694,103587899,152.8879654908407
MEX,2004,GNI,16976894168.254906,104970581,161.73002003537454
MEX,2005,GNI,17551312450.034676,106370948,165.00099679505232
MEX,2006,GNI,18826969326.67991,107885646,174.5085655480054
MEX,2007,GNI,19598410060.232693,109538665,178.91773704045684
MEX,2008,GNI,20057374520.322952,111275915,180.24901902916685
MEX,2009,GNI,18751016379.467533,113030218,165.89383539424415
MEX,2010,GNI,19808335178.133865,114756059,172.6125430826608
MEX,2011,GNI,20855408391.608517,116446180,179.09912022539956
MEX,2012,GNI,21553049312.999115,118060514,182.5593382813759
MEX,2013,GNI,21122993964.11602,119597654,176.61712632018703
MEX,2014,GNI,21840626390.993355,121048604,180.42856893247074
MEX,2015,GNI,22512994258.246227,122368490,183.97705371902708
MEX,2016,GNI,23609903369.836815,123587407,191.03809961670945
MEX,2017,GNI,24191229304.782425,124777172,193.87544145320447
MEX,2018,GNI,24726818286.986385,125995825,196.25109234362634
MEX,2019,GNI,24734144626.553944,127215666,194.4268768482802
NZL,1970,GDP,585652424.5833733,2828020,207.08920891060646
NZL,1971,GDP,627053802.0318965,2875305,218.082534559602
NZL,1972,GDP,673380189.571826,2929135,229.89045898254125
NZL,1973,GDP,727664588.9597983,2992335,243.1761781217004
NZL,1974,GDP,719619958.1442415,3058435,235.29025731926342
NZL,1975,GDP,706764899.383151,3117765,226.6895995635178
NZL,1976,GDP,741297876.4990919,3153535,235.06885970794423
NZL,1977,GDP,726019304.8572886,3164830,229.40230750381176
NZL,1978,GDP,735014179.0216197,3165705,232.18025021965713
NZL,1979,GDP,754562405.2768562,3164620,238.43697040303613
NZL,1980,GDP,749621758.7158387,3170245,236.45546597056023
NZL,1981,GDP,791148102.7882779,3185460,248.36227822301265
NZL,1982,GDP,770476461.492553,3210645,239.97560038327282
NZL,1983,GDP,800227375.2112929,3245770,246.54469516056062
NZL,1984,GDP,851439103.0000188,3278850,259.6761373652405
NZL,1985,GDP,851835153.4089147,3298050,258.28448732096683
NZL,1986,GDP,903741216.0022174,3308310,273.17307507525516
NZL,1987,GDP,878822521.8984734,3327785,264.0863282629357
NZL,1988,GDP,888323299.19654,3343680,265.6723428068894
NZL,1989,GDP,889118550.736723,3357535,264.81289122428296
NZL,1990,GDP,859638600.8865105,3390085,253.5743501671818
NZL,1991,GDP,836074184.5374802,3495100,239.21323697103952
NZL,1992,GDP,853477301.2113928,3531700,241.66189121708888
NZL,1993,GDP,909740723.1449128,3572200,254.67239324363496
NZL,1994,GDP,957828946.2342975,3620000,264.59363155643575
NZL,1995,GDP,980592377.781456,3673400,266.9440784508782
NZL,1996,GDP,1007152139.6838591,3732000,269.86927644262033
NZL,1997,GDP,1031895715.1447606,3781300,272.8944318474494
NZL,1998,GDP,1038556660.41229,3815000,272.2297930307444
NZL,1999,GDP,1102064558.704177,3835100,287.36266556391666
NZL,2000,GDP,1136667964.3707955,3857700,294.64913403603066
NZL,2001,GDP,1189598820.9911985,3880500,306.5581293625045
NZL,2002,GDP,1216812442.4023647,3948500,308.17080977646316
NZL,2003,GDP,1278294309.6940174,4027200,317.4151543737628
NZL,2004,GDP,1336648918.9354157,4087500,327.0089098312944
NZL,2005,GDP,1367572410.2095838,4133900,330.8189385833193
NZL,2006,GDP,1396667999.6270552,4184600,333.7638005130849
NZL,2007,GDP,1480597480.9316883,4223800,350.5368343509845
NZL,2008,GDP,1448383113.8861854,4259800,340.0119991281716
NZL,2009,GDP,1455208363.1120574,4302600,338.21604683495036
NZL,2010,GDP,1488811144.8604462,4350700,342.20036887407684
NZL,2011,GDP,1497027846.7308738,4384000,341.47533000248035
NZL,2012,GDP,1513448874.2010572,4408100,343.3336072686775
NZL,2013,GDP,1599346376.4746022,4442100,360.04285731401865
NZL,2014,GDP,1647667934.0013695,4516500,364.81079021396425
NZL,2015,GDP,1728392538.9069388,4609400,374.97126283397813
NZL,2016,GDP,1824965076.6140184,4714100,387.1290546687636
NZL,2017,GDP,1918803520.5831738,4813600,398.6213064199713
NZL,2018,GDP,1987890394.3358898,4900600,405.6422467322144
NZL,2019,GDP,2067713121.8648822,4970300,416.0137460243611
NZL,1970,GNI,578158797.2777077,2828020,204.4394301588064
NZL,1971,GNI,619270839.0568373,2875305,215.37570416245836
NZL,1972,GNI,662268501.1840318,2929135,226.09695394170356
NZL,1973,GNI,716420060.1755984,2992335,239.41840073908784
NZL,1974,GNI,709701012.7986807,3058435,232.04711324539534
NZL,1975,GNI,691005699.5227579,3117765,221.63495309067807
NZL,1976,GNI,718004895.2152611,3153535,227.68255155413246
NZL,1977,GNI,704620821.6911638,3164830,222.64097019149963
NZL,1978,GNI,710870170.9386235,3165705,224.553510494068
NZL,1979,GNI,735290907.1344157,3164620,232.3472982962933
NZL,1980,GNI,730443432.6421443,3170245,230.40598838327773
NZL,1981,GNI,769845544.8070332,3185460,241.67484281925786
NZL,1982,GNI,746627865.6094266,3210645,232.54762379815477
NZL,1983,GNI,767024002.1538758,3245770,236.3149582853609
NZL,1984,GNI,805333408.75417,3278850,245.61459315130912
NZL,1985,GNI,801001517.372594,3298050,242.87124736513817
NZL,1986,GNI,857407481.4661013,3308310,259.1678172438802
NZL,1987,GNI,831060479.2804539,3327785,249.73382573707553
NZL,1988,GNI,848444664.7625315,3343680,253.7457725507619
NZL,1989,GNI,849031380.6263981,3357535,252.87342667355608
NZL,1990,GNI,823796578.4477594,3390085,243.00174728591153
NZL,1991,GNI,779822826.6995887,3495100,223.1188883578692
NZL,1992,GNI,798258802.3942345,3531700,226.02678664502494
NZL,1993,GNI,844223677.7872541,3572200,236.33158215868488
NZL,1994,GNI,892857173.6470984,3620000,246.64562807930895
NZL,1995,GNI,918981041.4107026,3673400,250.17178673999635
NZL,1996,GNI,932145875.9674972,3732000,249.7711350395223
NZL,1997,GNI,970050513.0343231,3781300,256.5388921890152
NZL,1998,GNI,990994578.7900106,3815000,259.76266809698836
NZL,1999,GNI,1036121582.00068,3835100,270.1680743659044
NZL,2000,GNI,1072088548.545431,3857700,277.90874058258316
NZL,2001,GNI,1129418901.9644954,3880500,291.04983944452914
NZL,2002,GNI,1155509816.1853127,3948500,292.64526179189886
NZL,2003,GNI,1217556409.6518023,4027200,302.3332364053939
NZL,2004,GNI,1261348794.8758926,4087500,308.58686113171683
NZL,2005,GNI,1279213332.2998238,4133900,309.4446726577382
NZL,2006,GNI,1302881330.918753,4184600,311.35146272493256
NZL,2007,GNI,1374989737.9323618,4223800,325.53381739958377
NZL,2008,GNI,1343524589.1451306,4259800,315.3961662860065
NZL,2009,GNI,1395707903.7323852,4302600,324.387092393526
NZL,2010,GNI,1414993096.0641134,4350700,325.23343279566814
NZL,2011,GNI,1429237932.0402312,4384000,326.0123020164761
NZL,2012,GNI,1450566258.3033626,4408100,329.0683646703484
NZL,2013,GNI,1536319596.8968644,4442100,345.854347470085
NZL,2014,GNI,1581345824.7520983,4516500,350.1263865276427
NZL,2015,GNI,1670613404.203208,4609400,362.4361965121725
NZL,2016,GNI,1765314544.1087344,4714100,374.47541293327134
NZL,2017,GNI,1845696555.9081013,4813600,383.4337202734131
NZL,2018,GNI,1914828048.4399898,4900600,390.733389470675
NZL,2019,GNI,2014992168.7629762,4970300,405.40654865158564
USA,1970,GDP,65522493571.69543,205052174,319.54059444254136
USA,1971,GDP,68184199481.73335,207660677,328.3442993000228
USA,1972,GDP,72499985829.99393,209896021,345.40905294242776
USA,1973,GDP,76089731236.55103,211908788,359.0683140359003
USA,1974,GDP,74277280350.47595,213853928,347.32717348299514
USA,1975,GDP,74205787676.55708,215973199,343.5879452642505
USA,1976,GDP,78025574932.01855,218035164,357.85775789825607
USA,1977,GDP,81412599281.22543,220239425,369.65497563038696
USA,1978,GDP,85442348553.77246,222584545,383.86469533979755
USA,1979,GDP,85803997822.35043,225055487,381.257080047777
USA,1980,GDP,82179823612.78566,227224681,361.6676817461817
USA,1981,GDP,83598920083.63435,229465714,364.3198743130503
USA,1982,GDP,82127960686.12613,231664458,354.51256267427146
USA,1983,GDP,86478798161.92831,233791994,369.89631972568026
USA,1984,GDP,92120921324.8888,235824902,390.63271326998705
USA,1985,GDP,95606929563.85931,237923795,401.8384523660583
USA,1986,GDP,99029904467.3654,240132887,412.396259856591
USA,1987,GDP,101277753673.37233,242288918,418.00406931270516
USA,1988,GDP,104950310104.63087,244498982,429.24640931482844
USA,1989,GDP,107863699996.52026,246819230,437.0149764932022
USA,1990,GDP,108172710804.7108,249622814,433.34464935849496
USA,1991,GDP,107171107497.43477,252980941,423.63312854241764
USA,1992,GDP,110138612289.29869,256514224,429.3664911513784
USA,1993,GDP,112530380152.03325,259918588,432.9447194135775
USA,1994,GDP,116525469192.90778,263125821,442.85075767196474
USA,1995,GDP,118828643932.42409,266278393,446.2571769104228
USA,1996,GDP,121993439079.53088,269394284,452.843457805255
USA,1997,GDP,126655118762.72542,272646925,464.5389591785252
USA,1998,GDP,131774951232.25082,275854104,477.6979907909973
USA,1999,GDP,137040459864.9085,279040168,491.1137376641362
USA,2000,GDP,141094644104.26434,282162411,500.04762719533306
USA,2001,GDP,141647057658.18176,284968955,497.06136466051805
USA,2002,GDP,144010252574.8051,287625193,500.6872001466336
USA,2003,GDP,147608072669.3825,290107933,508.8039859612612
USA,2004,GDP,153305386533.05875,292805298,523.5744967055164
USA,2005,GDP,158251055517.01523,295516599,535.5064861077913
USA,2006,GDP,162433708033.99783,298379912,544.3855350222029
USA,2007,GDP,165457605271.5147,301231207,549.2711293737727
USA,2008,GDP,162594880007.8205,304093966,534.6863081387827
USA,2009,GDP,159951334274.97736,306771529,521.402148355747
USA,2010,GDP,163575878419.05115,309327143,528.8119136025872
USA,2011,GDP,164373393643.951,311583481,527.5420671096199
USA,2012,GDP,167794832809.80368,313877662,534.5867295577208
USA,2013,GDP,171748748665.64352,316059947,543.4056111692113
USA,2014,GDP,176290248686.64395,318386329,553.6991781033537
USA,2015,GDP,182950190000,320738994,570.4020821366048
USA,2016,GDP,185706259826.03473,323071755,574.814284913377
USA,2017,GDP,189638053502.9482,325122128,583.2825180787086
USA,2018,GDP,194974694321.37173,326838199,596.5480623682292
USA,2019,GDP,199694635682.14224,328329953,608.2132740479582
USA,1970,GNI,65586898712.38556,205052174,319.8546859219623
USA,1971,GNI,68071637164.17884,207660677,327.8022500339765
USA,1972,GNI,72579167823.88382,209896021,345.786296844016
USA,1973,GNI,76435274328.54512,211908788,360.69893584849876
USA,1974,GNI,74664518972.81784,213853928,349.13793574471003
USA,1975,GNI,74190373133.24376,215973199,343.51657278199485
USA,1976,GNI,77866934219.28903,218035164,357.1301655694814
USA,1977,GNI,81445605033.76833,220239425,369.8048386830302
USA,1978,GNI,85379018873.1895,222584545,383.5801756729763
USA,1979,GNI,85377057018.29872,225055487,379.36003319172005
USA,1980,GNI,81889737282.90982,227224681,360.3910320063771
USA,1981,GNI,83474657234.47256,229465714,363.7783430882078
USA,1982,GNI,82812313487.27403,231664458,357.4666317060774
USA,1983,GNI,86008405061.1223,233791994,367.8843042894031
USA,1984,GNI,92003831210.44757,235824902,390.13620033412576
USA,1985,GNI,94974387178.42953,237923795,399.1798599985745
USA,1986,GNI,97669949981.54393,240132887,406.7329186007909
USA,1987,GNI,100732922260.51114,242288918,415.755384488989
USA,1988,GNI,105347829267.58388,244498982,430.8722613314761
USA,1989,GNI,107040838684.53847,246819230,433.68111424923603
USA,1990,GNI,107072289117.28629,249622814,428.93631155558677
USA,1991,GNI,106107389534.97276,252980941,419.4283929672503
USA,1992,GNI,108712388790.07317,256514224,423.80647394459174
USA,1993,GNI,110491429568.99193,259918588,425.1001454693649
USA,1994,GNI,114666111055.23372,263125821,435.78433549185473
USA,1995,GNI,117829968355.39018,266278393,442.5066826784935
USA,1996,GNI,121598103501.39906,269394284,451.3759597861366
USA,1997,GNI,126847754456.38002,272646925,465.24549820754453
USA,1998,GNI,132848132517.99785,275854104,481.5883852791904
USA,1999,GNI,137897320950.25354,279040168,494.18448225079027
USA,2000,GNI,142942399366.1929,282162411,506.5961793408155
USA,2001,GNI,143883736193.10068,284968955,504.910214493718
USA,2002,GNI,145689815338.22507,287625193,506.52661478866025
USA,2003,GNI,148673473515.98257,290107933,512.4764151691866
USA,2004,GNI,154620614469.05075,292805298,528.0663141178912
USA,2005,GNI,159850606172.8509,295516599,540.919213045122
USA,2006,GNI,165446535111.3009,298379912,554.4828202486397
USA,2007,GNI,166410611890.8578,301231207,552.4348341865449
USA,2008,GNI,162088695510.11566,304093966,533.0217420694091
USA,2009,GNI,159493103111.12634,306771529,519.9084270663408
USA,2010,GNI,165056194601.86606,309327143,533.5975142726678
USA,2011,GNI,167136452491.47983,311583481,536.4098634339342
USA,2012,GNI,171783048953.56696,313877662,547.2930053670623
USA,2013,GNI,174394315102.24945,316059947,551.7760689311558
USA,2014,GNI,180055699993.35214,318386329,565.5258520643082
USA,2015,GNI,186081380000,320738994,580.1645059721052
USA,2016,GNI,187468586315.04935,323071755,580.2691922574579
USA,2017,GNI,191814141750.13007,325122128,589.9756590856531
USA,2018,GNI,197116068209.2339,326838199,603.0998482194974
USA,2019,GNI,201779249169.7925,328329953,614.5624160272472
Aggregate,1970,GDP,114901495474.67151,494198253,232.50081273490764
Aggregate,1971,GDP,119446145771.21335,501618306,238.1215843650119
Aggregate,1972,GDP,127804137410.58134,508519658,251.32585417294004
Aggregate,1973,GDP,136234765281.91693,515041807,264.5120520903984
Aggregate,1974,GDP,134091333954.76582,521463640,257.14416820080845
Aggregate,1975,GDP,134366654732.70872,527881020,254.5396588282502
Aggregate,1976,GDP,140540983650.27222,533912002,263.2287401740638
Aggregate,1977,GDP,145551600081.3124,539929675,269.57510731617486
Aggregate,1978,GDP,153373319968.5721,545995070,280.9060528121108
Aggregate,1979,GDP,157347350405.21454,552201274,284.94564901205666
Aggregate,1980,GDP,154924343921.28305,558192638,277.54637624096193
Aggregate,1981,GDP,158266855770.88757,564163901,280.5334681824805
Aggregate,1982,GDP,157494413572.1651,570029373,276.2917509729189
Aggregate,1983,GDP,163012592335.77136,575814723,283.0990348535624
Aggregate,1984,GDP,171343935894.41913,581388544,294.71501917729415
Aggregate,1985,GDP,177909552801.77985,586982845,303.0915712737394
Aggregate,1986,GDP,183251289359.8334,592565333,309.25077650439164
Aggregate,1987,GDP,189893749229.26144,598152754,317.46698140131184
Aggregate,1988,GDP,198233210639.9863,603712856,328.3567819864123
Aggregate,1989,GDP,205591952483.60535,609539226,337.29076606401264
Aggregate,1990,GDP,209036301335.00543,615791235,339.4596893458632
Aggregate,1991,GDP,210048376777.83795,622863734,337.23006383582117
Aggregate,1992,GDP,214559878698.94833,629843316,340.65595878919885
Aggregate,1993,GDP,218006786214.11014,636472214,342.5236505518686
Aggregate,1994,GDP,225320253464.8469,642878436,350.48656300683086
Aggregate,1995,GDP,231558700581.53165,649226527,356.668575530235
Aggregate,1996,GDP,238348181217.561,655466565,363.6313336860455
Aggregate,1997,GDP,245336067049.54877,661742178,370.7426777465419
Aggregate,1998,GDP,250050493410.48083,667750494,374.4669538357254
Aggregate,1999,GDP,257451347855.71585,673605748,382.19885833829886
Aggregate,2000,GDP,266986900214.47714,679550064,392.88775670614484
Aggregate,2001,GDP,268852195059.88745,685452573,392.2258164167508
Aggregate,2002,GDP,273374037735.90936,690985001,395.6294815955193
Aggregate,2003,GDP,279788115701.03357,696311144,401.814789425564
Aggregate,2004,GDP,289753011518.5612,701664937,412.9506780792172
Aggregate,2005,GDP,298252225181.71643,707152960,421.76479779101317
Aggregate,2006,GDP,306151235043.2303,713126465,429.3084748204237
Aggregate,2007,GDP,313181452712.9614,719383211,435.3471806460624
Aggregate,2008,GDP,309654271031.88965,725908993,426.57450729762434
Aggregate,2009,GDP,301341224987.10876,732030910,411.65095745357087
Aggregate,2010,GDP,310151858108.2752,738009854,420.2543589726584
Aggregate,2011,GDP,312200462426.1555,743481610,419.9168590412822
Aggregate,2012,GDP,317764150032.0027,748794099,424.3678608797406
Aggregate,2013,GDP,324063045591.59546,753958564,429.8154581232338
Aggregate,2014,GDP,331162396514.1425,759319874,436.1302895571814
Aggregate,2015,GDP,341977118722.706,764493624,447.3250109443764
Aggregate,2016,GDP,349261821615.77026,769812193,453.69744048178546
Aggregate,2017,GDP,356983454264.673,774570974,460.8789462134854
Aggregate,2018,GDP,364637744371.93115,779065714,468.04491305329236
Aggregate,2019,GDP,370879290485.9541,783288334,473.49012411814385
Aggregate,1970,GNI,115431258205.54578,494198253,233.57277672437618
Aggregate,1971,GNI,119791651003.3412,501618306,238.81036551194205
Aggregate,1972,GNI,128393612663.91714,508519658,252.48505272910637
Aggregate,1973,GNI,137121631336.47359,515041807,266.23398231529114
Aggregate,1974,GNI,135024440864.91124,521463640,258.9335679567443
Aggregate,1975,GNI,135007403104.6836,527881020,255.7534709330591
Aggregate,1976,GNI,140958119928.76346,533912002,264.01002300143733
Aggregate,1977,GNI,145959353645.03308,539929675,270.33030485874497
Aggregate,1978,GNI,153687083199.65094,545995070,281.4807159332976
Aggregate,1979,GNI,157149412062.34808,552201274,284.5871957592551
Aggregate,1980,GNI,154642842627.50555,558192638,277.0420677377432
Aggregate,1981,GNI,157821032357.39914,564163901,279.7432307839192
Aggregate,1982,GNI,157661846881.07898,570029373,276.58547848389384
Aggregate,1983,GNI,161965036546.0173,575814723,281.2797764221414
Aggregate,1984,GNI,170774885489.79904,581388544,293.7362410254149
Aggregate,1985,GNI,177115972030.97836,586982845,301.7396054070002
Aggregate,1986,GNI,181629952306.83716,592565333,306.51464436384293
Aggregate,1987,GNI,189003285290.44922,598152754,315.978291542647
Aggregate,1988,GNI,198424061271.31,603712856,328.67291014142324
Aggregate,1989,GNI,204654485992.4832,609539226,335.75277400191993
Aggregate,1990,GNI,207940227458.52982,615791235,337.6797454067852
Aggregate,1991,GNI,208885532478.09833,622863734,335.3631317345221
Aggregate,1992,GNI,213260052020.60074,629843316,338.5922285799104
Aggregate,1993,GNI,216390246497.23398,636472214,339.98380720707155
Aggregate,1994,GNI,223842389614.88535,642878436,348.1877398278224
Aggregate,1995,GNI,229303755377.85587,649226527,353.19529600468076
Aggregate,1996,GNI,236855281866.91913,655466565,361.35372040970407
Aggregate,1997,GNI,244883397094.40506,661742178,370.0586198608683
Aggregate,1998,GNI,250733537196.84436,667750494,375.4898565404047
Aggregate,1999,GNI,257785616332.93182,673605748,382.6950959048702
Aggregate,2000,GNI,268607762899.6065,679550064,395.2729565184862
Aggregate,2001,GNI,271058367726.88,685452573,395.4443799671608
Aggregate,2002,GNI,275217962097.9919,690985001,398.2980262953521
Aggregate,2003,GNI,281092348963.9876,696311144,403.68785044748273
Aggregate,2004,GNI,291418854750.8955,701664937,415.3248073031409
Aggregate,2005,GNI,300256205269.64703,707152960,424.59866853933136
Aggregate,2006,GNI,309478127399.6573,713126465,433.9736955347146
Aggregate,2007,GNI,314496557067.8851,719383211,437.1752805166384
Aggregate,2008,GNI,309259055529.5461,725908993,426.03006507944735
Aggregate,2009,GNI,300895921037.0405,732030910,411.042644411068
Aggregate,2010,GNI,312030334826.67114,738009854,422.79968639371464
Aggregate,2011,GNI,315676126510.80054,743481610,424.59170780404446
Aggregate,2012,GNI,322033647938.2459,748794099,430.06969254741136
Aggregate,2013,GNI,326941463014.6457,753958564,433.6331976655493
Aggregate,2014,GNI,335434998742.40784,759319874,441.7571701045821
Aggregate,2015,GNI,345554203500.6607,764493624,452.00403594296125
Aggregate,2016,GNI,351124904111.107,769812193,456.11761843204135
Aggregate,2017,GNI,359683464942.7764,774570974,464.36476064332413
Aggregate,2018,GNI,367161319079.6617,779065714,471.28414520326544
Aggregate,2019,GNI,374020236374.21045,783288334,477.5000726286962
