iso,year,EHB_dev,ehb_crude_dev,eq_ehb_crude_dev,debt_ehb_crude_dev,fdi_ehb_crude_dev,eq_debt_ehb_crude_dev
ARG,1998,-0.12461268614952359,0.21356100189033067,0.5540886233534517,0.37886254317215995,0.425584384603662,0.29692859194078447
ARG,1999,-0.058798960736018646,0.2583931391516989,0.4818360497678911,0.4524166637685476,0.47277455964796866,0.3338923625272533
ARG,2000,-0.06921282863196687,0.24174959038980648,0.7469736009630408,0.43309700849271704,0.3561358306386979,0.3191175406949338
ARG,2001,-0.10392571494584879,0.21863598924421768,0.5811797666586016,0.3933359105444798,0.3509188862541288,0.29455289950597163
ARG,2002,-0.19387623089066874,1.1522051550325216,1.4973748908795996,1.3497702966991174,1.1333027415658283,1.2520648209498562
ARG,2003,-0.10619627702586265,0.9634375498854416,1.3400345620147989,1.1776026471387617,0.8980831177240975,1.075790021770983
ARG,2004,-0.11666838770665511,0.7673107387447532,1.1224503150818843,0.9798662312240478,0.6628283028649862,0.8853087025135404
ARG,2005,-0.11192446510511822,0.5881291466225611,0.7141599563363097,0.8072344018498289,0.49389412915667563,0.7015122115193893
ARG,2006,-0.14302432181945435,0.2517534545337456,0.4701383270281658,0.46290976353099433,0.1982967390898991,0.3799319171317437
ARG,2007,-0.13202004596338845,0.07226310670466296,0.16931793867471434,0.3330500752166575,-0.1278291606162445,0.23675912133544064
ARG,2008,-0.06931352883856312,0.05134821908402287,0.017105640587471882,0.35813736447317623,-0.28586613393478055,0.26144502064511443
ARG,2009,-0.09827848083908097,-0.00137081055231425,-0.10566933655106592,0.3921334617306447,-0.46577218421621347,0.2458763497831412
ARG,2010,-0.07276855040534647,-0.1708608322786801,-0.18057863574099864,0.2361975526611113,-0.6811342957592192,0.08959577838365074
ARG,2011,-0.137811071258774,-0.1975501798379915,-0.2066599694756346,0.24189870736508956,-0.8235601654039841,0.103239397217598
ARG,2012,-0.1728513021104513,-0.32185653706244743,-0.3983387369219873,0.15826396258287634,-1.0064713942949748,-0.0028654476408005447
ARG,2013,-0.13188850337163516,-0.3981039118017716,-0.2005931739391511,0.08121698731908444,-1.0690287782950392,-0.0855236353385338
ARG,2014,-0.11871364526936057,-0.3129064664490677,-0.14231885710320924,0.1571302826370864,-0.982947075745116,-0.005089222894433476
AUS,1998,0.005648245555572751,0.36709167464120074,1.6275427378679126,-0.47355137157120164,1.8131517128267671,-0.0929346293629072
AUS,1999,0.009221385404250215,0.41339059650758003,1.6590805879386656,-0.4414221032729726,1.7754334705781178,0.02117715235144657
AUS,2000,-0.01142947628610258,0.4190299339085438,2.0409091394466166,-0.40812381359252625,1.6085916158555942,0.06568131172416058
AUS,2001,-0.012976569690314133,0.5887103393404431,1.9984130527391943,-0.36515663894056494,1.8398700989482133,0.13559231815611117
AUS,2002,-0.015103824787777498,0.5106307655169636,2.1271515148545754,-0.3337995819474091,1.6018613006274618,0.1249818087658423
AUS,2003,-0.01514973170510725,0.5776232767771379,2.0400293661286124,-0.26724944633754877,1.678765385514377,0.18514630363257756
AUS,2004,-0.01126032763344098,0.5431627302920403,1.8824279439722833,-0.28149273482454595,1.630428038751842,0.15410988842242945
AUS,2005,-0.048868305659460654,0.5470111787005671,1.6489795392122544,-0.13815555203634378,1.4708841583818102,0.2579132415556349
AUS,2006,-0.04990990326306277,0.6102042426278099,1.6214673014848884,0.007027254796223792,1.4171872415253346,0.38820283788840027
AUS,2007,-0.06074664646459427,0.6307191933329916,1.5538183517449076,0.04577947064848198,1.2958829035037396,0.4580453027117015
AUS,2008,-0.061984348589754434,0.422590429708819,1.522294367455356,0.020118948970740513,0.9068499196470969,0.3171864146237424
AUS,2009,-0.03207484116656334,0.6310629336756133,1.5189701980174004,0.28265802882353896,1.0349558998269048,0.5508884198420502
AUS,2010,-0.035974769517504,0.6046065337444362,1.4321762202409132,0.2929709357260477,1.004073382994414,0.5244659572470041
AUS,2011,-0.06988989022447678,0.5139259064308206,1.4815710579140535,0.2620896671012991,0.7871143342154316,0.5085403396354411
AUS,2012,-0.04153571162887093,0.5219817150617395,1.476958716191812,0.28403536558707887,0.7475556267769361,0.5394666030680887
AUS,2013,-0.06852843278144494,0.49193189465474085,1.6130647055829173,0.2707707011808145,0.6734408713149154,0.5349269475714034
AUS,2014,-0.0762993556461603,0.5512542930330042,1.6116106987160106,0.32734494694813376,0.6989860420800968,0.5997360337613579
BGD,1998,0.1315926544464433,-2.9690999448841935,NA,-2.72384886650174,-2.6191451237904957,-2.9115243464141045
BGD,1999,0.15841886595924737,-2.974431325054786,NA,-2.656126876455267,-2.7811931656539115,-2.8953049503138413
BGD,2000,0.15921216340374367,-2.804743351237327,-7.681884282251597,-2.447315056525591,-3.048121380543883,-2.6742884719685853
BGD,2001,0.16022389465434506,-3.2953225659072958,-7.577879780937621,-3.0291265733439943,-3.0745974481353966,-3.238006492989216
BGD,2002,0.1664994747935038,-3.160637554928565,-3.845552395522742,-2.870749165728784,-3.3924584447507367,-3.0251691111498715
BGD,2003,NA,-3.420020673493909,-4.0384242954714935,-3.1405648506183157,-3.479507737799905,-3.3087238930014116
BGD,2004,NA,-3.508793398190221,-4.3408236943182565,-3.207884025613156,-3.662377685753558,-3.3825179634349967
BGD,2005,0.13282782232544765,-3.4910396115539135,NA,-3.1261625135000513,-3.705350371948185,-3.3566728513852473
BGD,2006,0.13324086330319784,-3.5857961468493444,NA,-3.0724742184876126,-4.856724714032137,-3.3157128411278016
BGD,2007,0.15567830951923556,-3.713817014497207,NA,-3.211274216922176,-4.384836157366685,-3.474080795058228
BGD,2008,0.1785290359444428,-3.351585747519386,NA,-2.8216238704061167,-4.7188932787772195,-3.0134613442683973
BGD,2009,0.17777406709790122,-3.599008368763738,NA,-3.0541622311026333,-4.255449004891157,-3.317089143701108
BGD,2010,0.17728684864275668,-3.360145092096313,NA,-2.714123463483533,-4.75089391271031,-2.9918261646448365
BGD,2011,0.18969536482854654,-2.9441835140847585,NA,-2.2700880780363657,-4.768994760829091,-2.524388749583462
BGD,2012,NA,-2.8551227755172652,NA,-2.1855958740321704,-4.119312866705316,-2.4618483845951076
BGD,2013,0.22011825809660435,-2.9672122894040793,-6.589822773908621,-2.2487199953088686,-4.55110229373669,-2.554648205511832
BGD,2014,0.23889997090764525,-2.9590356193071217,-5.636104668925558,-2.2692883424129384,-4.202480492332822,-2.5753900539308434
BRA,1998,NA,-1.2857136492478678,-2.1768764163338337,-1.7682724697184946,0.28845030633577595,-1.8955969780254682
BRA,1999,NA,-0.9260757065053429,-1.967256691310007,-1.3909935536096765,0.6575564097334414,-1.562533867068814
BRA,2000,0.14382980149525404,-0.9773345878949851,-1.475085549713576,-1.4983305299462237,0.493877622286123,-1.6397349667515626
BRA,2001,0.14124064755908594,-0.8352009841255204,-1.390689782639745,-1.321736477521689,0.5467557655597086,-1.4446272327132026
BRA,2002,0.14478827395106975,-0.7963858976926435,-1.3652516726202464,-1.4067759390010122,0.5588052434708777,-1.5127427012516785
BRA,2003,0.1435023156951547,-0.833651134389896,-1.5690528323963169,-1.2839590555453466,0.438394036423845,-1.4218474427434198
BRA,2004,0.13403039073924228,-0.9213122626700357,-2.0199115391001357,-1.47675637657623,0.41687787148114497,-1.6257599598447705
BRA,2005,0.12483311653157636,-1.0537170672723688,-2.4332711882650058,-1.5613452000181895,0.2180742248144969,-1.7326474209843068
BRA,2006,0.12604150929981794,-1.1576605304839789,-2.64049692994565,-1.781786875240412,0.12032390703119766,-1.9544577868657564
BRA,2007,0.1491886533386464,-1.1700606649252285,-2.541882113797581,-1.6398884354977823,-0.06809090889280256,-1.8196461890196225
BRA,2008,0.1677040032296413,-1.1405628863725488,-2.4581752360679485,-1.745683314702866,-0.12459053831913725,-1.8709398860395061
BRA,2009,0.1688248502008678,-1.2985161015860065,-2.335499332175578,-1.9264775065404263,-0.3395565006376773,-2.0625627528372363
BRA,2010,0.16406649534021678,-1.3525158374873898,-2.091873812780733,-1.8198221006648048,-0.48782638714213156,-1.9474710507687667
BRA,2011,0.17052728794919392,-1.4037857911078975,-1.9367890196323407,-1.9653224551589852,-0.5573355900935344,-2.039349957487088
BRA,2012,0.21160442406599478,-1.2649325450300486,-2.2691535747556184,-2.0131939278810584,-0.3460208889350693,-2.1368933415711258
BRA,2013,0.1971970069647998,-1.24528970155765,-2.025754044318742,-2.0409361336781995,-0.3008695850528118,-2.162969742622066
BRA,2014,0.20163027325075455,-1.1231006074431074,-1.8183887482543177,-1.8463563512713854,-0.23112367970994385,-1.9555594135973324
BGR,1998,-0.2682524482510521,0.03284037908867754,-2.6259509592700527,0.4392935705909835,-1.8054386970356608,0.25597465884649084
BGR,1999,-0.6593663750308096,0.04710775064592987,-2.8612723041696824,0.5072621173073835,-2.3996778075417677,0.27236323568701204
BGR,2000,-0.3362969206787476,0.16139691341582652,-2.1823300795262828,0.5938562344163058,-1.2629768129900243,0.37186690677438805
BGR,2002,0.16700383324512325,-0.13713182923255096,-5.929972084100753,0.27460805275728606,-1.4607244840788485,0.09177954147070966
BGR,2003,0.15608056849478413,-0.4484515413303627,-5.175976066555382,-0.0031628232178282367,-1.9548783276711847,-0.20782251866094104
BGR,2004,0.1356065457941097,-0.3360842607844684,-3.5776211288805317,0.08376202740832617,-1.3258944412747349,-0.1210519301054851
BGR,2005,0.12786586970082192,-0.5237763348091046,-3.8346705024391428,-0.079547927278943,-1.4933400647013673,-0.306651006478335
BGR,2006,0.11624561698442049,-0.37883241045865435,-2.2814842526513335,0.09282675184155864,-1.2735978007251165,-0.13447739169273065
BGR,2007,0.13621263849938559,-0.6101372597320806,-1.8646904187724371,-0.1974817870413479,-0.9391192911854551,-0.4207918575636367
BGR,2008,0.15917591525357677,-0.6007266418969334,-2.418411727457786,-0.2622402982427767,-0.7410436377667748,-0.43795646290645895
BGR,2009,0.11958370816074793,-0.6027110240007916,-1.7257450647412647,-0.1673620601405179,-0.9185723623083086,-0.38833310739005955
BGR,2010,0.0678449197794534,-0.4934905595804151,-1.177711923965198,-0.11046307857067772,-0.6553039801570184,-0.31761869166811163
BGR,2011,0.11671143398862804,-0.4716169752141761,-1.4617265635804837,-0.0657292310405575,-0.6660120719461153,-0.27359163412749155
BGR,2012,NA,-0.3774801038690103,-1.4039497454124676,0.07099345370413257,-0.6311103735325378,-0.15770328857399551
BGR,2013,NA,-0.3022245654432032,-1.2019589592089877,0.19327632332833478,-0.6218560706904219,-0.0664494659866266
BGR,2014,NA,-0.31947269184153193,-0.8708322531942976,0.1631807393694873,-0.6969141449260448,-0.07497767110032338
CAN,1998,-0.005531283988264746,1.2552498069058988,2.563617916787824,0.22339817411505858,2.774491831611619,0.7147572345042674
CAN,1999,0.004303388597245217,1.2556970473737186,2.575014672609832,0.04666675571450307,2.7356512047130015,0.7477067127877711
CAN,2000,-0.12115758339120863,1.1906429838466654,2.8197567894690883,-0.05642199948958626,2.565538972639806,0.6552870274290066
CAN,2001,-0.15513052428634122,1.1387659155797056,2.674455214580318,-0.022844247779697513,2.4127099127748957,0.6614933731107566
CAN,2002,-0.03800804770744759,0.9876547980301257,2.6803523485615637,-0.09564604643425567,2.155627939027303,0.5247433265455007
CAN,2003,-0.11574753735595888,1.0469990511800693,2.6243304140013803,-0.10895844894262341,2.228517153026357,0.5713316396871697
CAN,2004,-0.10954096624558718,1.0421620146447426,2.464975224762875,-0.14164911710009687,2.2460199413110318,0.5283598535237988
CAN,2005,-0.11006997024425458,1.0470159132373686,2.206364561687523,-0.05807248847692459,2.1538469237812534,0.588604464677603
CAN,2006,-0.13756956344034998,0.956857599232587,2.075672734970762,-0.028768935753535674,1.9136893335831053,0.6098856484468664
CAN,2007,-0.1016188646376035,0.9904320180174259,1.9397464392924268,0.09109158771415737,1.820699280269934,0.6850169206267298
CAN,2008,-0.1262253946514521,0.7960339307498974,1.9388382494760272,0.15881795508186314,1.4356463939805284,0.5726488862075332
CAN,2009,-0.08888801456435169,0.9713765886690455,1.8705983162408493,0.329631113533321,1.5715690826179494,0.7348053321861683
CAN,2010,-0.07765858567255546,0.959449067346895,1.893476769722831,0.3153894663594017,1.5280071102235033,0.7456126515033599
CAN,2011,-0.09177178393060725,0.8993647625773361,1.9826820416410695,0.36352262917387246,1.3279463756947083,0.7869077076677367
CAN,2012,-0.0776713856222554,0.9131093053858332,1.99140889894537,0.39287797342886677,1.2814817901584221,0.8358510868842037
CAN,2013,-0.11886268643522035,0.9668251816255936,2.1901921241490014,0.3439835496132859,1.3785505526613628,0.8594163730317822
CAN,2014,-0.12433087731698933,1.0226548182605315,2.195281511800757,0.4410679914037946,1.3662043351237274,0.949365780224474
CHL,1998,0.017331621476620485,-0.10028838240360693,1.3437935541103787,-0.46910769493827575,0.798919680305608,-0.2033890475579454
CHL,1999,-0.0033917370445138983,0.33321997896519273,1.7862235005943419,-0.062269094125324775,1.0720261093861283,0.28116518096749155
CHL,2000,0.015378189944690202,0.22476934991895847,1.8302300974837262,-0.21391281627421677,1.0885155416274959,0.07618847862180633
CHL,2001,0.00496605304598885,0.30712334836376454,1.8446385321919587,-0.2079030588390094,1.1602627685000553,0.14669406962026454
CHL,2002,-0.015338934895842593,0.25599843208899586,2.114203591702223,-0.39614947181423266,1.0479749085542716,0.08633499507762443
CHL,2003,-0.047278573533698576,0.5784379534910902,2.521329852760779,-0.1299669564924144,1.183471129402675,0.5029726091155015
CHL,2004,-0.05104708604026542,0.520315385395498,2.333389340250447,-0.15424472792287935,1.1085370150332807,0.44798370495911355
CHL,2005,-0.08354976942313197,0.5234946402482615,2.097895818824144,-0.2011841789655644,1.0383146931536587,0.46587143369268424
CHL,2006,-0.08668474360228007,0.41842822771427024,1.858277058184169,-0.13977359666215583,0.7540149074994922,0.4379164785020815
CHL,2007,-0.10019195525195146,0.5761686953472829,1.91884375790028,0.05042203098756959,0.7062339869487835,0.6557699469159624
CHL,2008,-0.05219217532695897,0.5247831320691042,1.8181901640251925,0.12746096372739024,0.8702329597434502,0.5017130799148746
CHL,2009,-0.08268007447437653,0.6398545736084892,2.1153529072925514,-0.08018529768373117,0.7949555153011745,0.6968538039088408
CHL,2010,-0.06279972097269948,0.6389296101726328,2.1532093383703517,-0.08082523353885906,0.7051509391094866,0.7348527312811215
CHL,2011,-0.06019891504381791,0.5829379290419083,1.995646893614469,-0.041544439035142045,0.8011891540332678,0.6093278639753293
CHL,2012,-0.02859490177248547,0.5990118266868326,1.941377503081107,-0.07931099719000834,0.8484134983789313,0.6021944325509325
CHL,2013,-0.09320731695257212,0.5514908958596172,2.0227601484734405,-0.16958993790366805,0.8029563328114808,0.5546147661195788
CHL,2014,-0.11975051062486208,0.6559415954280475,2.054647576888578,-0.03734044334380027,0.8585631995339459,0.6740603490813972
CHN,1998,NA,-0.6690485340846151,-2.3383868882621335,-0.39174591907731493,-0.5787147791714498,-0.566147192105753
CHN,1999,NA,-0.615309923669829,-2.3276778593020286,-0.28656993453183355,-0.594479396908425,-0.5097045901902713
CHN,2000,NA,-0.49292158802193753,-1.4727140291172374,-0.1537833589984967,-0.7740714213309601,-0.35802102547402637
CHN,2001,NA,-0.5657700124722955,-1.314913167066221,-0.2661847433838578,-0.7120646599812313,-0.4425341678628951
CHN,2002,NA,-0.6596018548682943,-1.6250401207374603,-0.3768001788630668,-0.8022471532996591,-0.5379798143900465
CHN,2003,0.14732960612217305,-0.7379815203251934,-2.0488595089697017,-0.4514491835089849,-0.73666642852552,-0.6380676867603938
CHN,2004,0.12817445925646465,-0.9339164907425898,-2.2498128178422565,-0.673855130943011,-0.8158494727048415,-0.8601191372687256
CHN,2005,0.10994185942623746,-0.8438881976629286,-2.5472476075349837,-0.5410803411118306,-0.8298926890443492,-0.7521603231662626
CHN,2006,0.12268894222562698,-0.7718706562540733,-2.6543997487671733,-0.3974738628717449,-0.9278403036776353,-0.6228109928673016
CHN,2007,0.14931929440450376,-0.7292966938486088,-2.1227526067830325,-0.3179784365514715,-1.023538807663678,-0.546278196111678
CHN,2008,0.16436850534108105,-0.6922937899865839,-1.9682109598033306,-0.341726832590761,-0.9230928557290059,-0.5063360381240241
CHN,2009,0.153765852729845,-0.9786708534889001,-1.279287809928296,-0.6883969802529526,-1.0181515135842838,-0.844490607440697
CHN,2010,0.15142284435853448,-0.9490429096545072,-1.2566030869548346,-0.6380676216540078,-1.0046170310693052,-0.807374735974546
CHN,2011,0.16106387269053013,-0.8937809709932274,-1.3543013603578724,-0.6104181407518423,-0.8618969333017696,-0.7773996685170239
CHN,2012,0.18666137498925517,-0.9037710428823589,-1.2389000195013384,-0.609351141435418,-0.8937491215923843,-0.7781599798249594
CHN,2013,0.17645021243539338,-0.9445624375089388,-1.1771597513123822,-0.6661091547079436,-0.8443563553277305,-0.8603097926851884
CHN,2014,0.20867686665559781,-0.8657273504855406,-1.3060989003965675,-0.6256696647758921,-0.6881399303746465,-0.8334390759758956
COL,1998,NA,-1.0202522797340348,-0.8043199858368459,-0.9137807592778107,-0.49573193797056003,-1.0021219557378591
COL,1999,NA,-0.8299601541542292,-1.0525276601667666,-0.6272017879149254,-0.44104064704210133,-0.7881430905892317
COL,2000,NA,-0.6899127444219755,-0.9091792949509889,-0.46091328374556384,-0.4657594565290881,-0.633800532918003
COL,2001,NA,-0.515707945209047,-1.1684067143920327,-0.24101333314309814,-0.5292120831634191,-0.4131142193528037
COL,2002,NA,-0.6733978642014007,-1.2857731155096284,-0.4612741551665174,-0.5139695775612338,-0.6111373507503497
COL,2003,NA,-0.6011779141110116,-0.9732344837267024,-0.416231470086287,-0.30643219270752686,-0.5697355374654358
COL,2004,NA,-0.7912659335931903,-1.357374791260816,-0.5769750797560396,-0.5870924181116628,-0.7380461374354239
COL,2005,0.11102613673133488,-0.7227157686122551,-1.6444899135806912,-0.633221950333793,-0.13437203183952962,-0.8120298878088248
COL,2006,0.10254323951461197,-0.7947475348646916,-1.570909282966034,-0.6384416702882887,-0.3530197332804512,-0.815968992564458
COL,2007,0.13180826184010552,-0.9645972892759206,-1.669027401767854,-0.7693821872618214,-0.6550324097511351,-0.9489525804232402
COL,2008,0.15184137511074114,-0.9057602355822433,-1.2718882668748548,-0.8281729212054487,-0.5510850926041488,-0.933761674326171
COL,2009,0.14422693382456453,-0.8664427584587899,-1.004992918991563,-0.757804603972057,-0.5837638026489402,-0.8731794388771164
COL,2010,0.14704667129102822,-0.9153557892377626,-0.9413997874742854,-0.8900216986382108,-0.533293122598691,-0.9838443555110254
COL,2011,0.1513691901053874,-0.7752099904628569,-0.7102395871914879,-0.8151260711488941,-0.3614896640799754,-0.8761501353795409
COL,2012,0.19590633861867424,-0.9108579106490022,-0.9454164841659694,-0.8454577153613088,-0.6024771349017182,-0.9455511494188007
COL,2013,0.1500772841739939,-0.7958724985318482,-0.36585322006351184,-0.8023547221502201,-0.47204088869565664,-0.8389830847682986
COL,2014,0.12208013297558895,-0.6978049992262426,-0.24566919432896706,-0.7163122288967609,-0.41740291490292614,-0.7274983433906941
HRV,1998,0.12009132053521465,-0.5703155633816328,-2.7265867620419093,-0.4210793226783427,0.12297564449835718,-0.5994646764006
HRV,1999,0.14646618520976928,-0.4813799606065974,-3.1761419063181697,-0.1916923521535483,-0.16558124844238975,-0.4245936938971475
HRV,2000,0.1488710528356102,-0.3457854399369984,-2.8113211808052085,-0.07220772838165268,-0.10099446445425553,-0.2939917311433149
HRV,2001,0.15287573899751317,-0.12515911059644513,-3.1716130996654277,0.1889664284343553,-0.1689899811907445,-0.01756774895707669
HRV,2002,0.15774909311966478,-0.2340755215672019,-1.809375000075498,-0.04847022771135978,0.10248095427926396,-0.2183384914097799
HRV,2003,0.12690908117881472,-0.23933905388578003,-1.5109113013933864,-0.007202308110649147,-0.003749444511393918,-0.1920155143793303
HRV,2004,0.1203990839001694,-0.25764634747100856,-1.5267740187095598,0.006961006868454689,-0.16400587966775637,-0.17839832397604916
HRV,2005,0.09050290399117233,-0.4613201047076586,-1.102244183612581,-0.22403105313453198,-0.3333492248294263,-0.39569364923791617
HRV,2006,0.11051048690326959,-0.5162554109381304,-1.2991245023364701,-0.22032029086988647,-0.48860572244710143,-0.40654321870431565
HRV,2007,0.121354216582362,-0.4018408465044193,-0.3790731742741178,-0.18199063568522655,-0.4063729388775865,-0.28332555714649543
HRV,2008,0.1455462463006708,-0.3127176110361377,-0.9342198012389038,-0.08789523468738847,-0.22685415490025296,-0.22125310683935195
HRV,2009,0.13725981641279505,-0.3725701432791544,-1.118729344699898,-0.12930116080578502,-0.20937135452224687,-0.31926728504045343
HRV,2010,0.1147548800208481,-0.4279175577480465,-0.6589668372378368,-0.15186296447582204,-0.42001451289705183,-0.30913358074797626
HRV,2011,0.12734326390843287,-0.49921322914715716,-0.6591401525995852,-0.253859241403007,-0.4558348109602639,-0.3877002538741956
HRV,2012,NA,-0.462583538326532,-0.6827300721878564,-0.17468741329302206,-0.4681106542174356,-0.33042050369435283
HRV,2013,0.12687418111691506,-0.5193804539149731,-0.3606417881004669,-0.2474618681203351,-0.5204125441198426,-0.390206693297273
HRV,2014,0.1292620255986715,-0.45552395687062763,-0.3557174399261718,-0.2425594309739143,-0.36828444550767725,-0.3764040811694285
CZE,1998,0.06818185784365227,0.13106817347093025,-1.0404063179513856,0.5068832601025406,-1.1269648693675354,0.33893381693251
CZE,1999,-0.031576454162810186,0.09618810839827963,0.0614850746830089,0.46216305519962675,-1.3426236017858515,0.30309790575302475
CZE,2000,-0.10779003412038812,0.13680972808649128,0.7138905576536363,0.47230142184299595,-1.3973110490002223,0.35081378687489895
CZE,2001,-0.13072914922648282,0.1421953660409162,0.2555006500071415,0.49397125141412546,-1.12544953568077,0.35800020899894813
CZE,2002,-0.15500878573281374,-0.1175798135612347,0.6382796049333122,0.16773701756583348,-1.2306384575069074,0.10071480446277947
CZE,2003,0.002094596866890286,-0.20370331908318584,-0.19551290693906687,0.140745676737011,-1.0263438972611865,-3.9412230945856663e-4
CZE,2004,-0.019185081652012048,-0.08355861076180227,0.06714069291675617,0.16524666466957583,-0.2673804308820933,0.04758355473621667
CZE,2005,-0.05458356471878334,-0.0693623139633055,0.1931060675699685,0.14021847396625997,-0.21159197105383631,0.05276488514696065
CZE,2006,-0.09487594890175843,-0.11132250672619026,0.2666439227457382,0.07531527782569936,-0.1880744908405969,0.021830206911537697
CZE,2007,-0.05142268766536562,-0.07266812209549667,0.22839806028575005,0.08087306240866421,-0.0520552939595631,0.039078821590266655
CZE,2008,-0.05822125910487086,-0.10922102141611367,0.21898857355375423,0.007753108467286607,-0.005983767110075977,-0.024176001239456513
CZE,2009,NA,-0.1188173500359685,-0.08788054249260879,0.027854893676485082,0.0507046594105276,-0.06843132511947636
CZE,2010,NA,-0.05706681645802825,-0.032214057104313465,0.08021055044307368,0.1474786281427265,-0.02360884740919955
CZE,2011,NA,-0.08204360730255067,-0.08951731303177457,0.09663780376390929,0.04763554853097385,-0.009779717275388622
CZE,2012,NA,0.06191259909924718,-0.06492101509002568,0.25949997792171264,0.2022440729123376,0.12639422574296155
CZE,2013,NA,0.07223802918097888,0.030032570761646227,0.265366590271638,0.2726318930207716,0.10489625952612835
CZE,2014,NA,0.016677060871650884,0.01602109109712968,0.21106137566253702,0.16623069046591032,0.06419179888135129
DNK,1998,-0.1626529922873,1.148741937139181,2.276192828695223,1.0434932473583909,1.7933568484766023,1.134295910904186
DNK,1999,-0.23699378069461918,1.1601691732373263,2.3668357666060396,0.8980489504772131,1.9479657179940648,1.0912345332035975
DNK,2000,-0.23773596230879446,1.372088034123609,2.8859842620743708,0.9990696259158433,2.2251742674322332,1.2285917136389297
DNK,2001,-0.2782917882679351,1.3479539811358807,2.6038099491739217,0.9860262277525983,2.223591340505886,1.175644721331727
DNK,2002,-0.22158842388657496,1.3093178607347595,2.39002242847921,1.090359888492279,2.072040998921137,1.1555802528134904
DNK,2003,-0.20832985318424146,1.3565939044199051,2.36882685518045,1.2102242040546054,2.002170970402138,1.2634726107783338
DNK,2004,-0.23667974851480822,1.3711277139237006,2.2826086759473805,1.2312894607092209,1.9947645344426481,1.2835582756361013
DNK,2005,NA,1.4135348116646096,2.228407704224538,1.2726544555126367,1.90888465750177,1.3637643951629952
DNK,2006,NA,1.399842998019336,2.2830945737540986,1.2779789974763451,1.7306931276164992,1.4210132292539597
DNK,2007,NA,1.4500936882501927,2.1068117146875203,1.4200712412602912,1.6378452385039148,1.5108062867629684
DNK,2008,NA,1.4534959337313875,1.9762595076421785,1.4890995747556584,1.6458735836141307,1.5030576106704898
DNK,2009,NA,1.406637024664109,1.8968277669009812,1.4582639511251423,1.5483256578551496,1.4696636401080125
DNK,2010,NA,1.4835355629867304,2.0557713131906694,1.537922596361532,1.5836992497966709,1.5652656525582866
DNK,2011,NA,1.4760299733916475,2.1242788505750525,1.5010344322355036,1.596370080351478,1.552784126690556
DNK,2012,NA,1.5306670046273285,2.2440710238650103,1.5681103800276068,1.5746331739860446,1.6414584814658872
DNK,2013,NA,1.5158733193734468,2.4453461801711582,1.5452638514281059,1.5269116902582167,1.6400276282106738
DNK,2014,NA,1.4476068672741644,2.3650106512580864,1.4611391501567317,1.4090919375481712,1.582329588671361
EGY,1998,NA,-0.6740645202129802,-1.1168570237652564,-0.32118518111612393,-1.8959636310273673,-0.4674856314158655
EGY,1999,NA,-0.8258575409381737,-1.2213165226984688,-0.4424840816495763,-2.046272613525996,-0.6260894824532166
EGY,2000,NA,-0.9142205599508708,-1.1544891999631615,-0.523959764701879,-2.282090246331824,-0.7057325498765967
EGY,2001,NA,-0.9582659741020776,-1.4281909328714004,-0.567191399793072,-2.369857604421687,-0.7367484764109058
EGY,2002,NA,-0.8555766259280382,-1.3131023932838888,-0.47369295317518234,-2.239307448210107,-0.62403841490818035
EGY,2003,NA,-0.6916716035331814,-1.4076763869412567,-0.2808067869121609,-2.0635412213291215,-0.45643338285962964
EGY,2004,NA,-0.46892287207360794,-1.0320824494407894,-0.06359854395085018,-1.8641314358830678,-0.23247422783825122
EGY,2005,NA,-0.41988656092129106,-1.324883618786366,0.019786879808916913,-1.939487007521421,-0.17341016684385369
EGY,2006,0.12351941146853174,-0.40951711918653355,-1.8003558552936045,0.10136500022716777,-2.2222795947767606,-0.11643403632481597
EGY,2007,0.14773336311866603,-0.44932109522417985,-2.005714944856765,0.10117523797396122,-2.12439695535255,-0.13600796796457848
EGY,2008,0.16785908170250818,-0.7598020123364878,-1.8305821977813959,-0.3096261809138434,-1.581904224311998,-0.4712502971614454
EGY,2009,0.16709057064945865,-0.9781040791516047,-2.3967140151793886,-0.42733656454212343,-1.8759014775441785,-0.6622513835617014
EGY,2010,0.16552988772485788,-1.009152253448393,-2.559600037075696,-0.4521722009328877,-1.7846268716158316,-0.7043717100780176
EGY,2011,0.17270968718549085,-1.1040876130500312,-2.635997201838317,-0.5739028449212267,-1.7257951042040534,-0.8040785060807596
EGY,2012,0.21442752507244933,-1.4561264391161208,-3.0691690856235505,-0.9152445909315474,-1.9851269786113646,-1.1670974396632008
EGY,2013,0.2082937092047099,-1.6292822450889528,-3.0618404307487865,-1.0934541809738938,-2.0240444616411297,-1.374189219471773
EGY,2014,0.22791390990645166,-1.7877466675724953,-3.1397578323802584,-1.2844174720213046,-2.087892224733009,-1.5641773478168872
EUR,1998,-0.15400351779973664,0.7393273724541483,1.478610047843874,0.7365679251746292,1.3719158539268865,0.7283732215827282
EUR,1999,-0.059293131098538954,0.8143846253434042,1.6173819693031066,0.7492364506016631,1.5302879962575784,0.7698496146460043
EUR,2000,-0.08600286213017827,0.9702663705160268,2.177956673109991,0.8402206804505927,1.6447467778452036,0.901324852635615
EUR,2001,-0.10935407649331252,1.0098902968583938,1.929940938449172,0.8979312651336359,1.6875106860966325,0.9297077796695794
EUR,2002,-0.15376589226057769,0.9917935205542576,1.9076483960159285,0.9228285790729381,1.562803761247306,0.9268467468012049
EUR,2003,-0.17759347427712657,1.011931678359959,1.9355044243887112,0.9317262004428253,1.5798394143913599,0.9517635534117341
EUR,2004,-0.21216352065099453,0.991105304466007,1.8395404604709351,0.9293013978306122,1.4980112228239304,0.9510089343446176
EUR,2005,-0.2733629813730313,1.0461600270342044,1.6765695682434045,0.9978774178063428,1.4792644842219953,1.0201149998558119
EUR,2006,-0.242581806339226,1.067824629236611,1.5597079805136709,1.083757153460847,1.408148009091497,1.0856200061019547
EUR,2007,-0.20791555749369106,1.0978293009030897,1.3194559501591945,1.1742313473412904,1.3598077190803934,1.1319813742342373
EUR,2008,-0.3257458412799922,1.118150396721603,1.2622268230171128,1.14307325558344,1.457964263397021,1.098058932395699
EUR,2009,-0.3305600532768995,1.0757703730713772,1.1749477894035567,1.1256041185094399,1.3808725949184537,1.056495713880275
EUR,2010,-0.4241825989167779,1.126085449246924,1.3283687624032263,1.1636008543922103,1.4239543327298367,1.1095055631010253
EUR,2011,-0.49595720875035687,1.1359776810103583,1.304977799290307,1.1375322571886999,1.4762377815456924,1.087790008774014
EUR,2012,-0.5208438222383183,1.2231300526163875,1.3777789215031204,1.1992104247466584,1.586363894309965,1.1496921740468982
EUR,2013,-0.5005586417842551,1.2103811282124495,1.5704788193319514,1.1257789776823464,1.6369383852683006,1.0911086597320618
EUR,2014,-0.637336941612849,1.1877264936595016,1.5004619399442518,1.0936028792316668,1.5939982696753763,1.0661555897913018
HKG,1998,0.018675078593382688,2.8299208334400276,2.527979423316882,2.8721350643960943,3.673997986733291,2.7487017361426576
HKG,1999,0.01147955989162941,2.8630197285115395,2.9661737360204707,2.767186164539006,3.9353263243128445,2.6694477743239373
HKG,2000,0.005001583123324105,2.8754912541450217,3.28782799132577,2.671557208289048,3.9683736653493997,2.5947516159415436
HKG,2001,-0.029661580146954414,2.8178492965661777,3.255973282342195,2.5870373437829466,3.8484089830589547,2.5512115569773712
HKG,2002,-0.032049276579346975,2.7246090981453075,3.445819236750119,2.5049652141378083,3.605746852880361,2.5016200849504093
HKG,2003,-0.04639411768971602,2.875257464975062,3.747380592158523,2.649554324814866,3.7013153755570105,2.6892828077894975
HKG,2004,-0.07511383232210078,2.912522820698713,3.7973724554291173,2.6630067216981588,3.7144530342603232,2.7348899188170543
HKG,2005,-0.07227997419205978,2.9493659902576153,3.55424376626918,2.677220299195746,3.7485927121236937,2.7472880385225116
HKG,2006,-0.05537265725305984,2.982082529876586,3.607100064767847,2.6515648507299305,3.7624626710070608,2.778978826063048
HKG,2007,-0.03360351166343256,3.176728400898097,3.7097478004201947,2.8276433804910983,3.874751618240519,2.980650681062217
HKG,2008,-0.02069615835238814,3.1028433370312034,3.63039788602817,2.919019980312186,3.6148001727917753,2.978668198841789
HKG,2009,-0.02489557485555327,3.0475837560564365,3.7739345448259676,2.8207060436058002,3.4295190815814736,2.9818026624961456
HKG,2010,-0.024885466924115196,3.1122391550052777,3.8522478973292937,2.8954631508597695,3.472147381909113,3.0581045888997824
HKG,2011,-0.010614902337330867,3.1396262470179326,3.7604007585378803,2.9866208627049913,3.4961692776287876,3.080310401184833
HKG,2012,0.02259155038327998,3.1055121492423714,3.7829317142757635,2.919897226437529,3.4409402898064245,3.0521673898891306
HKG,2013,0.009083028467611665,3.0791256190293916,3.8807141547692394,2.92876658445031,3.3954910104300056,3.04104442756961
HKG,2014,0.026043394743406667,3.1144034017956304,3.7833894316823287,2.937103427722671,3.4617199072595297,3.038362422868619
HUN,1998,NA,-0.5513436761982127,-2.36800505906676,-0.28099017662939296,-0.40482064649935445,-0.457119935021274
HUN,1999,NA,-0.5917918135358877,-2.876341436303836,-0.31517041263677914,-0.2275239306571124,-0.544779953154866
HUN,2000,NA,-0.6225193157062276,-1.414335635304436,-0.4366488929176813,-0.13184740489943714,-0.6316016843783514
HUN,2001,NA,-0.4345916038937867,-1.4519491644316238,-0.21709065679867257,-0.12114639632734558,-0.3990610076397798
HUN,2002,0.12348733581026916,-0.4014996435923055,-1.2503827819093134,-0.3440436145754848,0.24049634539186027,-0.4964700970690139
HUN,2003,0.10770197107608537,-0.258372455194783,-1.396705890962925,-0.28310434369983706,0.5909972250700766,-0.45834200586546836
HUN,2004,0.05985268235992347,-0.14832917068316764,-0.9391576551438572,-0.15860442687477483,0.6426256196453553,-0.3196824449213225
HUN,2005,0.0240571163106843,-0.14702571131915343,-0.868806384650366,-0.18069005182379816,0.6382744726596195,-0.34045842701549756
HUN,2006,-0.054271612400650926,1.0440463147968315,-0.40700638917485543,0.040986586740702435,2.453994264063714,-0.09766378282984634
HUN,2007,-0.07993075700962682,1.2608642056361474,-0.1600513227232958,0.13692041945490385,2.5924319243094747,0.021309396191064645
HUN,2008,-0.22522784503088145,1.4515273557689437,0.24653738648917978,-0.17818371648596676,2.7153337104909667,-0.17554804844195182
HUN,2009,-0.2356497139143403,1.4334607032636402,0.37516579530212457,-0.012910888383402597,2.586945701188314,-0.01339351086010665
HUN,2010,-0.27437659846165563,1.3335804167730327,0.46184436258491157,-0.00919882634682545,2.450524099343221,0.0060492672752463506
HUN,2011,-0.24329841003916186,1.3203687867627325,0.12337909883930243,-0.14571366619397152,2.4189870688820636,-0.17585632688656627
HUN,2012,-0.21211878261734018,1.4040852479938084,0.0537404963876984,-0.15450954019394714,2.489119180652522,-0.19793472091746356
HUN,2013,-0.23431292936796788,1.2831967297774503,0.001273031935729474,-0.2873651747203574,2.3848062760388116,-0.35726665157838067
HUN,2014,-0.2969576075795143,1.123587938418317,-0.05690321608812354,-0.4420166593888992,2.1968546642889186,-0.47483272953547373
IND,1998,NA,-2.2312426033906987,-2.4653493501630703,-1.9843838410013899,-2.2290733922503803,-2.115804953065548
IND,1999,NA,-2.247938488356989,-2.766006667451584,-1.943837721532122,-2.322808181467766,-2.1297383485120793
IND,2000,0.15571908194355477,-2.12084603781691,-2.458449815352558,-1.8348608302206595,-2.17116054262504,-2.0163227558975505
IND,2001,0.1552942970190464,-2.188056332438397,-2.6652551105234146,-2.0022442587923583,-1.8328876453563976,-2.1631792853884475
IND,2002,0.16411626928571044,-2.3126117477420176,-2.7330410478810157,-2.252580147091202,-1.7133297545131039,-2.3891544595716203
IND,2003,0.1545054102262723,-2.3682792760340527,-2.8205517978969765,-2.336818439007579,-1.6688849903323297,-2.4865008440525096
IND,2004,0.14053298113730828,-2.4383712345893183,-3.0010637563658307,-2.5000416919893462,-1.58553879466566,-2.646604230424039
IND,2005,0.13081672759848884,-2.358525957532127,-3.3581227653953674,-2.568876472196922,-1.3319853072412684,-2.7352356974848453
IND,2006,0.13160269549117387,-2.1260793167230823,-3.6281883589306823,-2.2790277489364983,-1.1636176630570083,-2.478466383530339
IND,2007,0.15496711570208943,-2.3492292068266947,-4.155010574521361,-3.081926800845024,-1.1167124878737487,-3.2742959399817186
IND,2008,0.1774246686240214,-1.8597795345511137,-4.085816049019048,-2.7898047695362225,-0.7114257889301223,-2.943949484420771
IND,2009,0.17680331046551523,-1.946813418653705,-4.18830970890445,-2.8585991674398206,-0.8650528788769913,-3.069068822384769
IND,2010,0.1755974419375571,-1.9287934631749792,-3.628614421153112,-2.679731007033774,-0.9114271297502172,-2.8783638819390327
IND,2011,0.18753261597536708,-1.8521092470824172,-3.5873196471144317,-2.8071602260498696,-0.8297349413966704,-2.9771250908825593
IND,2012,0.2237578249032357,-1.8566377741006808,-3.3288058603541177,-2.7621548271343412,-0.877556868394247,-2.924372049036074
IND,2013,0.2160860969331332,-1.8300394556199173,-3.106012725167345,-2.3978990502217465,-0.9350481791842602,-2.6116162691734814
IND,2014,0.23605975437659932,-1.9053767594692017,-3.2246341140212813,-2.6418644366176562,-0.9781632409903855,-2.839376707811134
IDN,1998,0.11327213644081147,-0.8318517819259934,-1.9244570904418494,-0.44798475343255384,-2.4082590846161356,-0.6145018112619705
IDN,1999,0.14874927512909264,-1.288506891887583,-2.111388790258158,-0.8742412219733173,-2.862364063835487,-1.0779208210406617
IDN,2000,0.1371146547226335,-1.3698942722060812,-1.9136497698208368,-0.9541965411535485,-3.180904082936253,-1.1485613024791719
IDN,2001,0.1332059306733555,-1.339323978090719,-1.9609029325040748,-0.9277274897363588,-3.2451895029090596,-1.1035597300466202
IDN,2002,0.15265878048436343,-1.4618965825897918,-2.34616281481461,-1.0565440566754214,-3.1734324422497076,-1.2185983217524032
IDN,2003,0.14796252825516498,-1.5500778186706858,-2.6856895953018474,-1.1134640707655838,-3.3640966234276246,-1.2996135381344867
IDN,2004,0.13367881951463245,-1.6810530978096638,-2.5865133697324847,-1.2622433267239457,-3.1267680127363215,-1.4425190439323303
IDN,2005,0.12427552872967329,-1.4515411288435374,-2.9825053911360726,-1.0221108599172386,-2.4517976366122585,-1.2322899828006062
IDN,2006,0.12712648010234728,-1.5624467868495118,-3.351104160912236,-1.277520136473802,-1.3607170390371235,-1.4992934478228526
IDN,2007,0.15015625485930073,-1.628966444661104,-3.388383419476629,-1.2784840434701614,-1.6137698917501853,-1.5157432640799537
IDN,2008,0.16975440830772048,-1.8827141554838192,-3.2209075877518045,-1.6570668461285534,-1.722240095257408,-1.8199410768958773
IDN,2009,0.16912661757284064,-1.7940637658064988,-3.089544950631227,-1.5440889538240183,-1.5809836214609885,-1.7645255524350354
IDN,2010,0.17119726402936208,-1.9766351126866877,-3.200363014736717,-1.7470859096643556,-1.7088418265898346,-1.976297072962606
IDN,2011,0.18375634045212896,-2.016148879242202,-3.104984946089749,-1.7748779037562565,-1.8164057228879489,-1.9796545000782046
IDN,2012,0.21911098423164188,-1.8577124057717318,-2.9473623006987992,-1.621123999350693,-1.6284565512132483,-1.8424021441783103
IDN,2013,0.20636958562250163,-1.717937533367049,-2.518838792416838,-1.5751927401008652,-1.3285261749746857,-1.808079598044181
IDN,2014,0.22518280108335842,-1.722212223094647,-2.400228029614614,-1.5538083379997079,-1.4045442475887124,-1.7770679913694227
IRN,1998,0.1315926544464433,-2.132372459244779,NA,-1.7281988311435985,-3.6755231061963434,-1.9158743110559635
IRN,1999,0.15841886595924737,-2.5954545066531267,NA,-2.1719957983966127,-3.464735720899658,-2.411173872255187
IRN,2000,0.15947124601991458,-2.7388522939149595,NA,-2.3116561342403648,-3.8909893279654937,-2.539097240560528
IRN,2001,0.16096289773703787,-3.1650361333847945,NA,-2.7822605160795337,-3.7477848512436904,-2.992170518806022
IRN,2002,0.16824215300947842,-1.7318642130464532,NA,-1.3237066799886734,-2.975925727135994,-1.5066903352685797
IRN,2003,0.15762593020503468,-1.8719995913218725,NA,-1.4050159793413182,-4.2298504031942326,-1.610200313654507
IRN,2004,0.14325079381328576,-1.0567793220978543,NA,-0.5798855412649411,-4.016688605629732,-0.787359536188833
IRN,2005,0.13282782232544765,-1.1671775380918068,NA,-0.6713797884146915,-3.3434494675852844,-0.9018901262998875
IRN,2006,0.13324086330319784,-1.5120772236835522,NA,-0.9691354075648095,-3.5606654885316527,-1.2123740302049983
IRN,2007,0.15567830951923556,-1.7096728196579272,NA,-1.123744258195797,-3.6595891462028813,-1.386550836331849
IRN,2008,0.1785290359444428,-1.847815382885306,NA,-1.3018379257626598,-3.4921969187688977,-1.4936753996249403
IRN,2009,0.17777406709790122,-1.7275498534327502,NA,-1.0739218400677322,-3.6356366027461036,-1.336848752666207
IRN,2010,0.17728684864275668,-1.4836745409932026,NA,-0.7944034967233238,-3.816991907933998,-1.0721061978846271
IRN,2011,0.18969536482854654,-1.5492220529724232,NA,-0.8853650212131403,-3.1831826983612803,-1.1396656927602367
IRN,2012,0.22678120940681012,-1.7110378419464018,NA,-1.0720190019317546,-2.6903592715396223,-1.3482715124946922
IRN,2013,0.22037347753581338,-1.2540967575720285,NA,-0.531185412677635,-2.866518048162436,-0.8397401322805422
IRN,2014,0.23953690179490772,-1.498948894265185,NA,-0.7915018878349542,-2.8564773334145217,-1.1051863940029265
ISR,1998,0.09690872429758302,-0.16801063321849652,-0.7181602618499476,0.0326027617134681,0.18883267429496264,-0.11183774045960293
ISR,1999,0.12248378591366893,-0.10667201509825786,-0.8054173163834721,0.13577469143491339,0.23960225228867094,-0.055964887776474015
ISR,2000,0.08884361092892401,-0.037347181760684744,-0.04036631273106517,0.14382795697200956,0.32826715134929385,-0.013140965495709533
ISR,2001,0.1110126540150087,0.042786073070580355,-0.3871173171529927,0.2542649699563295,0.2889342002287423,0.0943743960705381
ISR,2002,0.10339549628424405,0.1584857530799274,-0.19374256234085685,0.36490448273735154,0.299950846995801,0.2249137531220904
ISR,2003,0.08762038780445791,0.2340556217548787,0.1809872630652829,0.42053861024858885,0.45284123166316936,0.28567813470865333
ISR,2004,0.06789988281279047,0.36198657337513385,0.2998621425307775,0.5162197205115023,0.6641135243691902,0.38893066598133064
ISR,2005,0.041115819279748944,0.49027543213432867,0.4364113231392288,0.6266545017923821,0.7860551261033009,0.5100097425972371
ISR,2006,0.03398392419075036,0.6028192200852857,0.5710719121051508,0.7017894694379285,0.99965967864457,0.5995466906765416
ISR,2007,0.06759562144142628,0.5734054586907998,0.43282425167936767,0.687459623608359,0.9105406085193686,0.577750348677878
ISR,2008,0.008247360863910314,0.47251181293908906,0.5602602176442555,0.4833668564984295,0.848786986765987,0.43268597380258333
ISR,2009,0.0034474433782696323,0.39587639864478896,0.7984826420060291,0.4029501426855604,0.6505621763975395,0.40419349346946776
ISR,2010,-7.035861292746803e-4,0.41561581023243643,0.9616273852175434,0.3568157302020374,0.6981432508496612,0.4077650030082929
ISR,2011,-0.06118233058172484,0.40030793458381614,1.0136506129421559,0.3272578964135908,0.6716305578545292,0.39604758312749366
ISR,2012,-0.05855851537136403,0.38019199624972183,1.1026842734750688,0.30547220241118556,0.5735985830600145,0.41614690803612187
ISR,2013,-0.08172680608507055,0.3249414158972033,1.2889044053507976,0.2473660190692153,0.461575836313844,0.3913315667772427
ISR,2014,-0.11734603618858896,0.32133071759391557,1.2044555997307467,0.28714465044855286,0.3819198195484521,0.41309521304773567
JPN,1998,0.04090366576447657,0.749185806887908,0.992542614326053,0.982058109425607,0.5882114501373548,0.884766034607887
JPN,1999,0.0839047404945853,0.5276055328206484,0.8456625736434145,0.7790496491071328,0.28542985090512385,0.6648230874118731
JPN,2000,0.06655217842254457,0.40341871792689854,1.0106835541567345,0.6411659362024266,0.16475841308921613,0.5333050145231796
JPN,2001,0.052031252817040574,0.47442004034882024,0.8812027672595928,0.7017669008135239,0.29665575336645933,0.6021028996329193
JPN,2002,0.057962663063799935,0.4948563196028113,1.010640546673701,0.726533859499044,0.1895712614582905,0.6407130174589474
JPN,2003,0.053181355123646634,0.5056461742563314,1.0003767228170792,0.7516724952921354,0.17697177119090135,0.6586698233128347
JPN,2004,0.026811268236052843,0.49219755374428825,1.0345007216695188,0.7256451052908093,0.11931028805757382,0.6502182886757358
JPN,2005,0.025006896162293235,0.5425536481394138,0.8568933732695005,0.792572599896722,0.12317629089261617,0.7066505699852833
JPN,2006,-4.973661693683518e-4,0.525465930253524,0.847811024943248,0.7980058223419251,0.08052861509778841,0.7214481444478709
JPN,2007,-0.0026711676637539705,0.609642183771636,0.7433909124722522,0.9282660756445122,0.09506695780823371,0.8287608685558653
JPN,2008,0.03321923252439474,0.7473080710471385,0.8430783776609769,1.0746603062943372,0.24962025454712355,0.988410803778613
JPN,2009,-0.01759982733406862,0.5742304281404893,0.7415132533200097,0.9500038917331186,0.012520035949375341,0.8400271586742131
JPN,2010,-0.01752018836309499,0.6510305989583949,0.779690301966169,1.0584625298429753,0.04048088539958594,0.9298798584005684
JPN,2011,-0.0241869361539111,0.7200739973305611,0.8677827795013999,1.1320529876977317,0.12452159888829728,1.015252114308003
JPN,2012,0.010120151565475521,0.6474185480942716,0.7362859116638196,1.0803897115012908,0.07845798389087699,0.9446810838814783
JPN,2013,-0.061570619766880386,0.7534439939199455,1.4880571257331605,1.067501246853431,0.27919817957513193,1.0270993944496385
JPN,2014,-0.048812009339930684,0.7572399849778679,1.439235109530472,1.0422668419621632,0.3374356766403399,1.0123667096860671
KAZ,1998,0.1315926544464433,-1.412674966731228,NA,-0.9846333532840934,-5.575232704178498,-1.1723088331964584
KAZ,1999,NA,-0.8509998684898665,NA,-0.3774352842843345,-5.401736542953108,-0.6166133581429087
KAZ,2000,NA,-0.8937548682332892,-4.651573424304764,-0.4714906978928697,-1.9695955873571651,-0.6975898839791488
KAZ,2001,NA,-0.7489930106951213,-3.4466577614040235,-0.3066398072916867,-2.6957477908653016,-0.5123426598993326
KAZ,2002,-0.04385691600335462,-0.3898310826646203,-0.3806925319694816,-0.07589746505369321,-1.0551754338155264,-0.20380069377279586
KAZ,2003,-0.06781193667953567,-0.2134818196251922,-0.07074410930881614,0.10893651394910031,-0.8964993090042364,-0.021742833761886127
KAZ,2004,-0.08428008907423301,-0.13327709593618742,-0.061188873874121086,0.21122312380621877,-1.092335628918434,0.0797248109748443
KAZ,2005,6.878774610125094e-4,0.07941626405902502,-0.3042268036317628,0.47370509339873956,-1.0698053130778753,0.3080526501850164
KAZ,2006,0.05148635771199983,0.11069961743852197,-0.1625945096685375,0.5279536815925189,-0.9499725053738786,0.36768306657116545
KAZ,2007,0.019771950755631096,0.16556513830902087,-0.24196765706586687,0.5783407143312959,-0.5058007935357138,0.40534313842302117
KAZ,2008,0.025635761018882985,0.3022445754480052,-0.23993842344464422,0.720221275371289,-0.44030538389351204,0.5807329875237238
KAZ,2009,0.019727414109320218,0.2814264209640839,-0.33792009085982855,0.7154287872955881,-0.14627174792296027,0.5210962417946228
KAZ,2010,-0.006051684645849487,0.17536089596011728,-0.4415027227313746,0.5816262724975426,-0.0795024859542719,0.37753850469098515
KAZ,2011,-0.02044091813347837,0.22647956465680907,-0.4988123445121859,0.6129056661324721,0.047004311212013095,0.4198530352205305
KAZ,2012,-0.032588800496468395,0.2071175013694379,-0.4371883765514264,0.6594344959616083,-0.1352252017406117,0.4518686871742912
KAZ,2013,-0.10961203505121131,0.13198437611169478,-0.08965365967799332,0.608668342840172,-0.29933425297381944,0.39584102291779555
KAZ,2014,-0.13000502496467126,0.15589963911952803,-0.09060863855128032,0.615808243825871,-0.24143501043798277,0.40545741587476336
KOR,1998,0.1233796593625538,-0.3050453865671239,-2.2484918391348665,-0.1217965083466035,0.2638323510508074,-0.2983729523099117
KOR,1999,0.15360528802492712,-0.7509649314687092,-2.4506644886787226,-0.557666100149756,-0.09032583583871867,-0.7782632436757415
KOR,2000,0.1516224331552387,-0.9064640042732561,-2.4077945649119075,-0.7444075260126326,-0.28869863383898675,-0.9553511425322623
KOR,2001,0.15395256566455207,-0.9974522233496392,-2.358592678637657,-0.8667388045894391,-0.37855212972896,-1.0549730079111699
KOR,2002,0.1580806910734195,-1.1228320387053365,-1.8939115396517208,-0.999237595454427,-0.6487490619042284,-1.151311019525229
KOR,2003,0.1417947939137938,-1.0622224674951242,-1.5608230729890713,-0.9202743995322382,-0.6148460415490824,-1.0778236430295491
KOR,2004,0.11112372392040681,-0.9828158572895401,-0.8831872452404319,-0.8861286067035359,-0.555402580454694,-0.9946999402456431
KOR,2005,0.10391073241766935,-0.9376778659355108,-0.918899015810295,-0.8307319158618591,-0.5850751087551829,-0.9358771470121978
KOR,2006,0.07118988239764634,-0.8725540588881869,-0.3453368690126837,-0.7948274908223936,-0.7077060894434464,-0.7986571639905662
KOR,2007,0.03981643567429527,-0.660332518191208,0.3664635679221675,-0.8451067741838205,-0.573630827415156,-0.5674480790708996
KOR,2008,0.05676520070436952,-0.5286945930326835,0.2748734185179891,-0.6827993487042097,-0.16258865738431272,-0.5629042804434223
KOR,2009,0.06954039554703018,-0.4556390189976167,0.31868435583288024,-0.6543718641867267,-0.1307010698768536,-0.48637840795028997
KOR,2010,0.08139561419934993,-0.5043503558609257,0.24023755999045449,-0.7126166750122174,-0.1557237740395616,-0.5513734562184889
KOR,2011,0.0979667291926618,-0.39508847650283885,0.2006613754949349,-0.5333104684524321,-0.043251347403742146,-0.45115676375039215
KOR,2012,0.11814665615038855,-0.3444163331810236,0.34701121470047935,-0.5230033747814229,-0.02242765094015664,-0.38838687031697927
KOR,2013,0.09246957213014706,-0.31057258353560346,0.5076091639347156,-0.47653508926014054,0.012369132719534548,-0.35308041337436613
KOR,2014,0.09473650245161103,-0.2750756035905403,0.46245586614396217,-0.3886031288985021,-0.024499197864749744,-0.285720563016574
MYS,1998,0.11688362259801732,0.015124745286825947,-0.06333458356808519,-0.5560687569248739,1.5940456584309675,-0.6011905103925901
MYS,1999,0.14590556363227003,0.08186187780009224,-0.28062388549500783,-0.22175779340944546,1.4873695102769775,-0.3499327755617776
MYS,2000,0.14608161189552027,0.023557746263302537,-0.2604879867226515,-0.17375487688944657,1.205717391195432,-0.32378213855494686
MYS,2001,0.14858459753168218,0.054249200692885746,-0.4906929259574202,-0.08971204320613446,1.1186938888659321,-0.23643085540780828
MYS,2002,0.15258686929605392,-0.015412767544090489,-0.12507064498213172,-0.23131947845229606,0.9964360762948066,-0.33234205265469563
MYS,2003,0.14994219183013502,-0.09954745986061564,-0.9060705947935754,-0.3651658561748232,1.0279775518823704,-0.517852865068996
MYS,2004,0.13646497154951742,-0.10881053302449029,-1.254633477901418,-0.2872056562951515,0.9323772008092397,-0.4560413334744611
MYS,2005,0.1215187582797781,-0.2261012963559227,-1.1465037242806586,-0.4873811687400662,0.8436596248778765,-0.6451423643064353
MYS,2006,0.10496517703795372,7.000442031886989e-4,-0.38459155846962956,-0.355820862744773,1.0504569897619884,-0.4440483675029274
MYS,2007,0.10919709857451443,0.25765244046318253,0.03686701398310799,-0.08591653218420814,1.171501747621078,-0.13256842009062364
MYS,2008,0.11108114785318002,0.2883248678043022,0.3720183877626897,-0.2204516991219465,1.1551143763447507,-0.18604779890846856
MYS,2009,0.10242537137283114,0.3780389674679702,0.5753944371965711,-0.10390756589979588,1.1311510734324084,-0.029249274501239153
MYS,2010,0.1091146317144649,0.39591778190142496,0.5837981408211093,-0.04915665859627083,1.1233179681338255,0.009755875640598877
MYS,2011,0.11491747441683653,0.4252703490124378,0.6727890432922026,-1.5011708194245799e-4,1.1003833654588733,0.06494320755253624
MYS,2012,0.14815831212379804,0.4305232989779869,0.6748790021273843,0.09001410452073366,1.0300502136131353,0.13733829216599336
MYS,2013,0.1316969655612913,0.40254087566366503,0.8604201508683444,0.061120500391526944,0.9963951010542236,0.12354754676596569
MYS,2014,0.13198329050178026,0.4115118639297527,0.8384965028526663,0.09830007475621105,0.9528332909130001,0.16477609080763556
MEX,1998,0.07927742952214223,-1.0196460192275532,-1.156240606883968,-0.9441327728277356,-0.2948574299984297,-1.0588209990059234
MEX,1999,0.12372336268970241,-1.1813205930933177,-1.596196216338543,-1.0329832127478447,-0.5373322918860914,-1.203664809280599
MEX,2000,0.12410001661799408,-1.1629648572098814,-1.6081359101698505,-0.9345253827239308,-0.88573098221852,-1.1181822961175607
MEX,2001,0.06136836486696429,-0.9770048004486558,-0.7767851285933078,-1.0435984244867484,-0.1309506845206836,-1.1337762143752057
MEX,2002,0.06376024221706322,-1.0264854770438872,-0.7647603957100939,-1.1352234416789586,-0.20540877597879614,-1.212727672712462
MEX,2003,0.032701534706123914,-0.904334082781522,-0.596223069545776,-1.0679152827453369,-0.007093022011166905,-1.1347543254267451
MEX,2004,0.03554254296120829,-0.8821252608909452,-0.6135828610616976,-1.0519341959512365,0.001911762464283484,-1.1104035097927
MEX,2005,0.0402733030578859,-0.8543380496230345,-0.8913251146644914,-1.017563168798773,0.003317024671023905,-1.09492309841811
MEX,2006,0.054326774873179606,-0.9111749009127729,-1.0709410572021074,-1.1075979368517,-0.03558394113009067,-1.1861630820639741
MEX,2007,0.08603788657415634,-0.8909111128972363,-1.2830821351905164,-1.0054611283598072,-0.1515397971643675,-1.1184013004082713
MEX,2008,0.0703771465117553,-0.8555553753413417,-1.3182645654063232,-0.8091849379346359,-0.4364934857103595,-0.9200159753986421
MEX,2009,0.11530499689271279,-0.8250863921732992,-1.2482281394344383,-1.0228228768268823,-0.15291674011807666,-1.1351812281319638
MEX,2010,0.10868968384260957,-0.748720774651533,-1.019104748521829,-1.0232742209469108,-0.04319916343888397,-1.1075486004411181
MEX,2011,0.12525695076121646,-0.7972233599545984,-1.0538156292055798,-1.0776439435282459,-0.1260932408328419,-1.152446069770051
MEX,2012,0.14994479948506312,-0.7184803487010247,-0.8070852683950323,-1.1091441548044798,-0.026055371509715153,-1.132346996384839
MEX,2013,0.12559676264176867,-0.774766425071755,-0.6112309775564633,-1.027477608688679,-0.16764195259662484,-1.0688913666116657
MEX,2014,0.1275795090114903,-0.7514084552308459,-0.6463793018504624,-1.008129108648585,-0.16623382176681334,-1.0466160201370251
NGA,1998,0.1315926544464433,-0.8363863907513243,NA,-0.4395354501530926,-2.1326435846569547,-0.6272109300654576
NGA,1999,0.15841886595924737,-1.7822356407580495,NA,-1.3626942143382264,-2.5799664577392067,-1.6018722881968006
NGA,2000,NA,-1.8025641486092412,NA,-1.3794927971740696,-2.867545006332396,-1.6069339034942325
NGA,2001,NA,-1.6857659920999413,NA,-1.2585895731099852,-2.9882381050629045,-1.4684995758364736
NGA,2002,-0.234445781943726,-1.8624533424077057,-1.1539037249967556,-1.5511214269671565,-3.372244159310385,-1.625914856333918
NGA,2003,NA,-1.7795854265851005,-1.166777416205608,-1.4428124949170817,-3.464305898065614,-1.5328791845904939
NGA,2004,0.06477964090849175,-2.0645690700793478,-1.4487358135834478,-1.7411104629606136,-3.716746852548013,-1.8185613199502597
NGA,2005,0.01166780318156213,-1.9887919385116302,-1.2041839644643622,-1.7133099504331086,-4.024997535101237,-1.7265270941126831
NGA,2006,0.008361330696984304,-2.1249716724377063,-1.3349043891181909,-1.8450857545812567,-3.8246324454840206,-1.835681730960337
NGA,2007,0.0882695809912315,-2.0816120382441814,-1.3754019949260106,-1.815995468698234,-3.298228612656473,-1.7924461729291108
NGA,2008,-0.008474690785647665,-1.6645881852065303,-0.48104025249056725,-1.4554438649279984,-2.9656912670236024,-1.3310403806586253
NGA,2009,-0.11020021447354489,-1.7632998946135496,-0.7774930917953125,-1.5467807125056616,-2.677150715322285,-1.4455026382093776
NGA,2010,0.16885894579018146,-1.7960079723117615,-4.2604455713162075,-1.4161041605452471,-1.7767789203508408,-1.6815201406227591
NGA,2011,0.1785895266922709,-1.6855943737793413,-4.192048738488378,-1.2452927933934923,-1.8735593694162518,-1.4895627218951848
NGA,2012,0.2188785557872629,-1.787810852942424,-4.441354792208155,-1.298095206182064,-2.050994508609597,-1.565205669823354
NGA,2013,0.2150377944550964,-1.8696561233829485,-4.544405983701774,-1.3368984434956557,-2.1766454971690328,-1.6373155820195593
NGA,2014,0.23281834174384863,-1.9593243977894286,-4.76032322315514,-1.4029268821489218,-2.3598864100184533,-1.7089571003259554
NOR,1998,-0.2913257510870991,0.9089444439642929,2.1582017584606508,0.6888665534108762,1.7131425441867156,0.842543910113881
NOR,1999,-0.2573258045004204,1.0096036306955758,2.103448151540457,0.7703401378919204,1.858535444264635,0.917966272700514
NOR,2000,-0.30724313043938856,1.1459022617684436,2.5897929362150487,0.969098743566265,1.727618638031705,1.1089901260059156
NOR,2001,-0.2765358916845325,1.2409032650567007,2.4052646855557196,1.0995747243696112,1.8228020879369513,1.1967509113132966
NOR,2002,-0.36350017213515196,1.3888169962172576,2.735627080736379,1.278482829857252,1.8032521664559518,1.3805063883720088
NOR,2003,-0.35247062035092735,1.4396649887020594,2.7017973450178507,1.3768606461968858,1.736602122372929,1.4704957887126715
NOR,2004,-0.35344516905580514,1.42414333619596,2.6498529838458795,1.3675961848983422,1.6274114922434377,1.4775911521132683
NOR,2005,-0.3553264071891561,1.426691175918101,2.4265728880667705,1.3682545472154706,1.5695149959840684,1.4886372882934993
NOR,2006,-0.35997879219276707,1.4942936853088211,2.361831222374297,1.5386012484266,1.420241031317787,1.6268771819772696
NOR,2007,-0.37275173116200533,1.5504988317469486,2.3374566674009216,1.5851040641320566,1.437704533288334,1.6958326709500255
NOR,2008,-0.48565940232798654,1.497238822126378,2.5763158997829394,1.5299249251158686,1.3021322308125844,1.6743629619701856
NOR,2009,-0.5237933603541641,1.6303266628646802,2.8347506622116967,1.5433124564772611,1.3550457719408704,1.8346282153783042
NOR,2010,-0.4857967507306291,1.6434143353575092,2.8638553768312263,1.56509527331217,1.3189312417463988,1.8633385500008122
NOR,2011,-0.5512435148098858,1.60985337692737,2.879553419155811,1.5610622459849237,1.274407394707811,1.8476933242572602
NOR,2012,-0.541929652532705,1.6238596177540305,2.930399604478687,1.5228856499467385,1.2669432843479576,1.8724502193796528
NOR,2013,-0.5689504841938313,1.6332741670115831,3.1090563976440357,1.5390855994716157,1.1499701060442362,1.908932199966304
NOR,2014,-0.5842763818616168,1.6356593376344475,3.0692825972022457,1.555466208761856,1.004963436317653,1.9362062219738556
PAK,1998,0.10089706403248311,-2.0172265901618838,-2.4693349950187398,-1.712234515777441,-2.4295708684281134,-1.8569423667646452
PAK,1999,0.11941375991880243,-1.8975545528850606,-2.226653120364927,-1.573587938573943,-2.245866513597989,-1.7499748702689277
PAK,2000,0.12447541281015084,-1.8683066618859323,-2.1061257292257825,-1.5407562097783136,-2.2787408698475766,-1.7195278234423568
PAK,2001,0.12168795471219629,-1.8482354050062955,-2.3826603751877755,-1.5351798540707693,-2.152469575209356,-1.7041987737025184
PAK,2002,NA,-1.9090414495182717,-2.4663460257767618,-1.613158191502328,-2.208749993045552,-1.763943158042397
PAK,2003,NA,-1.9880560893413741,-2.512796079909681,-1.6495965470807972,-2.4693907337979044,-1.8164744965147337
PAK,2004,0.13837832131907757,-2.1463864288131997,-2.7638870070246107,-1.8161862803470983,-2.5520339366806963,-1.9842671348075502
PAK,2005,0.12282618759395636,-2.1959237535991774,-2.456246934533021,-1.90065787602578,-2.4790316307678792,-2.0507943064993723
PAK,2006,0.12614222259298824,-2.408193708563347,-3.220955959632648,-2.0467868360309356,-2.6820908104738113,-2.2380635206066524
PAK,2007,0.15088874656905682,-2.577094568110264,-3.543817814184393,-2.204830069586071,-2.7742674113216568,-2.4132070460905064
PAK,2008,0.17356008307005022,-2.4310774205505092,-4.235460835051853,-2.033705189275239,-2.820998398512066,-2.210134227833321
PAK,2009,0.17387113062818493,-2.4785431455429716,-4.423718041772289,-2.064657964446878,-2.629526182931687,-2.308527606635067
PAK,2010,0.1738629701221195,-2.517595596542373,-4.474382207209707,-2.009059076569591,-2.969685063088863,-2.2688631444244423
PAK,2011,0.18582849425980252,-2.5090550218177574,-4.485432612624752,-1.9818353883665694,-3.0697386241838016,-2.2205553671416616
PAK,2012,NA,-2.559125732491375,-4.422382186459033,-1.9928322435240917,-3.186537501715781,-2.250508833987915
PAK,2013,NA,-2.695393384494615,-4.178237278516443,-2.124319776750565,-3.2372621031247535,-2.4073064521415883
PAK,2014,NA,-2.7874315759224744,-4.308179633224679,-2.232973999846405,-3.2621137301779877,-2.5193391481890077
PHL,1998,0.0957414816707256,-0.4061177379321317,-0.23485735237541006,-0.1455942466367901,-0.7584951996002509,-0.25112429217343535
PHL,1999,0.11980224527155403,-0.5191465858280713,-0.44002938307902495,-0.24958041638363548,-0.679445767937199,-0.39079372770813237
PHL,2000,0.10674557848946309,-0.6987789003627596,-0.2307415544471043,-0.4154724996645227,-1.1872396040998967,-0.5425323150180981
PHL,2001,0.1088429037856451,-0.6311520177548839,-0.5030581596920483,-0.34720142721971503,-1.0231820173616475,-0.47705315219588096
PHL,2002,0.12075307505853983,-0.6778739249705379,-0.629792326754405,-0.3956700613176034,-1.0793856874415297,-0.5196565033351934
PHL,2003,0.10282401329867874,-0.6933145928927029,-0.5322501253569052,-0.41893944260773686,-0.9892483668538561,-0.5447040253584463
PHL,2004,0.09199608577157037,-0.7088939697015201,-0.6504752100791276,-0.4444082109926817,-0.9371606569931026,-0.5709005551114879
PHL,2005,0.09237689222659706,-0.6197119047956264,-1.0349202319895285,-0.2830694395147204,-1.1081482269276641,-0.4470638355249108
PHL,2006,0.10313418645810701,-0.7053652345260223,-1.3121268539879107,-0.34929372267954917,-1.0192584711977535,-0.5287250414710531
PHL,2007,0.1321172752566946,-0.7708416056249233,-1.5950769036026995,-0.4348340225052463,-0.8523235831922737,-0.6328963767122768
PHL,2008,0.15512949817070465,-0.858490907411794,-1.819442179230459,-0.6579475529874248,-0.6712055147722356,-0.8067802672129822
PHL,2009,0.16020020074672348,-0.9215842804592504,-2.0148950331773934,-0.6811011963676177,-0.7090444452346614,-0.8917791248397833
PHL,2010,0.1668473531064555,-0.9688425140885637,-2.091114552945146,-0.8746887474767782,-0.5101287533299403,-1.0913289596564515
PHL,2011,0.18059327705302797,-0.9955109367470614,-2.1066169401192414,-0.9194491771837137,-0.5557578101826823,-1.1168287054459385
PHL,2012,0.21911002404892566,-1.0851133925116645,-2.2345576299045717,-1.14156342880744,-0.5114775489394372,-1.3488879548041306
PHL,2013,0.21001037444739146,-1.0785544603460804,-2.078977865047977,-1.1349619956289063,-0.4756019620228107,-1.3678757997107893
PHL,2014,0.22957057157325023,-0.8990237913060591,-2.0906105096502703,-0.9001574107898418,-0.3547300670347606,-1.1489063582367516
POL,1998,0.13101196692599992,-1.6677136236341155,-5.8967838282127545,-1.3632466385362327,-1.6831714605103016,-1.5499170371199205
POL,1999,0.15728159233841188,-1.492445374040219,-5.0700994367152745,-1.1153742934219586,-1.7646854422840748,-1.3521689817464366
POL,2000,0.1576616164170983,-1.2360835365576683,-4.253755979174271,-0.837637744299329,-1.940313919010348,-1.0622002695474118
POL,2001,0.15601336589973558,-1.0775145434428306,-3.6417037331664597,-0.6736701078926319,-2.014705140536924,-0.8785854186465709
POL,2002,0.16042110445945323,-1.2277834667522876,-2.964403467699359,-0.8560484642844117,-2.035760092624734,-1.0297484612676626
POL,2003,0.1501272497026307,-1.1241584812148226,-3.059349718818526,-0.8734989393325188,-0.922150422986654,-1.0683331326632928
POL,2004,0.1303215580657956,-0.7754316442649188,-2.2116254889524196,-0.49443365833234587,-0.7417772940896188,-0.6834657266656874
POL,2005,0.11098059620027778,-0.8239716508152374,-1.880849584973757,-0.5794086162456338,-0.6460891142290524,-0.7709889360132527
POL,2006,0.09351573390074719,-0.7708129531985092,-1.148045324911097,-0.630073243394478,-0.3704391507432061,-0.7754579140092723
POL,2007,0.09253147587181432,-0.7827197464626473,-0.7539679384811007,-0.7254249658015857,-0.3962045899604716,-0.799755064545514
POL,2008,0.12503620803156135,-1.0158018627834395,-1.439065293728023,-1.023766576903069,-0.522890282665768,-1.12697630149388
POL,2009,0.11377969287427636,-0.9636720073028149,-0.9908090635051217,-1.0812163841269449,-0.4275525973948302,-1.1429662141854346
POL,2010,0.11217962926822345,-0.7642734956152917,-0.8573174023835199,-1.0565482066746745,-0.07500261007119469,-1.1036423302138605
POL,2011,0.12982486492541778,-0.7850120682441399,-1.1920388268316322,-1.0523449694154747,-0.10456686551989836,-1.1522461293990247
POL,2012,0.16458920386811815,-0.6949887911406023,-1.0327342436416633,-0.9161585212980297,-0.0698665883684928,-1.0189172220282054
POL,2013,0.1544244466060326,-0.7755080473265672,-0.8539735469132905,-0.9560012478266373,-0.17440419454676204,-1.062714585811682
POL,2014,0.15152861181850508,-0.8818120206394707,-0.9091287761087701,-1.042813841397225,-0.33760220267562,-1.1316054908233886
ROU,2001,0.16096289773703787,-0.7564639277289558,NA,-0.30647294291249594,-2.8798806571393487,-0.5163829456389843
ROU,2002,0.1589776269068479,-1.018424340441439,-3.8237127415082632,-0.6092794383667584,-2.3493892700184866,-0.7891820084715919
ROU,2003,0.1539756302607479,-1.2734214435657583,-4.870048809173049,-0.8287568036999178,-2.7927113751007977,-1.0323154591351171
ROU,2004,0.1403370838724305,-1.371805140365069,-4.211484132233489,-0.9321044943101382,-2.7593327905711584,-1.1356833640294293
ROU,2005,0.12125865337513764,-1.4742104884731133,-3.011660838464807,-1.0508770905607403,-2.388904949769587,-1.2610640452980835
ROU,2006,0.10880083493577375,-1.5483732820690994,-2.279180941568386,-1.158327661172243,-2.034884914213685,-1.3468352722754997
ROU,2007,0.12427497733889425,-1.7819921578986682,-2.429168048417933,-1.3952762978763604,-2.1553612975887004,-1.5849305966220661
ROU,2008,0.12222847703664619,-1.7478497210407582,-2.217356951626448,-1.3767509835135359,-2.228400921197071,-1.5097831473495438
ROU,2009,0.12781237710327187,-1.5439547123190576,-2.7748763086662187,-1.01930488214294,-2.294683650159109,-1.2476563560249643
ROU,2010,0.11795984331404674,-1.4467176363891754,-2.468032796766627,-0.9049981446747757,-2.241994309217227,-1.1391418200741374
ROU,2011,0.11869077695585706,-1.489273074026923,-2.2200296501864103,-0.9507677727836557,-2.341419269594355,-1.1525177708410883
ROU,2012,NA,-1.465840702930257,-2.0587240862156246,-0.8802094725049188,-2.5295820761519,-1.0930083645556132
ROU,2013,0.1674654569141234,-1.3360411133970114,-2.1150509549645844,-0.8132870299218526,-1.783870348179175,-1.0683543952301222
ROU,2014,0.18870288461351437,-1.3529150332719997,-2.4362998837938523,-0.8545538654243585,-1.6725564405566133,-1.123872046246548
RUS,1998,NA,0.7489778018265589,-3.0169896034351242,1.1009139299063453,0.26987200836029546,0.9147610863643171
RUS,1999,NA,1.0523122979239703,-2.8244463037121457,1.441160041955517,0.661344416586346,1.2037290711510331
RUS,2000,NA,0.840856317067584,-2.849264273670019,1.2178511057812071,0.4073288932515742,0.9919122866553942
RUS,2001,NA,0.6778548652908762,-3.1496978365850294,0.9287849633668486,0.9620773897658532,0.7205230238877328
RUS,2002,NA,0.5673327693589151,-3.639252150528618,0.7306380821923197,1.0131093006553946,0.548625726992331
RUS,2003,NA,0.38527887844318787,-3.603679630321911,0.4475161963537705,1.1307001735148094,0.2439415328382739
RUS,2004,NA,0.08811059077699968,-3.896329926430078,0.10503543391362835,0.9088567052793497,-0.10054446611012824
RUS,2005,NA,-0.00797311264586742,-3.3617048841407886,-0.044153615740907926,0.8790525440228185,-0.2693912356953123
RUS,2006,NA,-0.1316903923741024,-3.824466319327561,-0.3022997949152664,0.8859012701201356,-0.5404545893235229
RUS,2007,NA,-0.16053461114546996,-3.0016311381599974,-0.4686334323674237,0.8816571698674955,-0.7146325822525565
RUS,2008,NA,-0.2848648660321088,-3.03134319677593,-0.12163762695277658,0.05665343435323145,-0.30585441376823375
RUS,2009,0.17344693296249136,-0.06311324022715936,-3.3191067994560104,0.0040726400044373,0.4837595708271867,-0.2515444722800215
RUS,2010,0.17176799608981497,-0.20766802308080223,-3.0972657907084535,-0.2447099019079788,0.44920494149638013,-0.5102257875872567
RUS,2011,0.18229561202719946,-0.283884625376045,-3.0113982040626373,-0.24483434332079157,0.24953529324569268,-0.4871355673742197
RUS,2012,0.21847699436463208,-0.31807821513143075,-3.082427951303236,-0.24512037983857793,0.18469077443467907,-0.5089789526315356
RUS,2013,0.21478598380438196,-0.2944546278606891,-3.6046971424844494,-0.21133979725821717,0.2425080411149627,-0.5131324285345389
RUS,2014,0.22364425572597013,-0.29551797629953536,-3.282153342696282,-0.15927381131479446,0.1647605401054837,-0.46329076919908885
SAU,1998,NA,1.4256050367612139,3.345876560729308,1.2500937462003459,0.30244866300952067,1.6284114629221846
SAU,1999,NA,1.3087508251155433,3.1250087547382743,1.0635997873843372,0.13752587807170258,1.5066752496069666
SAU,2000,NA,1.1115675253730726,3.132163709880353,0.9606699744166869,0.10545726143471823,1.304190396336496
SAU,2001,NA,1.102826578591184,2.8613620022301043,1.051938973999949,0.04101974279034204,1.308816681744436
SAU,2002,NA,0.9950327547095776,2.7502350807653606,1.0099146417909983,0.22579387835955256,1.1899886315485741
SAU,2003,NA,1.0410851293065786,2.7295572805521577,1.046458460260602,0.20285778740446236,1.2455809703955556
SAU,2004,NA,1.0186774070495646,2.536676179856244,1.0727972363255518,1.0340569134914546e-4,1.2355496566882682
SAU,2005,NA,0.6306034562121534,2.0791276773420515,0.5794057151761208,-0.3991772821745321,0.8518347591077123
SAU,2006,NA,0.5236677205166429,1.8454220557939032,0.5455715578549021,-0.7305175568171638,0.7928115082929419
SAU,2007,NA,0.4637852209004474,1.614780617758512,0.5453478056215187,-0.9748398370969835,0.7660964475695619
SAU,2008,NA,0.2792565067630717,1.4681801005018844,0.48276399172844553,-0.9856994082940891,0.6101651450037784
SAU,2009,-0.07897179078853844,0.44450182838066593,1.5477061378339467,0.675400688264125,-0.9811303244600029,0.8092651801510535
SAU,2010,-0.10937057256285121,0.3562130126694017,1.5818101337225863,0.5249962278183815,-1.0330526812796375,0.7244244587796136
SAU,2011,-0.10159167296976401,0.21247076577210533,1.489103329542767,0.40868996443600447,-1.1407434094251683,0.602642693762932
SAU,2012,-0.07648466538476739,0.12094034472140514,1.3898306643132352,0.31148921080329517,-1.223828630142172,0.5212478755246867
SAU,2013,-0.08559518379504605,0.2285502834444812,1.6055149652932268,0.4352260628303384,-1.1693953179231602,0.6279938858242631
SAU,2014,-0.08131874440403308,0.3367837213263715,1.5834594439498042,0.544872691341111,-0.8575313215302172,0.7156687853623973
SGP,1998,-0.41588694849099783,3.1429168028711727,3.993524472334705,3.3287419491115733,2.6693783069101187,3.3082565387190037
SGP,1999,-0.3093660596182678,3.0928348274967163,4.001160738838946,3.2417094898918104,2.7653349204440554,3.238476532662697
SGP,2000,-0.34995011600699366,2.9936071503211195,4.117974744327571,3.1728336841434066,2.513869838769939,3.149050155861005
SGP,2001,-0.39882965719928243,3.0776691373082765,3.9542996995821156,3.2192576551160963,2.9761729248470226,3.1942916438144744
SGP,2002,-0.3907900599495683,3.063612034903028,3.9204434351802195,3.2047956310882553,3.021865332455121,3.1677317514176275
SGP,2003,-0.39014031203726773,3.1281097437601533,4.023409096908355,3.2489108307385437,3.1359558716989615,3.2267511783815244
SGP,2004,-0.34902446844398627,3.050015347434909,3.913250073684694,3.1471738207378688,3.0884608270976077,3.1409990495839835
SGP,2005,-0.3538346532930513,3.0468671363998854,3.639930892006362,3.1612859043725705,3.043851416718305,3.142188195945661
SGP,2006,-0.31158681911220165,2.9326229134341277,3.425807350574352,3.0533388018036165,2.9959790623129923,3.03360032714271
SGP,2007,-0.25343522978323985,2.8970000696020115,3.1785665891937773,3.0708172224830452,2.8704780935239786,3.0212604944654116
SGP,2008,-0.30384974139315524,2.9226637652074072,3.329022849150149,3.127790724049939,2.7486092762855963,3.0943896259671684
SGP,2009,-0.17705293351634321,2.786753292536339,2.999881168734904,3.040477982000056,2.6380133659971357,2.956098461371303
SGP,2010,-0.19285606881958361,2.7745530979478996,3.1290907721759025,3.010079070742888,2.6241325180994335,2.9469817541595766
SGP,2011,-0.19809849132279755,2.7379737643695217,3.1987077712334284,2.965144276955507,2.5691576056390666,2.927967518030324
SGP,2012,-0.18046660393435954,2.738695055501564,3.315009926049185,2.956384860830893,2.5254814170073514,2.946109165667406
SGP,2013,-0.2269403057090421,2.697985844966875,3.3777023368746066,2.928447021361492,2.51073107609074,2.894869995800782
SGP,2014,-0.21506305409310145,2.7003005350201703,3.2791400663404855,2.9216613888613048,2.534458453443678,2.8821486030670096
ZAF,1998,0.031189443962881924,-0.016692554496873013,1.7603401921555535,-1.4585013721898605,1.3921315004205201,-0.4401755053083516
ZAF,1999,0.01330333913037407,0.42373946804079243,2.2905467753337376,-1.0431785332374643,1.5149397512689318,0.21989046077131702
ZAF,2000,-0.03168592457762798,0.4297939628939741,2.6878501246439512,-1.0501127066850755,1.3216051484276417,0.26743540947008726
ZAF,2001,-0.022838518647472106,0.1339076297504409,2.311635682163816,-1.0266837163520923,0.7330713217741924,0.0836012694409809
ZAF,2002,0.013329887393709106,0.2979220907059992,2.504441698945536,-0.6006532892697427,0.9131324089827679,0.21463883957297347
ZAF,2003,0.006971488326644293,0.1749642344586273,2.216609787264435,-0.5666180613939822,0.6680737866332205,0.14331154792512124
ZAF,2004,0.03809430067700359,0.06343533591394168,1.920935768145193,-0.7021565954803568,0.6833467445487931,-0.02249456376337111
ZAF,2005,0.014853950170417685,0.09086999641594151,1.8253604570896893,-0.7090283687033867,0.4080470115215644,0.10400797541644047
ZAF,2006,0.031752453900605326,0.027061079450173997,1.5865321874321188,-0.7383761452127544,0.39361045648570947,0.03528316988993119
ZAF,2007,0.059536018901211185,0.030967646623040412,1.3475838917780745,-0.7048514773020482,0.42321056085494946,0.011352568062282575
ZAF,2008,0.04741564112068741,0.1029169270224618,1.7908663845732036,-0.6776403881779509,0.3934814683200516,0.10779939360941859
ZAF,2009,0.0571759971905107,0.16612849073372377,1.6869832371480418,-0.7851465971426066,0.41170927530030355,0.17920447730522804
ZAF,2010,0.03545471990953708,0.18214644612869207,1.749705945762379,-0.8039558600788657,0.34622401859508467,0.23519988260176206
ZAF,2011,0.03447778222613518,0.20529911285113212,1.7969434402772122,-0.7708096533629925,0.42934552101301304,0.22846511357574673
ZAF,2012,0.06681964862549739,0.3038831428801765,1.860767116582388,-0.7430380430187682,0.5044871602236887,0.3357860951864061
ZAF,2013,0.058750755076964256,0.3909066207411812,2.0081994702296884,-0.7308670146883249,0.6690719072548652,0.37760563708165684
ZAF,2014,0.08099354439866457,0.4431880250927266,1.8927461002154513,-0.7086616412341096,0.803379790381538,0.3576040299059371
SWE,1998,-0.14720358182383764,1.1573055914076216,2.630514305764306,0.5700690641911033,2.3003921595753982,0.9332667091740044
SWE,1999,-0.15842933946334714,1.3267593890867722,2.71702769901261,0.6158975114474244,2.4932161638673884,1.0788132605069827
SWE,2000,-0.16845428098201132,1.4098576085254428,2.970184225953018,0.7804016764378596,2.4986660431969065,1.131919198837774
SWE,2001,-0.23883887542101967,1.485490569999333,3.001754025397812,0.7233946532185435,2.567603257218362,1.1817063523929054
SWE,2002,-0.2682272658404212,1.4411384760330328,2.962601967244532,0.733609703012425,2.4949051142872274,1.0891915650782378
SWE,2003,-0.25895954438929447,1.4893201108717684,2.9501557657604423,0.8033552382576219,2.493106662100857,1.1816223767567848
SWE,2004,NA,1.5050887483710693,2.8677198189571698,0.8794529976891525,2.4486262059096635,1.2355683823614025
SWE,2005,NA,1.5200171479062867,2.665994088718576,0.9171724855688295,2.3538484246040796,1.2955856140870228
SWE,2006,NA,1.5651497131739989,2.559791980864708,1.1284947088403579,2.240882432725093,1.4287618696104563
SWE,2007,NA,1.592539596742251,2.3676737830281,1.2231967580748122,2.1749762047864176,1.4733877277726464
SWE,2008,NA,1.549651544467413,2.378269061500461,1.1971791367618836,2.121176092573531,1.3819694854541162
SWE,2009,NA,1.6606305404666306,2.4877632762984514,1.3017951057779704,2.1090560534031577,1.549586034543515
SWE,2010,NA,1.6388120397561097,2.529147228436719,1.2935827121902925,2.02941607756325,1.5646473694533705
SWE,2011,NA,1.5674772967971329,2.447362059434066,1.3062551655769639,1.9028644655985505,1.5225612120223901
SWE,2012,NA,1.5767444964173079,2.4666175664052385,1.3358753079300958,1.8482954735127881,1.5661306810594433
SWE,2013,NA,1.5668864687625705,2.6602433063254005,1.3222050992601946,1.7937962519332291,1.58450802064087
SWE,2014,NA,1.479366283697598,2.5282597295871803,1.2532517893101323,1.6388777460278274,1.521547674032341
CHE,1998,-0.2347023649641352,2.5121214101039397,3.597438044200905,2.5121715469464525,2.8650782163465114,2.569087142428959
CHE,1999,-0.25963249894691065,2.4480034727895497,3.498294471884869,2.413091613617131,2.8468565071219682,2.487682968152778
CHE,2000,-0.23662253053128013,2.5884775591552196,3.908268650606204,2.549129344532056,2.9419671308766024,2.615641369612126
CHE,2001,-0.3830652463502058,2.5310088080268027,3.6755767971809594,2.475342972918174,2.924119637782806,2.5456986498123557
CHE,2002,-0.2564756472035161,2.529476943415631,3.6488619219988845,2.5249804392262556,2.8350425911551427,2.5541265990796367
CHE,2003,-0.31914750418410853,2.4933311653428922,3.592097157887842,2.4701922060114256,2.821691162769308,2.5152007514215695
CHE,2004,-0.33525081170216586,2.4514061350924106,3.458348913273447,2.408039951563343,2.815058872972024,2.460077760926551
CHE,2005,-0.3393023734182742,2.474989039291512,3.1697314180135177,2.4542836230374916,2.8025831944047526,2.4848480391242482
CHE,2006,-0.31214480922875687,2.438772092924733,2.999559670194289,2.4271419692702283,2.795061572709892,2.4507802354854373
CHE,2007,-0.3279718239343168,2.5350479339149894,2.8614682404515372,2.611554696087523,2.7369124511175467,2.590913885087262
CHE,2008,-0.3128257974151215,2.443102151642311,2.8265736878218473,2.4718966153595137,2.7032735035883273,2.4625048315138347
CHE,2009,-0.3657310975049963,2.349610662518728,2.5997946366887428,2.3892606151322187,2.6182509710357666,2.3505044830178186
CHE,2010,-0.32026238122087425,2.3559295385115115,2.6141027217240795,2.3263256278174764,2.721587521989715,2.298119816891104
CHE,2011,-0.3422569188937359,2.271678851335394,2.5852817664916046,2.2271418261324247,2.62363546980244,2.2155284230990624
CHE,2012,-0.4087860501291001,2.2832839754049603,2.601534318935733,2.236511604863896,2.6218299120206248,2.2277337038677087
CHE,2013,-0.38506593462542915,2.2368523209146556,2.7484072011323346,2.23077725818171,2.529918664653621,2.2140701416555997
CHE,2014,-0.37388223306941804,2.150951140894369,2.6178298712777535,2.1170386061566715,2.442627269648752,2.11381017597281
TWN,1998,NA,0.48447315657663625,0.4156323482525375,0.31333974987560964,1.685552528345613,0.22432292606251503
TWN,1999,NA,0.3579672445812674,0.38145831658726603,0.14654526984420313,1.6089331379814407,0.053619720085583245
TWN,2000,NA,0.3385585944132111,0.6750396500571867,0.1435939544841569,1.4350078861985458,0.05535051930336632
TWN,2001,NA,0.5516631101095038,1.0555704701974364,0.35168033205935756,1.526785187354356,0.3215219753691695
TWN,2002,NA,0.5646811963026455,1.4010765203559257,0.34833289312549964,1.4096137912563746,0.36426722245508847
TWN,2003,NA,0.7337827793148607,1.6914464943366903,0.5730231494862691,1.4296618476755993,0.6172620871353655
TWN,2004,NA,0.7983982375930525,1.4739817551518661,0.7553785616628029,1.3508108771716538,0.7407142325255457
TWN,2005,NA,0.8912529967567843,1.2389504881737263,0.8990403426884755,1.3519354136536772,0.8549474717866831
TWN,2006,NA,0.9044897371472023,1.565356848228608,0.8665285643398912,1.247718463253338,0.9212413553150351
TWN,2007,NA,1.0043909143953824,1.7318104559389207,0.9239474813216413,1.2288254996908377,1.052311677290597
TWN,2008,NA,1.102806319239787,1.6022197596466772,1.132403117672146,1.3165987101142385,1.1431579808675503
TWN,2009,NA,1.0892648271863594,1.6365446335702218,1.1782263579704224,1.129319321591764,1.1944011651084208
TWN,2010,NA,1.1320286029639801,1.7480588679531792,1.234553976954629,1.1130190291303685,1.2607568233907487
TWN,2011,NA,1.1885972160797897,1.7593054573281754,1.3227096868786536,1.1620793064950963,1.328530210605394
TWN,2012,NA,1.226379352644536,1.832963201966733,1.3994295009766424,1.0935452523597666,1.4071570779489275
TWN,2013,NA,1.2715279376143376,1.8638388032861346,1.497642200115588,1.1549275373466739,1.4447177692049302
TWN,2014,NA,1.324237896126153,1.8352768396490564,1.5599822124047649,1.1721830068227848,1.5013686414957437
THA,1998,0.1294844831768739,-0.7054149813846744,-3.763882150437817,-0.49500094609855627,-0.21407286484228827,-0.6791210926295814
THA,1999,0.15686664665501548,-0.7401168095148418,-3.982276914811131,-0.47230341085640526,-0.3080930205263086,-0.7077656362558866
THA,2000,0.1569610878693598,-0.7085534042944013,-3.8246302149446842,-0.40972899785513195,-0.5772230000098584,-0.6342880227328105
THA,2001,0.15778210094415512,-0.6291908898752736,-3.452698397189071,-0.36669291034279183,-0.4071685013282673,-0.5721627931474242
THA,2002,0.16572096209711618,-0.8801197867515953,-3.3786303189376365,-0.6604161468643275,-0.6377876723111009,-0.8383441187906697
THA,2003,0.15306118440659855,-0.9222494465782225,-2.058686857971383,-0.7359725044618839,-0.5394544134374821,-0.9167927729504659
THA,2004,0.13548996532716384,-0.7668272221087246,-1.8869321089232365,-0.49389715756871655,-0.7278273583598662,-0.6759575391684984
THA,2005,0.12175935025327267,-0.6404416955673246,-1.899520827959484,-0.32921491602481256,-0.7199783234603205,-0.529837531949348
THA,2006,0.11607329959035562,-0.6634251530265712,-1.7810673735942952,-0.3065195646267871,-0.8370494982200372,-0.511021185929317
THA,2007,0.1326692063810836,-0.6031079029047638,-1.556891929306866,-0.18210209233739083,-1.0614545893057072,-0.3923438663348753
THA,2008,0.15103848729971592,-0.687714659690074,-1.4903128378628767,-0.36269986821372524,-0.8848293300634964,-0.5100830112970611
THA,2009,0.15331475776241554,-0.665953600079878,-1.519327334058591,-0.30058386430564177,-0.7869175890097366,-0.5050738325762245
THA,2010,0.15487025841597635,-0.7091275870655527,-1.3551237546059536,-0.40267807088983654,-0.6719653050909613,-0.6015813206535712
THA,2011,0.16113911796185432,-0.5561463843068564,-1.0489136074445837,-0.4667929423987238,-0.1942332397465376,-0.6191999136630049
THA,2012,0.20180747073576066,-0.4698088371789777,-1.0460228649068686,-0.3927581743765436,-0.07925678047504636,-0.5639574423659492
THA,2013,0.19356729824808927,-0.4503918970999259,-1.0783434692835514,-0.33979109697989585,-0.04066704872652194,-0.5562245799816736
THA,2014,0.2038924502520102,-0.32183993214745243,-0.6582260299148253,-0.1806900212852205,-0.01957452676042637,-0.36610476136009695
TUR,1998,0.08881193065346349,-1.1064039521681894,-1.3686838394698921,-0.789856799961216,-1.7844868431493328,-0.9263905221333648
TUR,1999,0.14099418044313983,-0.9788265787894195,-1.3596475687654945,-0.6380121089572242,-1.4779596420929342,-0.8184405468893836
TUR,2000,0.13602317742475745,-1.0332424203846,-1.2568705711418744,-0.7258348766186631,-1.275282012202085,-0.9029485450423564
TUR,2001,0.13207360014418656,-0.6545484006508586,-1.2347383814782527,-0.3580761416500269,-0.8224077826747007,-0.5282480349071625
TUR,2002,0.1370714535430161,-0.8213702183665212,-1.4294544964852562,-0.5569229903560533,-0.9131348800280628,-0.7083151714893967
TUR,2003,0.13429353638916386,-0.9988923201042568,-1.60816457680033,-0.6973050862697405,-1.1876753112967515,-0.8659337094562285
TUR,2004,0.12372606677185105,-1.0796069638295784,-1.889126897713374,-0.7578237068211704,-1.371429938750734,-0.9324047335993095
TUR,2005,0.11895802867587435,-1.1657385144574421,-2.324550527423029,-0.8185590326381209,-1.4716389762357696,-1.0172275636456865
TUR,2006,0.11686795729481991,-1.0729122547675765,-2.523492206829765,-0.6323155592677125,-1.7418092048587122,-0.8498483729102884
TUR,2007,0.14526129759864492,-1.180326426262095,-2.870504468042253,-0.7070054390208109,-1.8108554093248035,-0.945581918748122
TUR,2008,0.16485765925135598,-0.9943893696612495,-2.9970353842616304,-0.5659543615786977,-1.537538475636583,-0.7455217707101298
TUR,2009,0.16853040823283483,-1.0389663470772015,-3.0153657038840302,-0.574256065457754,-1.3756435109495209,-0.8196138119536751
TUR,2010,0.16946118712455993,-1.2599086145524105,-3.102729855397488,-0.7973866960103764,-1.5284605896450512,-1.054117927338818
TUR,2011,0.17891178553420117,-1.3180864790261282,-3.08975674577306,-0.9205802449005094,-1.4121765397323085,-1.1531793749299362
TUR,2012,0.21885743793216628,-1.4070493168217786,-3.1658149812037353,-0.9979243776845024,-1.4746553277196175,-1.2501115870300505
TUR,2013,0.20413233771213857,-1.5441532991482252,-3.049615311836797,-1.1346748205012374,-1.5477969820177273,-1.413904746908139
TUR,2014,0.22411602357050697,-1.466846326202642,-3.0909107371561095,-1.0941690248811566,-1.3992961658692236,-1.3783368493638943
ARE,1998,NA,2.116402123614321,4.326348106345493,1.7233892479864776,-0.9138518102991924,2.352863967059053
ARE,1999,NA,2.0156825632047446,4.139055817684999,1.4299286994383764,-0.9215319785267835,2.244979550594764
ARE,2000,NA,1.7304311026943426,4.168611967807765,1.1918547861139206,-1.0669463510752109,1.9660152125794634
ARE,2001,NA,1.7439062505535083,3.9048554264094344,1.437740370740529,-1.0378694692365547,1.992499151348785
ARE,2002,NA,1.4740834626353756,3.8196903584852437,1.1925209824279168,-1.0106364520933306,1.733479647772887
ARE,2003,NA,1.4999063554514915,3.811708984646943,1.0822026234987643,-0.7700921241907444,1.7602722960414026
ARE,2004,NA,1.4315022798879484,3.6455446741013864,0.982215748956976,-0.514365998040204,1.6857391809240472
ARE,2005,NA,1.4002722090917707,3.302065789915398,0.9625941739778219,-0.3163015505753184,1.6537758402413216
ARE,2006,NA,1.3426538764303424,3.082010353757629,0.9743349980551282,0.03228488238599958,1.6148857950598585
ARE,2007,-0.5360607202514952,1.3346400897548434,2.847117547230451,1.046146926102427,0.2690622910995355,1.6129106310277836
ARE,2008,-0.430029285082432,1.0410553074538527,2.7153521951789386,0.8458002941605754,0.4266182010143198,1.301300579032659
ARE,2009,-0.44212913890805483,1.1887449494658906,2.7657018434019895,0.9178485182585001,0.44298796831254683,1.4843233851132362
ARE,2010,-0.4855312347915237,1.09310822599528,2.695469683762246,0.7842815652141211,0.32189403314310616,1.397279057321184
ARE,2011,-0.5337278542915158,0.9683265894973547,2.6508735969686317,0.6926921853872081,0.17058557803077257,1.2972673055466866
ARE,2012,-0.5242948699706046,1.0772031767973171,2.6479304046686325,0.9287519159916622,0.13358368529588227,1.43541692047329
ARE,2013,-0.47556284457947406,1.1343525641668448,2.9195621066615622,0.8402401256885996,0.14977570064209034,1.493137142513139
ARE,2014,-0.4577229749936692,1.2051656256182686,2.8508001287401608,1.0173044437686483,0.13499904947553998,1.5708067333502793
GBR,1998,-0.10879062477126233,1.925970995699718,2.780617817212099,2.014516919474953,2.1323043885723303,2.010314927426391
GBR,1999,-0.11474074782176236,1.9685600664400782,2.716973193010632,1.959775981898198,2.5783248696156944,1.9560697015788566
GBR,2000,-0.14833295893774934,2.079511248582367,2.957512694005763,2.0800384599063753,2.656504551420808,2.0441259796598694
GBR,2001,-0.16834577085844682,2.1065005125393603,2.8017232725824908,2.1328831633027745,2.582807252395593,2.097042066099152
GBR,2002,-0.18839359315918713,2.0691916752541735,2.8681820590754294,2.081066833424342,2.504482968839154,2.0540111940470274
GBR,2003,-0.20844220184821016,2.1148112818273432,2.7973413741677184,2.171480055186626,2.47919869588137,2.1259488306601177
GBR,2004,-0.26219405966357534,2.09604555182977,2.743380279480467,2.1836960764374753,2.3249812671066232,2.142927373929544
GBR,2005,-0.2892044373381276,2.1347161800207193,2.6116317219469884,2.25660265640407,2.2002300731830777,2.2150972903900046
GBR,2006,-0.31435328087905967,2.1352981896477314,2.547196041174702,2.3133789979209594,2.0636752100060445,2.2673677387218767
GBR,2007,-0.34453132265901565,2.147925757995939,2.319392568201168,2.4005318398406468,1.923746387733772,2.317361278109454
GBR,2008,-0.3659948196729832,2.1441554431717633,2.3678361729509922,2.3959401810455483,1.9053106705182827,2.3320508157349353
GBR,2009,-0.34122408361280987,2.140547776691009,2.3945815643331705,2.449350454206625,1.7920563095034725,2.3626672703313503
GBR,2010,-0.3938973045658496,2.163465801456092,2.4449162249878915,2.487321628482336,1.7898824514937388,2.395011700118663
GBR,2011,-0.29677116462320086,2.1857852281752335,2.449087724975378,2.54130420740779,1.7482023643706044,2.448335400132958
GBR,2012,-0.2981472334353027,2.0898027303297537,2.471759354122932,2.4309464542463655,1.6666914127959873,2.3549746948025962
GBR,2013,-0.29923731909484586,2.014648694843495,2.621997964689935,2.3342796200806646,1.6422414001060643,2.264182916185992
GBR,2014,-0.3315347638513486,1.8605915461147693,2.4435745614039464,2.183986735275531,1.4152623456338669,2.121858416118697
USA,1998,0.00890184941498251,0.7920971369516079,2.151093561762544,0.2173331846700659,1.9979513346289708,0.5288183732526787
USA,1999,0.01615399249583982,0.8217379171979411,2.0633166225238817,0.1687252130932897,2.0508093758268013,0.5327774475074831
USA,2000,0.028250111502661324,0.7373062213440554,2.241573989070015,0.194977263818098,1.7858195146815956,0.4860706642246274
USA,2001,0.03544164541357042,0.6344452768050622,1.9570471653736077,0.20583704035254713,1.5475804760493128,0.44139636353802636
USA,2002,0.03382356788353014,0.5170469417954854,1.9246736721587516,0.21913078063343638,1.2301581847167653,0.3887440951626886
USA,2003,0.0034563103780589355,0.6337521888397679,2.095285788691644,0.1838095021341346,1.430225812754414,0.4648083833672718
USA,2004,-0.020637620002867618,0.7178683823399483,2.068365844283642,0.2707122771007926,1.504225458380624,0.5491137344513588
USA,2005,-0.06386285005191794,0.8016201759582217,1.9584369076874364,0.3632499648283045,1.468462187019212,0.6745075906872575
USA,2006,-0.08450861957611011,0.8013454377295647,1.8862802334085083,0.4031758589350748,1.3642772730322545,0.7254929120879372
USA,2007,-0.09519196770870408,0.8709202529899436,1.8065598841473742,0.5156174409489002,1.3145150212865189,0.8271850200634508
USA,2008,-0.05888389136387451,0.7179971306191988,1.7217666349063838,0.6264157335240925,0.867741402659929,0.7850816678048564
USA,2009,-0.08107771342962222,0.7126239669329508,1.640533464344494,0.5497179773543932,0.8874697904253328,0.7605331611388457
USA,2010,-0.09786087196452753,0.8118413518880163,1.7963400096163538,0.6380582992326097,0.9491955718405194,0.8772089321128915
USA,2011,-0.09985483055419164,0.816001516657986,1.8615001831102282,0.6863666643611662,0.8867797263031156,0.9155816307561919
USA,2012,-0.06087818911403586,0.7633782994461411,1.8310994417616842,0.5620226211352393,0.8602526107061059,0.8495640567213543
USA,2013,-0.05724054455497529,0.7745354497016308,1.9992867159691303,0.47943963014537894,0.9422170925080057,0.8249105395368808
USA,2014,-0.0315018561380197,0.7369725625384312,1.8980380123239646,0.4353733114014081,0.8744791539840592,0.7908318655179932
