iso,year,gdp_dev,gni_dev
AUS,1990,NA,NA
AUS,1991,-0.0270057032264841,-0.03976218772606721
AUS,1992,-0.026389525879547904,-0.031685475244824346
AUS,1993,0.018956084644074167,0.012204566557569407
AUS,1994,-0.0026304478108212237,-0.19567842442126704
AUS,1995,0.00261700223034822,-0.17666554416875613
AUS,1996,-0.0035069451823215303,-0.0012417354446760953
AUS,1997,-0.007256032490822406,-0.0015736398495675985
AUS,1998,0.004369746360433524,0.0016964344167469392
AUS,1999,0.006351370095019959,-0.06337205513903754
AUS,2000,-0.012147848160184438,-0.0014056861452313996
AUS,2001,-0.007085648066530226,-0.004334554653526723
AUS,2002,0.014413757790039838,0.019197874508183332
AUS,2003,-1.5056251554312894e-4,0.001642879830427546
AUS,2004,-1.822559509641053e-4,0.01203458108278177
AUS,2005,-0.007655868157204537,-2.487156212183095e-4
AUS,2006,-0.01636372455283741,-0.008550500001801353
AUS,2007,-0.006668691763168866,0.006825346247673281
AUS,2008,0.0116998042336256,0.03814964352399741
AUS,2009,0.03517186010466311,0.04545150219444061
AUS,2010,-0.021048412895583013,-0.03615092834676403
AUS,2011,-0.007792796935458313,0.03170931187811554
AUS,2012,0.009723041436020097,0.019015111899026493
AUS,2013,-0.00428246191497017,-0.019105772917747288
AUS,2014,-0.009890613511059243,-0.022098763268397548
AUS,2015,-0.017113543206102477,-0.036154008724054165
AUS,2016,-0.006278516951937263,-0.03056520049448963
AUS,2017,-0.01858500624905446,0.004515926232514289
AUS,2018,-0.009619203960262723,-0.009361697744479258
AUS,2019,-0.011104073731310393,-0.0032935782908865008
AUS,2020,0.031319222917971956,0.045753533951488734
AUS,2021,-0.03973093955054452,-0.013297086925076584
AUS,2022,-0.0022105913208179118,0.003052795780165596
AUS,2023,-0.005612096891873364,-0.003184162247448441
AUS,2024,-0.02353789252333449,0.6150593129386621
AUS,2025,NA,NA
AUT,1990,NA,NA
AUT,1991,0.013446903175275082,NA
AUT,1992,-0.009801186318243893,NA
AUT,1993,-0.014800176526138742,NA
AUT,1994,-0.012126152423874714,NA
AUT,1995,3.8750732600512094e-4,NA
AUT,1996,-0.008731000743395612,-0.012358307589964923
AUT,1997,-0.01476910128103981,-0.02156820501657286
AUT,1998,0.0018649891603512714,-0.004209676349274716
AUT,1999,0.00321562836494671,-0.07030135913028701
AUT,2000,-0.01012401908545435,-0.006152750647363092
AUT,2001,-0.005101054345036715,-0.01260019202774565
AUT,2002,-0.003152205414954423,0.00841198754593897
AUT,2003,-0.012208103978510465,-0.010201987574141924
AUT,2004,-0.011770172170136206,-0.01203253723499742
AUT,2005,-0.010419919657337573,-0.014345769062460434
AUT,2006,-0.003208384182411095,-0.00814974525152401
AUT,2007,0.008157307594908403,0.008169727443380737
AUT,2008,0.007394478791088233,0.022231837830075207
AUT,2009,-0.00249126811471001,-0.015328579092694028
AUT,2010,-0.011767799324776007,-0.015273544519915916
AUT,2011,0.008009019702026166,-0.004571941422328862
AUT,2012,-0.009811656653686995,-0.017915155371651892
AUT,2013,-0.021807435358741856,-0.019450078337401422
AUT,2014,-0.020963794327089502,-0.0228425668971024
AUT,2015,-0.021142817935468017,-0.02762074914515189
AUT,2016,-0.009593614078104551,0.004138880304061843
AUT,2017,-0.008629727024775491,-0.02572538670053781
AUT,2018,-0.0032893484233333936,-0.006522361648436004
AUT,2019,-0.005141971622361297,-0.005141916088623688
AUT,2020,-0.02468916268813892,-0.0052490921875758545
AUT,2021,-0.014013653602875209,-0.01948359326663862
AUT,2022,0.00954638959043308,-0.025260489698752053
AUT,2023,-0.03303712370039236,-0.018411953038221185
AUT,2024,-0.028828018377920372,0.6142168593715418
AUT,2025,NA,NA
BEL,1990,NA,NA
BEL,1991,0.0039536124848265075,NA
BEL,1992,-0.008413362042002603,NA
BEL,1993,-0.025347824098505,NA
BEL,1994,-0.003224565615012054,NA
BEL,1995,-0.002917675468383507,NA
BEL,1996,-0.01812028520526532,-0.024781634082053472
BEL,1997,-2.3855553159535248e-6,-0.0029424429325803914
BEL,1998,-0.014071210061944228,-0.015573505139506949
BEL,1999,6.966853576066967e-4,-0.06715680516077072
BEL,2000,-0.005045520395698944,-0.01299505187344785
BEL,2001,-0.006868252592990842,-0.015119316928281279
BEL,2002,-5.051295553997193e-4,0.0017240191060405863
BEL,2003,-0.012948988403209682,-0.015031733745638931
BEL,2004,-5.2316126252449635e-5,-0.011811930668084614
BEL,2005,-0.009100680084623392,-0.014693362585401104
BEL,2006,-0.011599585339141072,-0.02454843306075638
BEL,2007,0.0031569876216241965,0.009352284345482076
BEL,2008,-0.007302909259466972,-0.0065470159078167
BEL,2009,0.009127723829239542,0.014715592848780545
BEL,2010,-0.009745854249935348,-0.029392442574646793
BEL,2011,-0.011447189305993533,-0.03410855912146715
BEL,2012,-0.015622143724289828,0.002998355902620986
BEL,2013,-0.014934651349618022,-0.01107217150576112
BEL,2014,-0.0075966902557560445,-0.012987123793486433
BEL,2015,-0.015290899793795276,-0.014476362422406908
BEL,2016,-0.011039011934972365,-0.009047596144256431
BEL,2017,-0.014011703838853862,-0.018248037410160123
BEL,2018,-0.008942302316224726,-0.01345876431351023
BEL,2019,7.008435037345606e-4,0.0023894033952309712
BEL,2020,-0.00844337887420643,-0.00298308253416657
BEL,2021,-0.0016429303598783918,-0.01383707943112178
BEL,2022,-4.063907424516344e-4,-0.030948699416773806
BEL,2023,-0.008092016572765814,0.017332622273583453
BEL,2024,-0.012363142388704063,0.6354902449264088
BEL,2025,NA,NA
CAN,1990,NA,NA
CAN,1991,-0.043966082983830646,-0.04869541018797818
CAN,1992,-0.022486283099445004,-0.03565952242931658
CAN,1993,0.0034324319977177,-0.0036354336512776086
CAN,1994,9.928134958681056e-4,-0.19077736866787554
CAN,1995,-0.00828941887463941,-0.17619101618272914
CAN,1996,-0.02300123432466883,-0.019555503716954803
CAN,1997,-0.0028940541187232327,-0.006313502852105302
CAN,1998,-0.0014792077371978962,-0.023355595908805427
CAN,1999,0.010235962637672458,-0.044803692956023156
CAN,2000,0.001679532380176596,0.028193592939466328
CAN,2001,-0.006641612492749971,-0.0152117966147447
CAN,2002,0.005754829070861334,-0.0010430243897410207
CAN,2003,-0.010182889238317117,0.007977199170385418
CAN,2004,-0.009680714425256198,0.006734602330629613
CAN,2005,-0.004421049779166353,0.008502290671476231
CAN,2006,-0.014299617361263728,-0.0164858962302592
CAN,2007,-0.01502784280840963,7.346561260401785e-4
CAN,2008,-0.004793578383821995,0.020910338894779557
CAN,2009,-0.004610940901896399,-0.04861980397918941
CAN,2010,-0.008024645242400652,0.0023046903005656816
CAN,2011,0.0035731955984790176,0.016293241496045496
CAN,2012,-0.005015550509899214,-0.010178707724572078
CAN,2013,-8.113075406992465e-4,0.00447739320140883
CAN,2014,-0.002338950925480532,-0.0112627176989335
CAN,2015,-0.025258283770178025,-0.04961777787188382
CAN,2016,-0.018826121790613826,-0.019468156178700013
CAN,2017,-0.006857935118574687,0.0034891357849566873
CAN,2018,-0.010267724400803147,-0.011879670887369187
CAN,2019,-0.013744742888945893,-0.014273575056810373
CAN,2020,-0.01754980550667895,-0.02110510408249411
CAN,2021,-0.005929677449834969,0.024198399655141145
CAN,2022,-0.008501401579488643,0.00799096783190123
CAN,2023,-0.029231866337191548,-0.04509384762556934
CAN,2024,-0.031476520345632863,0.6151664525949361
CAN,2025,NA,NA
CHE,1990,NA,NA
CHE,1991,-0.0318627438005219,NA
CHE,1992,-0.029068400492684887,NA
CHE,1993,-0.019638448405705944,NA
CHE,1994,-0.02624064939422155,NA
CHE,1995,-0.028528472533517757,NA
CHE,1996,-0.029124937962171416,-0.03202715522377453
CHE,1997,-0.015428827106608978,-0.009665697993536781
CHE,1998,-0.004842910072690998,-9.036637305097628e-4
CHE,1999,-0.020557032960606847,-0.0721592767683994
CHE,2000,-0.005523418319913986,-0.0032344652140530172
CHE,2001,-0.003658965318207308,-0.029376186784443092
CHE,2002,-0.020802421036142604,-0.022193583554765084
CHE,2003,-0.026675794177505097,0.016673915861801447
CHE,2004,-0.010819763748603606,-0.01962520421121461
CHE,2005,-0.0053379032274349925,0.008664448346051401
CHE,2006,0.0035045015921735256,-0.017549042727070585
CHE,2007,0.003889283997231985,-0.058493913018095256
CHE,2008,0.012029364921890107,-0.05231954049968124
CHE,2009,0.0019208325781558955,0.08143495890725383
CHE,2010,-0.003104980524993195,0.03586014373029123
CHE,2011,-0.00852323673981914,-0.049491349098385484
CHE,2012,-0.010732587330373633,1.3238823622074847e-4
CHE,2013,-0.007103496398119802,-0.01674422705957923
CHE,2014,-0.009638507459504453,-0.03302957545089846
CHE,2015,-0.02010749392349176,-0.0072816366126868814
CHE,2016,-0.008111659591429898,-0.03754464218905618
CHE,2017,-0.020531508672728904,-0.03874296081463413
CHE,2018,-0.0019696348460804813,-0.02471997188527375
CHE,2019,-0.01384022844100663,-0.014878644431199461
CHE,2020,0.01581781982666186,-0.0021439291926963477
CHE,2021,-0.011448892944182276,-0.007669042381222013
CHE,2022,-0.009622716636208395,0.018014119554370822
CHE,2023,-0.024795192497970575,-0.033705701954330536
CHE,2024,-0.015333293283703142,NA
CHE,2025,NA,NA
CHL,1990,NA,NA
CHL,1991,0.04600711699994342,0.042231195994224535
CHL,1992,0.07139739153946323,0.05516034398437597
CHL,1993,0.035264798501012606,0.026032156091305936
CHL,1994,1.6971559936962421e-4,-0.17663099885304767
CHL,1995,0.04706532628619975,-0.10064259308893497
CHL,1996,0.025598089915403577,-0.01704642246053467
CHL,1997,0.022797432001159024,0.014431190011285011
CHL,1998,-0.0038764950038974177,-0.012667955389998653
CHL,1999,-0.047793242781420275,-0.10994809520976645
CHL,2000,-0.003708058434121142,-0.006253966195140848
CHL,2001,0.005465990640438179,-0.00657024598096001
CHL,2002,0.007470913510989163,0.004203561840437686
CHL,2003,0.016074093308777293,0.025420043608802345
CHL,2004,0.02313777731735911,0.04666607266508471
CHL,2005,0.018241852499723876,0.04081521145059597
CHL,2006,0.019802164621976814,0.06400189740355167
CHL,2007,0.014351096986127132,0.03838259840884817
CHL,2008,0.023427688706542327,-0.032684405733304445
CHL,2009,0.015430215036490225,0.03587431100110727
CHL,2010,0.021506907032250666,0.07022363335952697
CHL,2011,0.031729769091940696,0.0067439162848081935
CHL,2012,0.03723759133868754,0.04697016627008033
CHL,2013,0.009671913444945446,0.012500677738341182
CHL,2014,-0.012814199799088044,-0.024096907614366003
CHL,2015,-0.013123152645617253,-0.0026504006003396086
CHL,2016,-0.011296139819961581,-0.0053381740984690396
CHL,2017,-0.025083518922135895,-0.01385138361165339
CHL,2018,-0.001746325917045155,-0.010642481307376883
CHL,2019,-0.030505857860331886,-0.03471668822658458
CHL,2020,-0.036621343938517015,-0.031445319048698295
CHL,2021,0.03775490451502783,0.06536127000670788
CHL,2022,-0.017427028343139028,-0.031936503664718785
CHL,2023,-0.018031104690320987,0.011188007481317541
CHL,2024,0.0027717346261937337,0.6576621678568433
CHL,2025,NA,NA
COL,1990,NA,NA
COL,1991,-0.010905851785366849,-0.002368471517298687
COL,1992,5.109246110102106e-4,-0.028074584406514447
COL,1993,0.021512650093026053,0.005260445975119765
COL,1994,0.006798230470996813,-0.14329073560165284
COL,1995,0.009667402118054724,-0.1684770929533297
COL,1996,-0.024723062409146124,-0.0327312356645475
COL,1997,-0.01594060128355146,-0.016973402648604363
COL,1998,-0.03979234093650952,-0.054085520366623285
COL,1999,-0.08856369753455162,-0.13263536309479207
COL,2000,-0.024402039949483978,-0.044798025539439124
COL,2001,-0.0104897454848345,-0.030544657652308516
COL,2002,-0.0010153905885612602,4.876588825517558e-4
COL,2003,0.006962795803307387,-5.130172608112105e-4
COL,2004,0.009264291304790007,0.017348876983149353
COL,2005,0.009049830029649542,0.011034799750007096
COL,2006,0.023076086689401976,0.016965857321274314
COL,2007,0.028627652361784328,0.04129479426313232
COL,2008,0.01769629180797061,0.05548978879265398
COL,2009,0.036526435507822086,0.029585174503226952
COL,2010,0.004975070313305352,0.018336596848797626
COL,2011,0.039289963083307455,0.05495775572225803
COL,2012,0.01699800824737352,0.026290608705886953
COL,2013,0.027415188451231032,0.033433039689105826
COL,2014,0.0065256876652650675,1.5812559284356098e-4
COL,2015,-0.004627183194473972,-0.02450911011817425
COL,2016,-0.008064439639543508,-0.0117315049508111
COL,2017,-0.02380032107206631,-0.016552876248651316
COL,2018,-0.015171651328207858,-0.01069375719732335
COL,2019,-0.00930017062834132,-0.010696894855410477
COL,2020,-0.04881051390366764,-0.05216692728109962
COL,2021,0.03065698339685241,0.04129398255501471
COL,2022,0.028559389909174726,0.03679620271321227
COL,2023,-0.019975547995182197,-0.0038007043996639567
COL,2024,-0.011403487904209086,0.6439449849779972
COL,2025,NA,NA
CRI,1990,NA,NA
CRI,1991,-0.010928123973474868,NA
CRI,1992,0.04640143376296457,0.048847399855331375
CRI,1993,0.0349123154524662,0.04336817693749495
CRI,1994,-0.01676448997424096,-0.1890100405556705
CRI,1995,-0.01238570754026469,-0.19549553602197633
CRI,1996,-0.04096364516482254,-0.06565078668131719
CRI,1997,-0.0073615160625646325,-0.0038720612966542944
CRI,1998,0.013782597530239471,-0.06814703078941164
CRI,1999,-0.014467807139986633,-0.11150022706032381
CRI,2000,-0.02277671175981766,-0.04319613628246621
CRI,2001,-0.0013151723366942036,-0.0038741977869403144
CRI,2002,0.0030017914644417942,-0.004833250076217155
CRI,2003,0.008747001558415235,0.006065547217936285
CRI,2004,-0.003507944043368738,-0.011004565669672672
CRI,2005,-0.0034761123781095193,-0.007324843298269101
CRI,2006,0.024796757519451873,0.014568265751359277
CRI,2007,0.03949621741621279,0.0351182936948522
CRI,2008,0.028219159347049327,0.027538218578126106
CRI,2009,0.01246448279998269,0.01884191044849537
CRI,2010,0.007886939894321543,0.012360404032250472
CRI,2011,0.016121722321026155,0.010487723338565402
CRI,2012,0.022911985258318168,0.027663230597839927
CRI,2013,-0.0014124039818650402,-0.005901139812616307
CRI,2014,0.0014327346388185447,-0.002033277674138745
CRI,2015,-5.54819347440727e-4,0.013232181459496672
CRI,2016,0.011337275283828774,0.0208164616501314
CRI,2017,0.004386064273408152,-0.010466483336987409
CRI,2018,-0.008459064125231563,-0.01443529954023326
CRI,2019,-0.004946027381834028,-0.011236763311966769
CRI,2020,-0.009172300129190347,-0.003560082784058949
CRI,2021,0.007946740674025676,-0.015465042683052488
CRI,2022,0.0036778514808446516,-0.02078850022919987
CRI,2023,0.023966970167871082,0.040064149026699525
CRI,2024,0.016212276635528156,0.6624930664753332
CRI,2025,NA,NA
CZE,1990,NA,NA
CZE,1991,-0.12864323187320892,NA
CZE,1992,-0.025477857631214462,NA
CZE,1993,-0.012429247347577999,NA
CZE,1994,-0.003874198746020241,NA
CZE,1995,0.03646676164724205,NA
CZE,1996,0.013036105995530178,0.02213087626336474
CZE,1997,-0.03970743433387902,-0.03866121129344435
CZE,1998,-0.03446498895910466,-0.014191773399552687
CZE,1999,-0.016896525764241943,-0.08289754561145202
CZE,2000,0.001207259707554087,-0.01397696597235587
CZE,2001,0.019111855698223934,0.024388142848509986
CZE,2002,0.0043654758646258784,0.016388328398512897
CZE,2003,0.01329606139550421,0.017167150036822676
CZE,2004,0.014945328538075842,0.005779805509659397
CZE,2005,0.0325922365375515,0.019791122664196692
CZE,2006,0.030753272490525063,-0.009631240276089414
CZE,2007,0.022377876490292437,0.032003162665894536
CZE,2008,0.011615146662222742,0.016956054463172165
CZE,2009,-0.018660219142015322,-0.026661599454387286
CZE,2010,-0.0030182755822405483,-0.02764142911047074
CZE,2011,0.0019641673932291326,-0.008749459136621951
CZE,2012,-0.020289967525844332,-0.006405858882363447
CZE,2013,-0.013260160756654926,-0.0035495124419959723
CZE,2014,0.0014152455006648523,0.004930122817450311
CZE,2015,0.023905543642223748,0.015921031131655994
CZE,2016,0.007056525176645678,0.010893270751443751
CZE,2017,0.024958789789879532,0.025674959737591152
CZE,2018,0.003653024412944461,0.008782891227477663
CZE,2019,0.015478679850390975,0.009447698791113623
CZE,2020,-0.0049425623621957016,0.017256593013909693
CZE,2021,-0.018569152082426044,-0.0013675774802592855
CZE,2022,-0.027395773938303947,-0.05756059557631055
CZE,2023,-0.02705906833516991,0.001364346527829241
CZE,2024,-0.006392044941977204,0.6523536450424352
CZE,2025,NA,NA
DEU,1990,NA,NA
DEU,1991,0.0317702843488572,0.0161517043057966
DEU,1992,-0.0061468003166460505,-0.0033180687579754675
DEU,1993,-0.0271113545180679,-0.02766199886744758
DEU,1994,-0.008857503652146548,-0.20126639757835108
DEU,1995,-0.011455844686796723,-0.0942851559485458
DEU,1996,-0.02091276156046007,-0.02324879403523994
DEU,1997,-0.017033733475873447,-0.024387917980920548
DEU,1998,-0.009845307538626002,-0.012195173758694722
DEU,1999,-0.01040093118807306,-0.0704139496990841
DEU,2000,-0.011186855751589064,-0.02095768868997716
DEU,2001,0.0011357310309261237,-0.0016758743054108294
DEU,2002,-0.01598200718806808,-0.014849283460151241
DEU,2003,-0.024049806516250882,-0.02005734085029509
DEU,2004,-0.01811904736693215,-0.004608546137692571
DEU,2005,-0.016272293041248886,-0.018760934911259852
DEU,2006,0.0097548050280718,0.0028082884574125444
DEU,2007,0.005100917727149934,0.00889053879456192
DEU,2008,0.007799184699944561,0.007909022336646032
DEU,2009,-0.017136272843302436,-0.0022863139342454986
DEU,2010,0.0156389498894427,0.004291680814988652
DEU,2011,0.01944025413289907,0.01788047553921146
DEU,2012,-0.008327301664861508,-0.011839048283293963
DEU,2013,-0.010947939003457918,-0.008770761171858155
DEU,2014,-0.0020753793231147455,-0.00415621982668668
DEU,2015,-0.014895299131463702,-0.009086956965695947
DEU,2016,-0.002248085659143584,0.011574203673674788
DEU,2017,7.174087241121896e-4,-0.006585248637504648
DEU,2018,-0.013152187569779983,-0.002417713485311168
DEU,2019,-0.008862003878480351,-0.011686090822740525
DEU,2020,0.003729813118697578,-2.0973230010845612e-4
DEU,2021,-0.018241398873190207,-0.024356625550518984
DEU,2022,-0.019695110452600417,-0.030686026627707363
DEU,2023,-0.03445714391550325,-0.008197314752846907
DEU,2024,-0.024789372806502286,0.6282926716952435
DEU,2025,NA,NA
DNK,1990,NA,NA
DNK,1991,0.0013892344862771466,-0.007401791258898172
DNK,1992,-0.0027729497677810855,0.0028975817754854916
DNK,1993,-0.016126443455375394,-0.015696782512865326
DNK,1994,0.016444675378918916,-0.17168973001614773
DNK,1995,7.76531581049511e-4,-0.12465858380970829
DNK,1996,-0.006871121093752208,-0.0070251297084489295
DNK,1997,-0.007932282753738917,-0.007840440307885999
DNK,1998,-0.011833514592145988,-0.013985477914392419
DNK,1999,-0.005780847870298089,-0.06503132372863618
DNK,2000,-0.0059256789612458505,-0.011862840669550678
DNK,2001,-0.008415776468899239,-0.0028590535322123856
DNK,2002,-0.011802128022296188,-0.006485092155607219
DNK,2003,-0.017283016676261198,-0.012600380411683432
DNK,2004,-0.005934127182351645,0.006595772180663317
DNK,2005,-0.006096302277748933,0.010241680306085854
DNK,2006,0.0039004426850368645,-0.00467002740598943
DNK,2007,-0.020129043547273184,-0.02485541563057403
DNK,2008,-0.013943032552694135,0.013121293579040127
DNK,2009,-0.02002628197597467,-0.03467400441825674
DNK,2010,-0.016122243825034133,0.0025080282266518594
DNK,2011,-0.00865037585280426,-0.010431330317487664
DNK,2012,-0.015320415666426612,-0.012151397536234398
DNK,2013,-0.0034538030104727113,0.010867051641643144
DNK,2014,-0.013300229932148966,-0.0052469860450958805
DNK,2015,-0.010213334174446587,-0.013459981362530016
DNK,2016,0.004309651510347123,-0.0033686152078171716
DNK,2017,-0.0010091595246617402,-0.0038198812158238837
DNK,2018,-0.009543533529372539,-0.006322910021987482
DNK,2019,-0.0050371339397425885,-0.006245695024411191
DNK,2020,0.024836606644884185,0.042480014610108086
DNK,2021,5.535769017992465e-4,0.01501655137148461
DNK,2022,-0.03554302356719319,-0.010964320244644554
DNK,2023,-0.017571104436386875,-0.05428135383670529
DNK,2024,0.01229299941227957,0.6493197672174738
DNK,2025,NA,NA
ESP,1990,NA,NA
ESP,1991,0.012963228032553786,0.016926738268201902
ESP,1992,-0.012600934761897165,-0.01610431331947204
ESP,1993,-0.02436096055156156,-0.027556386137273847
ESP,1994,-0.010253546769629196,-0.21442229447711725
ESP,1995,0.001343404419500871,-0.1617026109153752
ESP,1996,-0.007711097147934609,-0.01243113118074568
ESP,1997,-0.0037692398765365454,-0.003168099941587954
ESP,1998,0.006660965001733743,0.010150034896863502
ESP,1999,0.0075147875249790275,-0.049734657515955405
ESP,2000,0.007017566531311914,-0.0016098859993025627
ESP,2001,0.018879811089343335,0.01638323375289552
ESP,2002,-0.001766276654745269,0.010494659681494767
ESP,2003,-0.008606121270739564,-8.806471215017098e-4
ESP,2004,-0.015732607834207712,-0.018110429259159844
ESP,2005,-0.010226440799060654,-0.012091304722151364
ESP,2006,-0.006420961324169028,-0.019474279130847094
ESP,2007,-0.010431433961514358,-0.00807780897634025
ESP,2008,-0.012599454378369401,-0.009350157165359363
ESP,2009,-0.010313722457887309,-2.6059470679484775e-4
ESP,2010,-0.030605643262722637,-0.03619243453833754
ESP,2011,-0.027707515126087046,-0.038646310293378505
ESP,2012,-0.040931056124467347,-0.03595843008014299
ESP,2013,-0.024041397564724676,-0.018322070592278195
ESP,2014,-0.002379963068397828,-0.005370107330472607
ESP,2015,0.016720585714182334,0.01952016214959329
ESP,2016,0.009971462360782724,0.013132916822973684
ESP,2017,0.0019642576147393953,-0.002327121925263853
ESP,2018,-0.003720187906868233,-0.004148691303601737
ESP,2019,-0.006550129023915829,-0.00911769339509938
ESP,2020,-0.07631557694264579,-0.06764060890055745
ESP,2021,0.006458346022142791,0.0037453315510216356
ESP,2022,0.021388251330357377,0.004404063752252441
ESP,2023,-0.0040541147021304624,0.017713459806538268
ESP,2024,0.006536814357225751,0.6564314716846251
ESP,2025,NA,NA
EST,1990,NA,NA
EST,1991,NA,NA
EST,1992,NA,NA
EST,1993,NA,NA
EST,1994,-0.02561796007890038,NA
EST,1995,0.03962126378982944,NA
EST,1996,0.03489078892534181,NA
EST,1997,0.10135638607713204,NA
EST,1998,0.02032991356165148,NA
EST,1999,-0.02599921817461137,NA
EST,2000,0.04109345334383718,NA
EST,2001,0.04894233765613443,0.05116452989458686
EST,2002,0.06071126998071996,0.07509376509337962
EST,2003,0.06014017698495522,0.0714408865622449
EST,2004,0.04147314238188393,0.051096247422067975
EST,2005,0.0698455348570235,0.09157736212187473
EST,2006,0.06900045279833478,0.06890755128020665
EST,2007,0.05315860587796273,0.06351137886087344
EST,2008,-0.05311636462856839,-0.007383221948515484
EST,2009,-0.11973834355367607,-0.09525813311299736
EST,2010,-0.0013504764341636388,-0.03158364582320594
EST,2011,0.05845636599380022,0.07248254570905921
EST,2012,0.027869663898872687,0.03868005587887602
EST,2013,0.007923323839797547,0.036757119586209086
EST,2014,0.015371887202656254,0.020491951092182603
EST,2015,-0.0040175400850746,0.0025590352978017705
EST,2016,0.010641030489130898,0.019100352068209148
EST,2017,0.030253656040411414,0.025723538984602
EST,2018,0.010651499856146884,0.022516765700947516
EST,2019,0.014254868591876857,0.016933648485942143
EST,2020,0.012660999486426405,-0.0060065707069600904
EST,2021,0.020238715192714807,0.005070845378860156
EST,2022,-0.044770321732883644,-0.019731825989513396
EST,2023,-0.06967909812465578,-0.06103208082210543
EST,2024,-0.024385855258458378,0.62888394041429585
EST,2025,NA,NA
FIN,1990,NA,NA
FIN,1991,-0.076472113210734,NA
FIN,1992,-0.05881784807216839,NA
FIN,1993,-0.02446468606804686,NA
FIN,1994,0.0025502605604632578,NA
FIN,1995,0.013235142628802876,NA
FIN,1996,0.0033913847533231234,-0.005061527328372506
FIN,1997,0.024184914400420254,0.03305630175068508
FIN,1998,0.01907492848966008,0.021960090227500118
FIN,1999,0.008863235871697128,-0.05015790349705185
FIN,2000,0.014757315671237947,0.003872406031140585
FIN,2001,0.00942605082595982,0.014739075235914001
FIN,2002,0.0013579444331845991,-0.0012881585902473347
FIN,2003,-0.0015564556016123277,-0.022143713589459324
FIN,2004,0.005546911668190546,0.009288909962847924
FIN,2005,-0.0025736291758384766,-0.016068298446697327
FIN,2006,0.005364290681793449,-0.011250606744601654
FIN,2007,0.021907289835731092,0.01856287937182266
FIN,2008,-7.054715391845434e-4,-0.0013598274907682395
FIN,2009,-0.052575757376677856,-0.050211285211331
FIN,2010,-7.38284721919058e-4,-0.007679914167574964
FIN,2011,0.0014282525825120018,-0.012756805835280716
FIN,2012,-0.03168616040289152,-0.03742519976505143
FIN,2013,-0.027722034648174798,-0.022490015959826692
FIN,2014,-0.02975777986717354,-0.023097891826573402
FIN,2015,-0.022769547459306594,-0.015066688756904867
FIN,2016,0.004854644502746197,-2.065002551088213e-4
FIN,2017,0.005364283640048484,-0.001337418910839716
FIN,2018,-0.012587794904824534,-0.005490218582721695
FIN,2019,-0.005603464584527984,-0.01106596438895302
FIN,2020,0.018117126050276156,0.03675593015488232
FIN,2021,-0.03373198098306851,-0.036860088150051595
FIN,2022,-0.026308213617049603,-0.027882583033600028
FIN,2023,-0.029697531878298378,-0.04260253659100144
FIN,2024,-0.02067678201191825,0.6190443265801058
FIN,2025,NA,NA
FRA,1990,NA,NA
FRA,1991,-0.002968170298657924,-0.009251095693160849
FRA,1992,-0.0092632111532307,-0.013408305716158253
FRA,1993,-0.019583932802785142,-0.0212778614573228
FRA,1994,-0.012062114946493452,-0.20334122706976032
FRA,1995,-0.0051326469210764,-0.18653694504493323
FRA,1996,-0.018867410037289645,-0.018829968692918087
FRA,1997,-0.013343582888165173,-0.011588643013475064
FRA,1998,-0.0010149152981977494,-0.0013309622294119805
FRA,1999,-0.003390867926059471,-0.0570852443419696
FRA,2000,-0.00531309945147207,-0.016190722399967328
FRA,2001,-0.0027249238030204737,-0.0014701033073070136
FRA,2002,-0.009493597593131398,-0.012006465717053771
FRA,2003,-0.016398975706700014,-0.014361755309799662
FRA,2004,-0.009728817211209773,-0.012581084895488814
FRA,2005,-0.015221190786096628,-0.015217095151793814
FRA,2006,-0.010228740333257491,-0.021160357401051044
FRA,2007,-0.006615161549129667,0.0018693752966729704
FRA,2008,-0.00547586778777287,0.006209572994281487
FRA,2009,0.0027900791488644217,0.0012401049845554013
FRA,2010,-0.01229807814478967,-0.019092334182976956
FRA,2011,0.0017905312873658374,-2.071444765370245e-4
FRA,2012,-0.014453680237171085,-0.021733686489140425
FRA,2013,-0.010396433880929479,-0.005419425080438245
FRA,2014,-0.015842925565975108,-0.016304138793410416
FRA,2015,-0.0179510727308827,-0.011902100536692828
FRA,2016,-0.013026967300540093,-0.009997453098785414
FRA,2017,-0.00817198906324812,-0.013064780139782073
FRA,2018,-0.011223977011564301,-0.011963459931267906
FRA,2019,-0.0018405923427966542,0.005379409262548762
FRA,2020,-0.03575200710520576,-0.03926670869311977
FRA,2021,0.0037627291530935025,0.0061912670435262385
FRA,2022,-0.008119686500329237,-0.015608010176213938
FRA,2023,-0.004853148190305134,-0.004575352241756647
FRA,2024,-0.007855610945945557,0.6353378712723696
FRA,2025,NA,NA
GBR,1990,NA,NA
GBR,1991,-0.026920343608773933,NA
GBR,1992,-0.009189193416546004,NA
GBR,1993,0.020263559066922454,NA
GBR,1994,0.013770728822574796,NA
GBR,1995,0.007499337287374175,NA
GBR,1996,-0.005876222656322483,NA
GBR,1997,0.01020374707829319,NA
GBR,1998,-0.0021801167607371497,NA
GBR,1999,-0.006316149195185972,NA
GBR,2000,0.001697545324054417,0.005653338648313522
GBR,2001,0.005424388373576505,0.011146731231452378
GBR,2002,-2.7373848349654395e-4,0.009837816013186895
GBR,2003,0.008030296365760137,0.009921205967662772
GBR,2004,-0.013054885944416839,-0.013044633812574702
GBR,2005,-0.006719327859210367,-0.001985666167765743
GBR,2006,-0.015369088561783428,-0.03916363691887881
GBR,2007,-0.004781233054860223,-0.004616210004401822
GBR,2008,-0.012555845999518311,-0.012820779700266627
GBR,2009,-0.017582888086794313,-0.017106271207262935
GBR,2010,-0.012980125711870016,-0.0028536600339510443
GBR,2011,-0.01741470436211401,-0.015314086898429835
GBR,2012,-0.0031242583789392597,-0.014851735127894727
GBR,2013,-0.002910355224100769,-0.005762035511740038
GBR,2014,0.002986912201230041,0.006161815497858214
GBR,2015,-0.01017210535999169,-0.008202842599366988
GBR,2016,-0.003959705187062568,-0.00677326598185779
GBR,2017,-4.4856858160002844e-4,0.006695778202242764
GBR,2018,-0.012486098184883332,-0.015225137456507554
GBR,2019,-0.010678494668253435,0.003249911920235604
GBR,2020,-0.06258268907930997,-0.07376946916168592
GBR,2021,0.020224782644019612,0.03595768677818967
GBR,2022,0.009304229860866542,0.0019983860786965124
GBR,2023,-0.026939937422060467,-0.03477976511033809
GBR,2024,-0.016816995515384292,0.6481927552445939
GBR,2025,NA,NA
GRC,1990,NA,NA
GRC,1991,0.011693485124188996,NA
GRC,1992,-0.019832148141663453,NA
GRC,1993,-0.03343665650442951,NA
GRC,1994,-0.016738417053058896,NA
GRC,1995,-0.006295652138007313,NA
GRC,1996,-0.019974312289706475,NA
GRC,1997,-0.0044078601915611415,NA
GRC,1998,-0.003120899160107271,NA
GRC,1999,-0.009357269965885706,NA
GRC,2000,-0.002659929432310193,NA
GRC,2001,0.025897014054740097,NA
GRC,2002,0.029156234232527112,NA
GRC,2003,0.03486712991719365,NA
GRC,2004,0.0190942278517241,NA
GRC,2005,-0.017718515427022297,NA
GRC,2006,0.029238983770520477,NA
GRC,2007,0.006307613085107633,0.0059479054044047075
GRC,2008,-0.005939350453720849,-0.00274898777048449
GRC,2009,-0.008273807816882695,-0.009682167540328024
GRC,2010,-0.08726573196288001,-0.08973661484847106
GRC,2011,-0.12007572256110421,-0.1314938625195765
GRC,2012,-0.09315807585191216,-0.07104091718808725
GRC,2013,-0.029001714368590115,-0.033416228335946485
GRC,2014,-0.0060989129512147855,0.002225822213972606
GRC,2015,-0.01983659350799627,-0.011909177032872975
GRC,2016,-0.013999605085350808,-0.013184652203161562
GRC,2017,-0.0081892859501842,-0.013136156527250975
GRC,2018,-5.300058920632011e-4,-0.015332734166952022
GRC,2019,0.005539636200083464,0.004342848510050956
GRC,2020,-0.04933441112145154,-0.0400580056847506
GRC,2021,0.03026321592890291,0.013272159233613579
GRC,2022,0.028385370466239124,0.029049500106419046
GRC,2023,0.00749296022402568,0.03584750803090664
GRC,2024,0.005189245269608733,0.6592194624996424
GRC,2025,NA,NA
HUN,1990,NA,NA
HUN,1991,-0.13517873851837336,NA
HUN,1992,-0.04850716658330434,NA
HUN,1993,-0.014675957043126076,NA
HUN,1994,2.4196367497708593e-4,NA
HUN,1995,-0.01622794212183898,NA
HUN,1996,-0.026567138851948613,NA
HUN,1997,-0.0035085689827027977,NA
HUN,1998,0.0087155808183005945,NA
HUN,1999,0.0014588099324743808,NA
HUN,2000,0.006630566185862108,4.0080804459918795e-4
HUN,2001,0.02775376617912606,0.031869263287156
HUN,2002,0.03611475045204671,0.04874213868721711
HUN,2003,0.02240293616294764,0.023409353314038484
HUN,2004,0.019839327706092647,0.014444397719016067
HUN,2005,0.017542528298367444,0.005514128226726811
HUN,2006,0.009940879358900645,-0.008910258136580751
HUN,2007,-0.02074588567599278,-0.027146083536379706
HUN,2008,0.007776608521197659,0.02322581623870512
HUN,2009,-0.03181126081731911,-0.013631645630381328
HUN,2010,-0.014468131368888137,-0.020516308445575504
HUN,2011,0.004256688765813976,-0.0050124985321939874
HUN,2012,-0.01922027883877142,-0.02246079974124271
HUN,2013,0.010978209331707234,0.027382510169323027
HUN,2014,0.02580507930104403,0.00996257590494487
HUN,2015,0.015405055446574778,0.013817540444678755
HUN,2016,0.010137118394435873,0.03552921636523365
HUN,2017,0.019010115450363685,-0.00159388713586317
HUN,2018,0.03358753696794636,0.027422596775718233
HUN,2019,0.03274430513351767,0.04566780310328333
HUN,2020,0.003153589682961311,0.023150870017612846
HUN,2021,0.015638707375838834,-0.02246132895174391
HUN,2022,0.012238848407616132,-0.025898432017779527
HUN,2023,-0.023441853352110797,7.675934790416505e-4
HUN,2024,-0.008330139271794934,0.6263410894682799
HUN,2025,NA,NA
IRL,1990,NA,NA
IRL,1991,0.003018091793357769,NA
IRL,1992,0.00518026334885846,NA
IRL,1993,0.009431308861151066,NA
IRL,1994,0.020596238120702992,NA
IRL,1995,0.06331211817954241,NA
IRL,1996,0.035040779236824804,0.02978384910401921
IRL,1997,0.059209276120695264,0.04047789561574966
IRL,1998,0.03913876195177224,0.03982925108449109
IRL,1999,0.05747755516270914,-0.03357313704807474
IRL,2000,0.037665004221862475,0.04498713134086252
IRL,2001,0.02181160158830231,0.011553669707103253
IRL,2002,0.026910068331117643,0.008588417546906868
IRL,2003,-0.005832635631119132,0.017278846508800072
IRL,2004,0.017414583569655306,-0.014516125956262727
IRL,2005,0.00673431272663727,0.01643754690618593
IRL,2006,-0.007582182701657558,-0.007978835058279898
IRL,2007,-0.003947734873607445,-0.018578177599946955
IRL,2008,-0.07128574092996232,-0.059363561820998
IRL,2009,-0.025428018548423026,-0.0634653790136408
IRL,2010,-0.015191918831321871,-0.01774568560154499
IRL,2011,-0.005710879457971885,-0.02163169955725941
IRL,2012,-0.019759464208522814,-0.018973100231848505
IRL,2013,0.0035187140748913492,0.04751357238489362
IRL,2014,0.06206422826669211,0.0512993824749195
IRL,2015,0.18673031225208803,0.16932998900891505
IRL,2016,-0.01769013466775604,0.021033265806643442
IRL,2017,0.05717311367098432,0.016110084615428732
IRL,2018,0.03680150922667913,-0.0072442207492731114
IRL,2019,0.014866215894764778,0.011554559747242621
IRL,2020,0.10069247052343577,0.061484632377108994
IRL,2021,0.08111003842813957,0.03136257502687201
IRL,2022,0.02032083323892131,-0.008814570812036848
IRL,2023,-0.06058758843875012,0.008508117401921922
IRL,2024,-0.008087545103794724,0.6546125115612735
IRL,2025,NA,NA
ISL,1990,NA,NA
ISL,1991,-0.02517171278238095,NA
ISL,1992,-0.06577990214792706,NA
ISL,1993,-0.009047072542781365,NA
ISL,1994,-0.00486697175657369,NA
ISL,1995,-0.02849576677223631,NA
ISL,1996,0.009103846246983238,NA
ISL,1997,-0.001703036805494662,NA
ISL,1998,0.02500790092772398,NA
ISL,1999,-0.0058608232198569254,NA
ISL,2000,-0.0048352904791197915,NA
ISL,2001,0.0099101262051704,NA
ISL,2002,-0.01627427419267491,NA
ISL,2003,-0.003468340120978297,NA
ISL,2004,0.033705631270347425,NA
ISL,2005,0.025757353029062457,NA
ISL,2006,0.0013165171553009003,NA
ISL,2007,0.032837957578815136,NA
ISL,2008,-0.005448918908101064,NA
ISL,2009,-0.053921243689051934,NA
ISL,2010,-0.037817209485474734,NA
ISL,2011,0.0031583168090332236,NA
ISL,2012,-0.006336686976052164,NA
ISL,2013,0.011630308228356867,NA
ISL,2014,-0.012961160968016472,NA
ISL,2015,0.0032600969466543006,NA
ISL,2016,0.027797897119713255,NA
ISL,2017,-0.014537236355911531,NA
ISL,2018,-0.0023293016087695406,NA
ISL,2019,-0.023916539973519946,NA
ISL,2020,-0.036209984065409984,NA
ISL,2021,-0.022730573140181676,NA
ISL,2022,0.030162229514610672,NA
ISL,2023,0.008900261212312799,NA
ISL,2024,-0.04535094257473915,NA
ISL,2025,NA,NA
ISR,1990,NA,NA
ISR,1991,NA,NA
ISR,1992,NA,NA
ISR,1993,NA,NA
ISR,1994,NA,NA
ISR,1995,NA,NA
ISR,1996,-0.00533693368282151,0.0013873389281560122
ISR,1997,-0.024586406547580708,-0.01924762677242242
ISR,1998,-0.017350495011408285,-0.012957405190162419
ISR,1999,-0.025426468125894885,-0.08708631421283819
ISR,2000,0.014859502750287135,-0.011675596149224532
ISR,2001,-0.035829624899616164,-0.014448740401679316
ISR,2002,-0.03369073576593706,-0.030723555315974593
ISR,2003,-0.017253104934718877,-0.02674100817945302
ISR,2004,-0.0017979913961116978,-0.00804452042323689
ISR,2005,3.702410425159286e-4,0.013432660940646102
ISR,2006,0.004593945735294369,-0.0036449721108571254
ISR,2007,0.01571838526123237,0.016362080644437782
ISR,2008,0.005798984270041885,-0.008860372085706558
ISR,2009,0.030773336077338342,0.03949025175261589
ISR,2010,0.007826088416877042,0.0016049338904551291
ISR,2011,0.015901778959110047,0.011215516203149534
ISR,2012,-0.007282457320290092,-0.011735332425157452
ISR,2013,0.008986391362562074,0.01692119953294302
ISR,2014,-0.001774048455279953,0.00874827161819347
ISR,2015,-0.020694963100147845,-0.00506388164220084
ISR,2016,0.0074418482182707635,0.014075923377728117
ISR,2017,-3.244473298487094e-4,4.7094586432550045e-4
ISR,2018,-0.0017561537211179257,-0.005126743491382868
ISR,2019,5.486154155924794e-4,0.0037819174887498974
ISR,2020,0.008077509022660578,0.009974094019167268
ISR,2021,0.015204205676402793,0.007814962393249303
ISR,2022,0.011217287272094367,0.024832760348431293
ISR,2023,-0.018018688751098466,-0.025715107173155616
ISR,2024,-0.0211459570599537,0.6338523244335654
ISR,2025,NA,NA
ITA,1990,NA,NA
ITA,1991,0.003869020097491571,NA
ITA,1992,-0.0115870044735491,NA
ITA,1993,-0.020983682827012018,NA
ITA,1994,-0.010936478461491816,NA
ITA,1995,0.004032124394438341,NA
ITA,1996,-0.01621199435338383,-0.013422692742572906
ITA,1997,-0.016322259952630702,-0.012329225739151184
ITA,1998,-0.013773957562086991,-0.01203075709345569
ITA,1999,-0.015295759876561732,-0.0727356337433438
ITA,2000,-0.001483156680018638,-0.015976388397401564
ITA,2001,0.004846873366314952,0.0074493499788399475
ITA,2002,-0.012181798291768686,-0.009016296956620096
ITA,2003,-0.02383284202997693,-0.022559821078896647
ITA,2004,-0.023627525606839228,-0.024120542105968923
ITA,2005,-0.024791441160031624,-0.027812434300093614
ITA,2006,-0.01636786611988228,-0.030902560749426655
ITA,2007,-0.017178535139080964,-0.012137586389767918
ITA,2008,-0.021857833869798782,-0.0268548927688812
ITA,2009,-0.023888223089787886,-0.012296860378635088
ITA,2010,-0.016597198580411643,-0.03148917371070503
ITA,2011,-0.014093178969625697,-0.019565647646523132
ITA,2012,-0.0460685574354347,-0.05042478166907394
ITA,2013,-0.03361512174514303,-0.029258483714553307
ITA,2014,-0.020819039583818366,-0.015229411144790816
ITA,2015,-0.013804871681831088,-0.016690316121795945
ITA,2016,-0.003655047604542716,0.013181647395144935
ITA,2017,-0.007001228253670888,-0.010174088431542216
ITA,2018,-0.012676062059677307,-0.008193764664854442
ITA,2019,-0.011273212950875688,-0.014840561535288899
ITA,2020,-0.04300344709150217,-0.02776833348391783
ITA,2021,0.03250867051164441,0.012876176915517235
ITA,2022,0.01797404753602727,-0.007994831589909879
ITA,2023,-0.006370239611170447,0.015099901554686213
ITA,2024,-0.009701742224235588,0.6440246583576155
ITA,2025,NA,NA
JPN,1990,NA,NA
JPN,1991,0.020264664873113958,NA
JPN,1992,-0.014297200611000704,NA
JPN,1993,-0.019384957602332165,NA
JPN,1994,-0.023852857470146205,NA
JPN,1995,-8.736054913160984e-4,-0.18029679585337988
JPN,1996,-7.378691572021978e-4,-0.0038154962857781527
JPN,1997,-0.02746764203563501,-0.03221783390931776
JPN,1998,-0.04664881810472643,-0.0475596437749477
JPN,1999,-0.03665330856805227,-0.09896320024143357
JPN,2000,-0.013887798719828481,-0.016696093924711164
JPN,2001,-0.013571312478331876,-0.013733496423924407
JPN,2002,-0.013863643356701871,-0.014526980229220499
JPN,2003,-0.005488865033516532,-0.007621915167989712
JPN,2004,-0.009916391762786247,-0.012524956818074529
JPN,2005,-0.00852321889612817,-0.0129956637177564
JPN,2006,-0.017611744964810327,-0.03204438300346446
JPN,2007,-0.011913922712421865,-0.008240790495170458
JPN,2008,-0.016576421578959,-0.025153414047231593
JPN,2009,-0.02179088166484,-0.017892669283183338
JPN,2010,0.012615390246700997,0.003615989412121934
JPN,2011,-0.015581635559650309,-0.023113393817249417
JPN,2012,0.003958545684591641,-0.0012317990709060922
JPN,2013,0.007987226318357799,0.01115650373168009
JPN,2014,-0.016306476617140575,-0.018635284528311757
JPN,2015,-0.007531567977995479,0.007867602497466208
JPN,2016,-0.009915580164479465,-0.005555322641995986
JPN,2017,-0.007207638756698387,-0.011949290158783654
JPN,2018,-0.015242009830979342,-0.020894605293296564
JPN,2019,-0.020530159125494052,-0.02076901194438463
JPN,2020,0.005645240953283448,0.013939045973573982
JPN,2021,-0.026465892587724582,-0.034100540314444316
JPN,2022,-0.01732654810407297,-0.02323433598737168
JPN,2023,0.0028361081498662344,0.020854707345783652
JPN,2024,-0.011585505085328407,NA
JPN,2025,NA,NA
LTU,1990,NA,NA
LTU,1991,NA,NA
LTU,1992,NA,NA
LTU,1993,NA,NA
LTU,1994,NA,NA
LTU,1995,NA,NA
LTU,1996,0.02735293640957437,0.06119679470505446
LTU,1997,0.052251921038759974,0.06868745698128542
LTU,1998,0.04784983396965714,0.03770279557338263
LTU,1999,-0.03570356977098044,-0.08373231672323023
LTU,2000,0.0015323442735173387,0.024123828089180677
LTU,2001,0.056708863230516826,0.058804519127980015
LTU,2002,0.060115738189562506,0.06808065685395626
LTU,2003,0.08934439288805507,0.07537586668915353
LTU,2004,0.043409841559144624,0.0829365036627081
LTU,2005,0.06420520032000887,0.07579557627147615
LTU,2006,0.05711018017302294,0.027108495964512258
LTU,2007,0.09132823507582444,0.08596884770659052
LTU,2008,0.03208761585655573,0.07025337692403433
LTU,2009,-0.11309826081889618,-0.09041055046989577
LTU,2010,-0.00211882299406696,-0.03146141652065815
LTU,2011,0.0663394390571792,0.03789866940893205
LTU,2012,0.04426830527191683,0.033986630350309355
LTU,2013,0.035776324622727174,0.043508274579849626
LTU,2014,0.024513633163561366,0.037214423651894535
LTU,2015,0.012740967135412617,0.0056645219878550535
LTU,2016,0.020198887200605142,0.03213838587809548
LTU,2017,0.03242778252522882,0.03091268218883414
LTU,2018,0.033296455959508364,0.028619410213650553
LTU,2019,0.03056168267251458,0.033203397875352536
LTU,2020,0.04567394481376574,0.05886622909600803
LTU,2021,0.004362805431387784,-0.049873734818094206
LTU,2022,-0.014323379550118531,-0.08807953810870117
LTU,2023,-0.027171921296796242,0.04590572730844933
LTU,2024,0.004492119935004979,0.6732142094409497
LTU,2025,NA,NA
LUX,1990,NA,NA
LUX,1991,0.05897758866060343,0.04937085909477901
LUX,1992,-0.015080491843473709,-0.03771019539026632
LUX,1993,0.015169581345951144,0.01573485713978151
LUX,1994,-0.008984923262840283,-0.22417240383937376
LUX,1995,-0.024208354771102947,-0.17070227144775352
LUX,1996,-0.02742784622523864,-0.01457310432720682
LUX,1997,0.004997198671263803,0.003740704243416104
LUX,1998,0.02059133481335884,-0.04258503906320854
LUX,1999,0.032469897658371494,-0.024161146245349485
LUX,2000,0.014979907636103462,-0.014426615190879843
LUX,2001,0.0048018425064544346,-0.00912380266195889
LUX,2002,0.008018448751572649,-0.05305088831547522
LUX,2003,-0.005723023012487616,-0.05187655210545117
LUX,2004,-0.0030908515251208968,0.10919462947433978
LUX,2005,-0.017579812267356942,0.001891181347605908
LUX,2006,0.012829900641511571,-0.08731471292987258
LUX,2007,0.035954578318253994,0.09539628218269058
LUX,2008,-0.02444511654995729,-0.0591166369571674
LUX,2009,-0.014720590362014008,-0.22467376079967138
LUX,2010,-0.008970657281862415,0.08079251210851979
LUX,2011,-0.030324643842719823,-0.001071706114922577
LUX,2012,-0.018198737303491086,0.0908586376470133
LUX,2013,-0.007722758138454466,-0.06730559041750439
LUX,2014,-0.01832083562054443,0.0069319504199043536
LUX,2015,-0.021331825993074816,-0.13931410202232009
LUX,2016,0.005207928487923397,0.015520988747885767
LUX,2017,-0.03346685412671491,0.042319979123529805
LUX,2018,-0.02663223316700858,-0.023547965142057592
LUX,2019,-0.011591406412888361,-0.0695657949114512
LUX,2020,0.024519871601972554,0.05608951562835962
LUX,2021,-0.006898524614491919,-0.0010185062280267942
LUX,2022,-0.0639842054977624,-0.10934433081879824
LUX,2023,-0.03444929220384729,0.0246532501152128
LUX,2024,-0.029360206739042383,0.595228583112549
LUX,2025,NA,NA
LVA,1990,NA,NA
LVA,1991,NA,NA
LVA,1992,NA,NA
LVA,1993,NA,NA
LVA,1994,NA,NA
LVA,1995,NA,NA
LVA,1996,0.004608404427328239,-0.0026235701722452376
LVA,1997,0.06258032903960853,0.028623438355683817
LVA,1998,0.04172183957830278,0.05804324471006517
LVA,1999,0.004261070602222361,-0.056689705420080116
LVA,2000,0.027110038826259952,0.014430304668229255
LVA,2001,0.06096191921831462,0.07030768877645599
LVA,2002,0.07266777944473723,0.06147410631744599
LVA,2003,0.0715266727361783,0.06765840453137884
LVA,2004,0.06386407770599867,0.05383952460602437
LVA,2005,0.09411165232485175,0.10002449029339822
LVA,2006,0.09947975686325705,0.07385725215036842
LVA,2007,0.08143969809841956,0.11762153267254583
LVA,2008,-0.027691954316582112,-0.002528536561051453
LVA,2009,-0.12186321298898406,-0.048504745673985994
LVA,2010,-0.04356151453896828,-0.1066228445105164
LVA,2011,0.0308586197166143,0.03781923332122261
LVA,2012,0.07122816515581931,0.044127827864445024
LVA,2013,0.01777441943594482,0.02733667140736884
LVA,2014,0.009343590278044545,0.004666123479363904
LVA,2015,0.021531265115962483,0.017109777782071234
LVA,2016,0.016485750127079868,0.03933644274644621
LVA,2017,0.017953687064352408,0.018270590177731805
LVA,2018,0.02691030552428586,0.025275749782604606
LVA,2019,-0.004496944443491913,0.014480198268749689
LVA,2020,0.016144867350984526,0.043890388755530196
LVA,2021,0.017441056772076635,-0.0189963871098886
LVA,2022,-0.013011281480050485,-0.02851390949693844
LVA,2023,-0.02355262761439647,0.0034321459551680533
LVA,2024,-0.008639881504672431,0.64762990682486965
LVA,2025,NA,NA
MEX,1990,NA,NA
MEX,1991,0.010756088135101649,0.010306002915719148
MEX,1992,-0.0012553106423567328,-0.0017981683324652664
MEX,1993,3.0257560836410846e-4,0.01339090367539697
MEX,1994,-0.0047598306384522004,-0.18784847274989858
MEX,1995,-0.10063646039871621,-0.30414130084417756
MEX,1996,0.01645740129867157,0.010788442120166053
MEX,1997,0.02089237726313442,0.0345820084009425
MEX,1998,0.015560951874887152,0.008066314135461994
MEX,1999,-0.016911744850766297,-0.059693077305633224
MEX,2000,-0.001911774546133671,0.010738401139043674
MEX,2001,-0.030953506407998432,-0.03739770834016731
MEX,2002,-0.02792834501694408,-0.01716063914486199
MEX,2003,-0.019818629588968406,-0.0050015663637328345
MEX,2004,-0.0074765141035548766,-0.006403766604645256
MEX,2005,-0.016935413396735655,-0.019061776538782382
MEX,2006,0.002981781736899336,-0.006518818837092155
MEX,2007,-0.018830291880755468,-0.00760805043742252
MEX,2008,-0.008290212386336648,0.016565006158170803
MEX,2009,-0.04245579894411655,-0.07177550736119187
MEX,2010,0.007627020116643735,0.003652527715283682
MEX,2011,0.004536280175363672,-0.005842116971141564
MEX,2012,0.011783113967481995,-0.0011855713068040785
MEX,2013,-0.016371354387512582,-0.019937465311782532
MEX,2014,-0.007438850238662198,-0.009644172906980941
MEX,2015,-0.008869487259449471,-0.028019697752698747
MEX,2016,-0.011706597455356516,-0.014322592803450718
MEX,2017,-0.01771878082915812,-0.007159173639170291
MEX,2018,-0.01592865064358051,-0.02058376487950042
MEX,2019,-0.035045765997317346,-0.03194882179749037
MEX,2020,-0.05357265052170668,-0.05738465591330133
MEX,2021,-0.0091666112834492,-0.011653987109145447
MEX,2022,-0.0022564534570381767,-0.004347062917700484
MEX,2023,0.010700640793562144,0.07632224160797563
MEX,2024,-0.008346088358841541,0.6363713047559507
MEX,2025,NA,NA
NLD,1990,NA,NA
NLD,1991,0.005629750432163405,0.006921510552574617
NLD,1992,-0.010135193417388777,-0.025397731042943406
NLD,1993,-0.006399690376220235,-0.006764647256416012
NLD,1994,-0.008767518147854148,-0.1896039121223918
NLD,1995,0.001171453839917902,-0.16783916468897075
NLD,1996,-2.4520086272161734e-4,0.002919951478601135
NLD,1997,0.0015377618838456897,0.0018745212016817447
NLD,1998,0.007929054890345455,-0.005365065873224495
NLD,1999,0.010772225675102831,-0.04288461062401616
NLD,2000,-0.004968714798772922,-0.005105916323621784
NLD,2001,0.0011063469721612762,-0.010226291291726142
NLD,2002,-0.016892500615115935,-0.0192587686871466
NLD,2003,-0.0228105484774499,-0.008621878441358533
NLD,2004,-0.014358405995018586,-0.02014255100569784
NLD,2005,-0.008745751620359954,-0.005585446222253765
NLD,2006,0.002969080067073193,0.0010163406141465714
NLD,2007,0.010304260110382657,0.007084839849499147
NLD,2008,0.013188396272342473,-0.01248495045341258
NLD,2009,-0.006015799844902858,-0.001888065916585191
NLD,2010,-0.019373212861557576,-9.499123336507154e-4
NLD,2011,-0.004668152065651299,-0.008075148300250135
NLD,2012,-0.02511650755437067,-0.03245441665018767
NLD,2013,-0.01649188815046365,-0.013043152800273461
NLD,2014,-0.008280351066808578,-0.017236457149326867
NLD,2015,-0.007586847908973127,-0.007293640211869956
NLD,2016,8.121836341388189e-4,-0.01297869363745896
NLD,2017,-0.00326837405900271,0.0068131212364264115
NLD,2018,-0.006537992586569175,0.0066432053180705
NLD,2019,-0.001827892810016607,-0.01749198175177291
NLD,2020,-3.454715055895008e-5,-0.005602431883103165
NLD,2021,-0.0025193504720224524,0.028305306309723832
NLD,2022,0.008188254853653376,-0.022746656756572392
NLD,2023,-0.032472659801802806,-0.0049489927379138265
NLD,2024,-0.012832141274554232,0.6384359072774899
NLD,2025,NA,NA
NOR,1990,NA,NA
NOR,1991,0.015032617861050923,0.002835243867039594
NOR,1992,0.009990438084663822,-0.008363284623841949
NOR,1993,0.010198360812619711,0.00583924022858362
NOR,1994,0.011520868744309354,-0.1848967245677695
NOR,1995,0.011244784988891254,-0.16237055810180934
NOR,1996,0.014724946941578665,0.03522804999922968
NOR,1997,0.011166614700387711,0.015177385697755952
NOR,1998,-0.010918409460598966,-0.05139432511171016
NOR,1999,-0.01823084629978844,-0.03668987812447
NOR,2000,-0.012944087463276688,0.08836947311448107
NOR,2001,9.95301519756353e-4,-0.0014540319168485638
NOR,2002,-0.00456996913898422,-0.03386218859260026
NOR,2003,-0.0156206570279398,-0.011841097608796147
NOR,2004,0.0026498462698576475,0.031169813534523527
NOR,2005,-0.006781276534306713,0.06180725984639324
NOR,2006,-0.01407102644080993,0.013116022696184615
NOR,2007,-0.007134732986154191,-0.013969645083019344
NOR,2008,-0.011503452696748795,0.0523625278197386
NOR,2009,0.004113480212641463,-0.07636112044178311
NOR,2010,-0.03185982285139133,-0.006406663577836369
NOR,2011,-0.019572419097643845,0.016378861320909266
NOR,2012,0.001997168263375926,0.006951902632366114
NOR,2013,-0.015239212283466586,-0.014142517026035861
NOR,2014,-0.011537883119741466,-0.017942488757132224
NOR,2015,-0.01599538793116473,-0.05660903656581695
NOR,2016,-0.0150868902223813,-0.048748921509400134
NOR,2017,-0.008251871482512385,0.0015782695571271432
NOR,2018,-0.02135115605769755,0.01607813446137385
NOR,2019,-0.013611563828437312,-0.057989536326712
NOR,2020,0.026345786077124345,-0.021782756178184925
NOR,2021,-0.02522727550488213,0.08300287182178145
NOR,2022,-0.008207822891355576,0.19780196631364078
NOR,2023,-0.027337632488363184,NA
NOR,2024,-0.005681571414230646,NA
NOR,2025,NA,NA
NZL,1990,NA,NA
NZL,1991,-0.059961716884787464,-0.10174190216896051
NZL,1992,-0.018993608052037203,-0.01909818214603476
NZL,1993,0.038081217548743496,0.03129053429592865
NZL,1994,0.004280899291726925,-0.17312640274866808
NZL,1995,0.006383229481786046,-0.1761800208051323
NZL,1996,-0.009061421249656476,-0.025035306868248952
NZL,1997,-0.02617203525613654,-0.0046236382805719956
NZL,1998,-0.030624490054693254,-0.025616047231753925
NZL,1999,0.01510758777243737,-0.06214356862868087
NZL,2000,-0.016657881231392224,-0.013963100902049774
NZL,2001,0.010400950150174282,0.03106889449218464
NZL,2002,0.015191084554762924,0.01154048824306031
NZL,2003,0.00841273524100039,0.027036442277490025
NZL,2004,-0.0045949784100685065,-0.010578610286271939
NZL,2005,-0.004893018167610563,-0.016314652962178045
NZL,2006,-0.014455274924403128,-0.03329031968564067
NZL,2007,-0.004662347319856153,0.02749838586939468
NZL,2008,-0.022475998971650313,-0.020750006046233338
NZL,2009,0.025124414110264226,0.0514141476335066
NZL,2010,-0.023215028128044324,-0.018277177997095606
NZL,2011,-0.0036282834887888527,0.011292405219553103
NZL,2012,0.006084416932552017,-0.002262647328700851
NZL,2013,0.0024306932172599716,0.02974003592712826
NZL,2014,-9.647435653370451e-4,-0.007278180688258473
NZL,2015,-0.008875841467036238,-0.0057610929435298885
NZL,2016,-0.0029229591849340153,0.005865742826255627
NZL,2017,-0.011499988124093363,0.002186092322537192
NZL,2018,-0.005686642688022658,-0.006349107583892177
NZL,2019,-0.011632164477772378,0.004782505125843883
NZL,2020,0.026949843403389906,0.03965622125851276
NZL,2021,-0.015332925244930351,-0.03444776580366238
NZL,2022,-7.720631192249527e-4,-0.017195011339447674
NZL,2023,-0.027115702684683995,-0.03377013738047552
NZL,2024,-0.017304661166786417,NA
NZL,2025,NA,NA
POL,1990,NA,NA
POL,1991,-0.08519327664466303,NA
POL,1992,0.003645973228055155,NA
POL,1993,0.023636358139926372,NA
POL,1994,0.018749585980165406,NA
POL,1995,0.05130992860294015,NA
POL,1996,0.02949176045853008,0.023522792075981513
POL,1997,0.026703578223287394,0.021445878982929045
POL,1998,0.014018536873281917,0.015164743929718227
POL,1999,0.014519135368455949,-0.05038858037664973
POL,2000,0.006762731642886877,-0.01063537491676314
POL,2001,-0.00196024676907669,-0.004775715186093876
POL,2002,0.006368143989442743,-3.470127525755373e-4
POL,2003,0.016505433258961588,0.007225246682912356
POL,2004,0.01923143876625666,0.007783853467314472
POL,2005,0.006033796176462047,0.022504325031905026
POL,2006,0.03073340452372797,0.013277719677445177
POL,2007,0.04023207675414753,0.04424835681165362
POL,2008,0.039045831371121054,0.06041109966279201
POL,2009,0.061252681277995435,0.04997833610502589
POL,2010,0.006759558955700129,-0.004549239727003496
POL,2011,0.0334307534694922,0.02536048368966526
POL,2012,0.0032094181715116576,-0.007047119028470661
POL,2013,-0.005727308120251351,7.298988933808204e-4
POL,2014,0.01847192965195177,0.02128132963246543
POL,2015,0.019876342498145405,0.03082985563767693
POL,2016,0.012672175904988592,0.013514398959328489
POL,2017,0.025304350825914312,0.02172427861184545
POL,2018,0.03774937760653785,0.03420045968001517
POL,2019,0.026968572972366545,0.03167272888939365
POL,2020,0.04525388924677998,0.06450816080239008
POL,2021,0.013995237503239721,-0.007097593046527351
POL,2022,-0.0014927514891081017,-0.008848812220545454
POL,2023,-0.010141518578373976,0.008403756099550463
POL,2024,0.0155631509051819,0.6650350603112365
POL,2025,NA,NA
PRT,1990,NA,NA
PRT,1991,0.035181283113638884,NA
PRT,1992,-0.008276429126039986,NA
PRT,1993,-0.033566238900361256,NA
PRT,1994,-0.024815824241329665,NA
PRT,1995,0.014690290726294464,NA
PRT,1996,0.0013858081415971668,-0.009863944402653146
PRT,1997,0.0037360231726388804,-0.002806289953186436
PRT,1998,0.010535315785897836,0.017388179721519847
PRT,1999,8.979493502891955e-4,-0.05371119950999592
PRT,2000,-0.00869334513871678,-0.03252030915379578
PRT,2001,-0.0021590321227211717,-6.245062564094184e-4
PRT,2002,-0.010745806687738835,5.114349003552121e-4
PRT,2003,-0.032196148058060814,-0.024178925362955184
PRT,2004,-0.015476012381903104,-0.019589616303928636
PRT,2005,-0.020617404119972704,-0.023818345474795777
PRT,2006,-0.015885118842064117,-0.039748429729144164
PRT,2007,-0.0028193141375236763,0.00490505403837993
PRT,2008,-0.00211423902144503,-0.005472206192864704
PRT,2009,0.003748478904793018,0.013334368771690919
PRT,2010,-0.010583249397074113,-0.017439904364799474
PRT,2011,-0.034982221981053385,-0.027190544989686316
PRT,2012,-0.048849055611629666,-0.05354252707765639
PRT,2013,-0.017691060536780157,-0.001994685016049047
PRT,2014,-0.008061908480067714,-0.012470591119345897
PRT,2015,-0.00472964288270461,0.0010133921903907606
PRT,2016,0.004442599196455177,0.01416846343628464
PRT,2017,0.009402883757397618,0.005743638127658102
PRT,2018,0.006572679690368233,0.0035310797609735545
PRT,2019,0.0071392392536306915,0.008157306096194361
PRT,2020,-0.043550261358483056,-0.02516188284079135
PRT,2021,-0.006294149303323948,-0.013050269305907136
PRT,2022,0.03053241763208625,0.01154273251909288
PRT,2023,0.003562271339649925,0.030106310138505066
PRT,2024,-0.006843461820203345,0.6608663518705082
PRT,2025,NA,NA
SVK,1990,NA,NA
SVK,1991,-0.1650882971414056,NA
SVK,1992,-0.09362778427756702,NA
SVK,1993,0.0036404927876976245,NA
SVK,1994,0.02408721110331058,NA
SVK,1995,0.029306601951027744,NA
SVK,1996,0.028182766419590166,0.0017970170198324809
SVK,1997,0.016712858808769937,0.021107050291769625
SVK,1998,0.0048095864516124465,-0.008502594450204626
SVK,1999,-0.03739605498430976,-0.10928604365477312
SVK,2000,-0.03219912957623805,-0.014455178504650945
SVK,2001,0.018403654631452326,0.015325349955615408
SVK,2002,0.030437107893304116,0.028386122198430286
SVK,2003,0.028206637884752084,-0.020818203902232213
SVK,2004,0.021115163689117367,0.029084814301993944
SVK,2005,0.0354038181921883,0.049313905613995956
SVK,2006,0.05458513386516728,0.03125423338620692
SVK,2007,0.07606450151745925,0.07195434762207142
SVK,2008,0.04666485601278403,0.05490426739416243
SVK,2009,-0.02240503874104327,-0.027933369708559752
SVK,2010,0.03609631069267216,0.010725095806837004
SVK,2011,0.013624456235529436,-0.009254785240822017
SVK,2012,0.0024814471677707672,0.0071952797774841315
SVK,2013,-0.007510107274312006,-0.0029431920314291204
SVK,2014,0.005039170104302215,-0.002571589458852941
SVK,2015,0.025641252489046806,0.0077339973361070236
SVK,2016,-1.1094193131100383e-4,-0.00569498121783063
SVK,2017,0.0021553721073761523,0.004429782988779607
SVK,2018,0.01542165838344367,0.012724079226089202
SVK,2019,0.003144506948190795,-0.009941732501680178
SVK,2020,0.017462942520984015,0.03089585184837773
SVK,2021,4.65906863551524e-4,-0.0330780836682294
SVK,2022,-0.028733680086933333,-0.061729458194896836
SVK,2023,0.004268303532581896,0.005964243817228265
SVK,2024,0.0018875939161020483,0.6563742325256143
SVK,2025,NA,NA
SVN,1990,NA,NA
SVN,1991,NA,NA
SVN,1992,NA,NA
SVN,1993,NA,NA
SVN,1994,NA,NA
SVN,1995,NA,NA
SVN,1996,-0.0011635440129094121,8.445396635732294e-4
SVN,1997,0.017328525823813834,0.014239714704453732
SVN,1998,8.106019571680889e-4,0.0013986275006008242
SVN,1999,0.018885272343835524,-0.038254176720551314
SVN,2000,-0.007594770214627289,-0.02586124451528171
SVN,2001,0.012253208489479306,0.02150706422216153
SVN,2002,0.017804236283634367,0.02044778501420197
SVN,2003,0.011732902381181631,0.013058934586853255
SVN,2004,0.013145908184380772,0.0022644863632415024
SVN,2005,0.009495109979550165,0.001435735748172462
SVN,2006,0.023696556117062784,0.007421494264535866
SVN,2007,0.03787398920537477,0.03914327393620631
SVN,2008,0.027768740075782006,0.0275931862693799
SVN,2009,-0.052210934028455114,-0.03278718495095845
SVN,2010,-0.01979247289296282,-0.04344187619520312
SVN,2011,-0.012988845165970986,-0.021087953675904103
SVN,2012,-0.04308330910432012,-0.0537088277406248
SVN,2013,-0.022891403784663922,-0.015061086216194397
SVN,2014,0.005505934067127072,0.013874713709652653
SVN,2015,-0.0012090906422344005,-0.014288042471440221
SVN,2016,0.011403383452433857,0.023183345051867477
SVN,2017,0.02508466772184903,0.028867510589057233
SVN,2018,0.01689714318960256,0.020752551513712802
SVN,2019,0.00822097153504231,0.007227831079138269
SVN,2020,-0.0032957021313571033,0.011828084351916957
SVN,2021,0.020278983489161462,-0.008780283139179446
SVN,2022,-0.005587961742921976,-0.03198912724953651
SVN,2023,0.001628153199362714,0.04187419178041907
SVN,2024,-0.002874222884013733,0.65260898053144345
SVN,2025,NA,NA
SWE,1990,NA,NA
SWE,1991,-0.028685750626195272,-0.03637000829203174
SWE,1992,-0.03706943152914555,-0.058006120326329125
SWE,1993,-0.037719505530871444,-0.061146554555209676
SWE,1994,-7.281220771506725e-4,-0.17032118369456128
SWE,1995,0.01066380579650783,-0.15398069022573146
SWE,1996,-0.013807827083695656,-0.023521295081623705
SWE,1997,-0.005186369729369034,-0.009586488474559118
SWE,1998,0.0096463119269945,0.008910030847742334
SWE,1999,0.008735541671610392,-0.04287752654849619
SWE,2000,0.004603328336251877,0.0011081966903603302
SWE,2001,-0.0037109911220625236,-0.009940926452594923
SWE,2002,0.006206601222361385,-5.82806191680163e-4
SWE,2003,-0.003924400635948899,0.005943022857309188
SWE,2004,0.0061489987469176555,-0.010906280774815258
SWE,2005,-0.0026920361359685785,-5.822309275984594e-4
SWE,2006,0.009259203883045686,0.012857874439195172
SWE,2007,-7.580286317985241e-4,0.016221012917633004
SWE,2008,-0.020986035327405617,-0.005332102218808643
SWE,2009,-0.015536905979647742,-0.03217705468455634
SWE,2010,0.019941812845470253,0.02097325756081858
SWE,2011,0.0059581614121615445,-0.0030397727677211606
SWE,2012,-0.022953140605448397,-0.025988151874024368
SWE,2013,-0.01050462111324002,-0.011077741699324406
SWE,2014,-0.008121551078804856,-0.011421914230737684
SWE,2015,0.008332760094919678,-0.0029422427261796003
SWE,2016,-0.008548343498656408,-0.011357708939391031
SWE,2017,-0.020383059533441994,-0.01242734652416111
SWE,2018,-0.01706440945464749,-0.016706808551298025
SWE,2019,-0.0029258782557928242,0.006666138170913882
SWE,2020,0.018739733410434667,0.02695195153806118
SWE,2021,-0.013259660522011885,-0.01461270173109952
SWE,2022,-0.02929366043987791,-0.028323525143299833
SWE,2023,-0.02546038908058179,-0.019942568102655045
SWE,2024,-0.011866898525402902,0.6367005158468118
SWE,2025,NA,NA
USA,1990,NA,NA
USA,1991,-0.024787416943992113,-0.025614860818690133
USA,1992,0.0018136126412287012,-0.008394072913283424
USA,1993,0.002344730094865355,-0.0063480339815296105
USA,1994,-0.004631722533419591,-0.19040618970325873
USA,1995,-0.009743068499940222,-0.18170388542502636
USA,1996,-0.0039209831346980195,-5.797007842041069e-4
USA,1997,-0.0033121654242940224,0.001961003590132293
USA,1998,8.443656229317753e-4,0.008038684557318376
USA,1999,0.0035773290942131553,-0.06015255787090723
USA,2000,-0.010080620323901002,-0.00570763150026643
USA,2001,-0.014808563709101108,-0.0102809553907246
USA,2002,-0.005611594295645617,-0.007625031796418824
USA,2003,-7.552619319124432e-4,-0.006917586369668882
USA,2004,-0.002087900747786975,-0.0036848887566627297
USA,2005,-0.001575491064851775,-0.003426794439969072
USA,2006,-0.012234794943323024,-0.014554181647843834
USA,2007,-0.015359411938263179,-0.022762161970588224
USA,2008,-0.012116365725928446,-0.01908329971544731
USA,2009,0.0015002560550794186,0.0024133406183963757
USA,2010,-0.009178286465488128,-0.0027556563081692076
USA,2011,-0.009936592360633156,-0.0036552596870631504
USA,2012,0.0032986808037946957,0.009473879027160237
USA,2013,1.743522193446978e-4,-0.004506249119147654
USA,2014,-0.00358715450730962,8.190911402383705e-4
USA,2015,-0.0029329305805561035,-0.00215944923530742
USA,2016,-0.0075329924324183395,-0.01213109728279882
USA,2017,-0.007420630048629917,-0.006095360812448547
USA,2018,3.361849524718963e-4,0.0012417197362939447
USA,2019,0.002266085017074815,0.0014284785566065494
USA,2020,0.019113976483399853,0.015848905956120873
USA,2021,-0.001400591846481447,-0.002334508457037643
USA,2022,-0.011860617520589756,-6.651909164823167e-5
USA,2023,0.0037339026287579458,3.4240658648876376e-4
USA,2024,0.0016023604707822159,NA
USA,2025,NA,NA
