iso,year,gdp_const2000,cons_const2000,pop_thousands,ppp_gdp,ppp_actual_individual_consumption
AUS,1992,489718.0,393730.0,17587.0,1.31,1.3
AUS,1993,508800.0,401337.0,17766.0,1.31,1.3
AUS,1994,530222.0,419418.0,17961.0,1.31,1.3
AUS,1995,552848.0,435735.0,18195.0,1.31,1.3
AUS,1996,573801.0,446972.0,18420.0,1.31,1.3
AUS,1997,599393.0,467471.0,18625.0,1.31,1.3
AUS,1998,631221.0,489305.0,18836.0,1.31,1.3
AUS,1999,654955.0,507985.0,19046.0,1.31,1.3
AUS,2000,668426.0,521442.0,19282.0,1.31,1.3
AUS,2001,694359.0,536258.0,19529.0,1.31,1.3
AUS,2002,716641.0,557582.0,19757.0,1.31,1.3
AUS,2003,743681.0,584637.0,20007.0,1.31,1.3
AUT,1992,173419.0,135803.0,7840.7,0.914,0.877
AUT,1993,173997.0,136529.0,7905.6,0.914,0.877
AUT,1994,178627.0,140739.0,7936.1,0.914,0.877
AUT,1995,182038.0,142265.0,7948.3,0.914,0.877
AUT,1996,186806.0,146447.0,7959.0,0.914,0.877
AUT,1997,190242.0,147621.0,7968.0,0.914,0.877
AUT,1998,197017.0,150260.0,7976.8,0.914,0.877
AUT,1999,203560.0,153609.0,7992.3,0.914,0.877
AUT,2000,210392.0,158155.0,8011.6,0.914,0.877
AUT,2001,211901.0,158817.0,8031.6,0.914,0.877
AUT,2002,214372.0,159095.0,8053.1,0.914,0.877
AUT,2003,215996.0,160036.0,8098.0,0.914,0.877
BEL,1992,206888.0,161431.0,10047.0,0.921,0.897
BEL,1993,204898.0,160835.0,10086.0,0.921,0.897
BEL,1994,211510.0,164222.0,10116.0,0.921,0.897
BEL,1995,216554.0,166778.0,10137.0,0.921,0.897
BEL,1996,219100.0,169280.0,10155.0,0.921,0.897
BEL,1997,226686.0,171781.0,10180.0,0.921,0.897
BEL,1998,231289.0,176150.0,10203.0,0.921,0.897
BEL,1999,238671.0,180799.0,10222.0,0.921,0.897
BEL,2000,247924.0,186541.0,10246.0,0.921,0.897
BEL,2001,249706.0,188841.0,10281.0,0.921,0.897
BEL,2002,251963.0,190468.0,10330.0,0.921,0.897
BEL,2003,255135.0,194877.0,10374.0,0.921,0.897
CAN,1992,785316.0,647344.0,28366.7,1.23,1.21
CAN,1993,803732.0,655543.0,28681.7,1.23,1.21
CAN,1994,842393.0,667071.0,28999.0,1.23,1.21
CAN,1995,865837.0,675652.0,29302.1,1.23,1.21
CAN,1996,879778.0,685828.0,29610.8,1.23,1.21
CAN,1997,917122.0,707601.0,29907.2,1.23,1.21
CAN,1998,954550.0,727977.0,30157.1,1.23,1.21
CAN,1999,1008100.0,752622.0,30403.9,1.23,1.21
CAN,2000,1061042.0,781236.0,30689.0,1.23,1.21
CAN,2001,1079923.0,804231.0,31021.3,1.23,1.21
CAN,2002,1116950.0,830047.0,31361.6,1.23,1.21
CAN,2003,1139279.0,857276.0,31629.7,1.23,1.21
CHE,1992,371401.0,268335.0,6943.0,1.9,1.91
CHE,1993,370549.0,266664.0,6989.0,1.9,1.91
CHE,1994,374501.0,269729.0,7037.0,1.9,1.91
CHE,1995,375921.0,271672.0,7081.0,1.9,1.91
CHE,1996,377883.0,274436.0,7105.0,1.9,1.91
CHE,1997,385091.0,277834.0,7113.0,1.9,1.91
CHE,1998,395847.0,283011.0,7132.0,1.9,1.91
CHE,1999,401047.0,288564.0,7167.0,1.9,1.91
CHE,2000,415529.0,295430.0,7209.0,1.9,1.91
CHE,2001,419856.0,302352.0,7285.0,1.9,1.91
CHE,2002,421222.0,304677.0,7343.0,1.9,1.91
CHE,2003,419737.0,306581.0,7405.0,1.9,1.91
DEU,1992,1802830.0,1408930.0,80594.0,0.981,0.929
DEU,1993,1783246.0,1410513.0,81179.0,0.981,0.929
DEU,1994,1825093.0,1430340.0,81422.0,0.981,0.929
DEU,1995,1856633.0,1457795.0,81661.0,0.981,0.929
DEU,1996,1870857.0,1475459.0,81896.0,0.981,0.929
DEU,1997,1896934.0,1483267.0,82052.0,0.981,0.929
DEU,1998,1934040.0,1510068.0,82029.0,0.981,0.929
DEU,1999,1973620.0,1554723.0,82087.0,0.981,0.929
DEU,2000,2030000.0,1582600.0,82188.0,0.981,0.929
DEU,2001,2047007.0,1607164.0,82340.0,0.981,0.929
DEU,2002,2048656.0,1606183.0,82482.0,0.981,0.929
DEU,2003,2046182.0,1606679.0,82520.0,0.981,0.929
DNK,1992,1033785.0,790110.0,5171.0,8.41,8.14
DNK,1993,1033771.0,803658.0,5189.0,8.41,8.14
DNK,1994,1090277.0,846031.0,5206.0,8.41,8.14
DNK,1995,1120290.0,859009.0,5230.0,8.41,8.14
DNK,1996,1148506.0,882880.0,5262.0,8.41,8.14
DNK,1997,1182612.0,902168.0,5285.0,8.41,8.14
DNK,1998,1211799.0,925140.0,5303.0,8.41,8.14
DNK,1999,1243732.0,935440.0,5321.0,8.41,8.14
DNK,2000,1278956.0,933818.0,5338.0,8.41,8.14
DNK,2001,1298873.0,941257.0,5357.0,8.41,8.14
DNK,2002,1312086.0,952120.0,5376.0,8.41,8.14
DNK,2003,1317896.0,960885.0,5390.0,8.41,8.14
ESP,1992,484636.0,383406.0,39010.9,0.742,0.71
ESP,1993,479637.0,380024.0,39096.2,0.742,0.71
ESP,1994,491068.0,383662.0,39166.3,0.742,0.71
ESP,1995,504609.0,390875.0,39223.0,0.742,0.71
ESP,1996,516908.0,398495.0,39278.8,0.742,0.71
ESP,1997,537720.0,410834.0,39348.1,0.742,0.71
ESP,1998,561086.0,428070.0,39453.4,0.742,0.71
ESP,1999,584785.0,447546.0,39626.2,0.742,0.71
ESP,2000,610541.0,467409.0,39927.4,0.742,0.71
ESP,2001,627606.0,481321.0,40265.5,0.742,0.71
ESP,2002,641616.0,496460.0,40546.2,0.742,0.71
ESP,2003,657643.0,511906.0,40809.3,0.742,0.71
FIN,1992,97315.0,77593.0,5042.0,0.979,1.019
FIN,1993,96106.0,74543.0,5066.0,0.979,1.019
FIN,1994,99888.0,75978.0,5089.0,0.979,1.019
FIN,1995,103330.0,78563.0,5108.0,0.979,1.019
FIN,1996,107353.0,81217.0,5125.0,0.979,1.019
FIN,1997,114066.0,83876.0,5140.0,0.979,1.019
FIN,1998,119769.0,86884.0,5153.0,0.979,1.019
FIN,1999,123807.0,89389.0,5165.0,0.979,1.019
FIN,2000,130145.0,91315.0,5176.0,0.979,1.019
FIN,2001,131532.0,93152.0,5188.0,0.979,1.019
FIN,2002,134522.0,95214.0,5201.0,0.979,1.019
FIN,2003,137243.0,98523.0,5213.0,0.979,1.019
FRA,1992,1209875.0,969963.0,58754.4,0.915,0.88
FRA,1993,1199141.0,980259.0,59000.3,0.915,0.88
FRA,1994,1223915.0,990478.0,59209.7,0.915,0.88
FRA,1995,1244356.0,998711.0,59418.7,0.915,0.88
FRA,1996,1258080.0,1014492.0,59624.4,0.915,0.88
FRA,1997,1282040.0,1022200.0,59830.7,0.915,0.88
FRA,1998,1325645.0,1046102.0,60046.7,0.915,0.88
FRA,1999,1368240.0,1074411.0,60296.5,0.915,0.88
FRA,2000,1420138.0,1103092.0,60594.3,0.915,0.88
FRA,2001,1449899.0,1134101.0,60916.3,0.915,0.88
FRA,2002,1467080.0,1162013.0,61236.8,0.915,0.88
FRA,2003,1473939.0,1182325.0,61539.7,0.915,0.88
GBR,1992,739540.0,636928.0,57563.0,0.632,0.607
GBR,1993,756787.0,649629.0,57672.0,0.632,0.607
GBR,1994,790282.0,666474.0,57797.0,0.632,0.607
GBR,1995,812825.0,677027.0,57928.0,0.632,0.607
GBR,1996,835723.0,697957.0,58043.0,0.632,0.607
GBR,1997,863113.0,716989.0,58167.0,0.632,0.607
GBR,1998,889809.0,740873.0,58305.0,0.632,0.607
GBR,1999,915236.0,772101.0,58481.0,0.632,0.607
GBR,2000,950561.0,803627.0,58643.0,0.632,0.607
GBR,2001,972441.0,826389.0,59031.0,0.632,0.607
GBR,2002,989637.0,854491.0,59207.0,0.632,0.607
GBR,2003,1011863.0,876604.0,59375.0,0.632,0.607
GRC,1992,100240.0,87314.0,10500.3,0.684,0.666
GRC,1993,98637.0,87142.0,10558.2,0.684,0.666
GRC,1994,100609.0,88377.0,10606.1,0.684,0.666
GRC,1995,102722.0,91067.0,10634.4,0.684,0.666
GRC,1996,105144.0,93005.0,10709.2,0.684,0.666
GRC,1997,108969.0,95555.0,10776.5,0.684,0.666
GRC,1998,112634.0,98608.0,10834.9,0.684,0.666
GRC,1999,116486.0,100969.0,10882.6,0.684,0.666
GRC,2000,121701.0,105338.0,10917.4,0.684,0.666
GRC,2001,126900.0,107156.0,10937.7,0.684,0.666
GRC,2002,131503.0,110894.0,10950.2,0.684,0.666
GRC,2003,137417.0,114212.0,10980.5,0.684,0.666
IRL,1992,54246.0,39797.0,3555.0,0.953,0.931
IRL,1993,55707.0,40686.0,3574.0,0.953,0.931
IRL,1994,58913.0,42438.0,3586.0,0.953,0.931
IRL,1995,64589.0,43944.0,3601.3,0.953,0.931
IRL,1996,69937.0,46454.0,3626.1,0.953,0.931
IRL,1997,77516.0,49587.0,3660.6,0.953,0.931
IRL,1998,84398.0,52988.0,3710.8,0.953,0.931
IRL,1999,93767.0,57478.0,3751.4,0.953,0.931
IRL,2000,103065.0,62538.0,3799.9,0.953,0.931
IRL,2001,109258.0,66644.0,3858.8,0.953,0.931
IRL,2002,115958.0,69276.0,3926.3,0.953,0.931
IRL,2003,120195.0,71063.0,3991.0,0.953,0.931
ISL,1992,493660.0,409121.0,261.1,83.2,81.2
ISL,1993,497573.0,397346.0,263.8,83.2,81.2
ISL,1994,517633.0,410033.0,266.0,83.2,81.2
ISL,1995,518053.0,418632.0,267.4,83.2,81.2
ISL,1996,545096.0,436429.0,268.9,83.2,81.2
ISL,1997,570534.0,455656.0,270.9,83.2,81.2
ISL,1998,601799.0,493123.0,273.8,83.2,81.2
ISL,1999,626827.0,526092.0,277.2,83.2,81.2
ISL,2000,662616.0,547691.0,281.2,83.2,81.2
ISL,2001,677124.0,536092.0,285.1,83.2,81.2
ISL,2002,673665.0,537766.0,287.6,83.2,81.2
ISL,2003,702963.0,568646.0,289.3,83.2,81.2
ITA,1992,1017387.0,833879.0,56858.8,0.808,0.797
ITA,1993,1008396.0,810150.0,57049.4,0.808,0.797
ITA,1994,1030656.0,817900.0,57203.5,0.808,0.797
ITA,1995,1060791.0,824085.0,57300.8,0.808,0.797
ITA,1996,1072387.0,833886.0,57397.0,0.808,0.797
ITA,1997,1094116.0,855038.0,57512.2,0.808,0.797
ITA,1998,1113745.0,876617.0,57588.0,0.808,0.797
ITA,1999,1132274.0,896916.0,57646.3,0.808,0.797
ITA,2000,1166548.0,919482.0,57762.0,0.808,0.797
ITA,2001,1187129.0,933052.0,57894.0,0.808,0.797
ITA,2002,1191399.0,940351.0,57994.0,0.808,0.797
ITA,2003,1194463.0,954369.0,58095.0,0.808,0.797
JPN,1992,461960.4,323091.6,124320.0,155.0,160.0
JPN,1993,463104.1,328582.4,124670.0,155.0,160.0
JPN,1994,468191.9,337781.8,124960.0,155.0,160.0
JPN,1995,477242.4,345646.0,125570.0,155.0,160.0
JPN,1996,493551.9,354447.9,125864.0,155.0,160.0
JPN,1997,502702.7,357797.1,126166.0,155.0,160.0
JPN,1998,497030.6,359143.3,126486.0,155.0,160.0
JPN,1999,497314.3,363121.2,126686.0,155.0,160.0
JPN,2000,511462.4,369769.5,126926.0,155.0,160.0
JPN,2001,513680.7,377062.4,127291.0,155.0,160.0
JPN,2002,511865.9,381640.1,127435.0,155.0,160.0
JPN,2003,525475.8,385871.3,127619.0,155.0,160.0
MEX,1992,4221474.0,3484666.0,86238.0,6.12,5.76
MEX,1993,4303815.0,3540046.0,87797.0,6.12,5.76
MEX,1994,4493842.0,3694090.0,89352.0,6.12,5.76
MEX,1995,4216707.0,3382344.0,90163.6,6.12,5.76
MEX,1996,4434007.0,3443289.0,92159.3,6.12,5.76
MEX,1997,4734277.0,3649001.0,93938.1,6.12,5.76
MEX,1998,4972429.0,3831417.0,95786.1,6.12,5.76
MEX,1999,5152569.0,3998363.0,97199.0,6.12,5.76
MEX,2000,5490757.0,4295170.0,98657.7,6.12,5.76
MEX,2001,5491000.0,4377689.0,100051.2,6.12,5.76
MEX,2002,5526957.0,4428959.0,101398.4,6.12,5.76
MEX,2003,5598962.0,4558934.0,102708.2,6.12,5.76
NLD,1992,313914.0,235606.0,15182.0,0.925,0.867
NLD,1993,315959.0,237342.0,15290.0,0.925,0.867
NLD,1994,325010.0,240769.0,15381.0,0.925,0.867
NLD,1995,334867.0,246698.0,15460.0,0.925,0.867
NLD,1996,345045.0,252990.0,15526.0,0.925,0.867
NLD,1997,358290.0,260717.0,15607.0,0.925,0.867
NLD,1998,373874.0,272289.0,15703.0,0.925,0.867
NLD,1999,388812.0,283270.0,15809.0,0.925,0.867
NLD,2000,402291.0,291930.0,15922.0,0.925,0.867
NLD,2001,408031.0,299055.0,16043.0,0.925,0.867
NLD,2002,410350.0,305099.0,16147.0,0.925,0.867
NLD,2003,406746.0,304960.0,16224.0,0.925,0.867
NOR,1992,1090933.0,702755.0,4286.0,9.01,9.1
NOR,1993,1120664.0,720249.0,4312.0,9.01,9.1
NOR,1994,1179569.0,740040.0,4337.0,9.01,9.1
NOR,1995,1230967.0,762372.0,4358.0,9.01,9.1
NOR,1996,1295644.0,803955.0,4381.0,9.01,9.1
NOR,1997,1362871.0,828175.0,4405.0,9.01,9.1
NOR,1998,1398707.0,851713.0,4432.0,9.01,9.1
NOR,1999,1428546.0,879193.0,4462.0,9.01,9.1
NOR,2000,1469075.0,906618.0,4491.0,9.01,9.1
NOR,2001,1509127.0,934073.0,4513.0,9.01,9.1
NOR,2002,1529905.0,966112.0,4539.0,9.01,9.1
NOR,2003,1536304.0,995198.0,4565.0,9.01,9.1
NZL,1992,86646.0,68793.0,3552.2,1.45,1.4
NZL,1993,92233.0,71038.0,3597.9,1.45,1.4
NZL,1994,97114.0,74542.0,3648.2,1.45,1.4
NZL,1995,101128.0,77498.0,3706.7,1.45,1.4
NZL,1996,104695.0,80417.0,3762.3,1.45,1.4
NZL,1997,106215.0,83258.0,3802.6,1.45,1.4
NZL,1998,106753.0,85188.0,3829.2,1.45,1.4
NZL,1999,112265.0,88401.0,3851.2,1.45,1.4
NZL,2000,114842.0,89149.0,3873.0,1.45,1.4
NZL,2001,118769.0,91942.0,3912.1,1.45,1.4
NZL,2002,124160.0,95811.0,3975.9,1.45,1.4
NZL,2003,128685.0,100396.0,4039.4,1.45,1.4
PRT,1992,92740.0,76321.0,9962.7,0.65,0.629
PRT,1993,90845.0,76936.0,9973.8,0.65,0.629
PRT,1994,91722.0,78283.0,9997.8,0.65,0.629
PRT,1995,95650.0,78819.0,10030.4,0.65,0.629
PRT,1996,99041.0,81272.0,10057.9,0.65,0.629
PRT,1997,102963.0,83763.0,10091.1,0.65,0.629
PRT,1998,107679.0,87808.0,10129.3,0.65,0.629
PRT,1999,111772.0,92377.0,10171.9,0.65,0.629
PRT,2000,115548.0,95281.0,10225.8,0.65,0.629
PRT,2001,117430.0,96903.0,10293.0,0.65,0.629
PRT,2002,117881.0,98130.0,10368.4,0.65,0.629
PRT,2003,116467.0,97632.0,10443.6,0.65,0.629
SWE,1992,1761105.0,1494530.0,8668.0,9.19,8.95
SWE,1993,1725966.0,1461693.0,8719.0,9.19,8.95
SWE,1994,1797849.0,1474855.0,8781.0,9.19,8.95
SWE,1995,1870720.0,1482737.0,8827.0,9.19,8.95
SWE,1996,1894872.0,1501722.0,8841.0,9.19,8.95
SWE,1997,1941063.0,1522276.0,8846.0,9.19,8.95
SWE,1998,2011824.0,1569741.0,8851.0,9.19,8.95
SWE,1999,2103933.0,1617724.0,8858.0,9.19,8.95
SWE,2000,2194967.0,1661798.0,8872.0,9.19,8.95
SWE,2001,2217947.0,1671433.0,8896.0,9.19,8.95
SWE,2002,2261773.0,1700172.0,8925.0,9.19,8.95
SWE,2003,2294943.0,1721550.0,8959.0,9.19,8.95
TUR,1992,93761571.0,79665248.0,58401.0,270944.0,265653.0
TUR,1993,101301895.0,86505549.0,59491.0,270944.0,265653.0
TUR,1994,95775205.0,81835525.0,60573.0,270944.0,265653.0
TUR,1995,102662609.0,85959135.0,61646.0,270944.0,265653.0
TUR,1996,109854453.0,93262754.0,62695.0,270944.0,265653.0
TUR,1997,118125175.0,100683693.0,63745.0,270944.0,265653.0
TUR,1998,121777445.0,102030627.0,64789.0,270944.0,265653.0
TUR,1999,116043011.0,100333419.0,65819.0,270944.0,265653.0
TUR,2000,124583458.0,106636742.0,67461.0,270944.0,265653.0
TUR,2001,115245368.0,96922220.0,68610.0,270944.0,265653.0
TUR,2002,124397937.0,99318754.0,69666.0,270944.0,265653.0
TUR,2003,131606074.0,104851420.0,70802.0,270944.0,265653.0
USA,1992,7276.2,6228.9,256922.0,1.0,1.0
USA,1993,7472.0,6383.0,260282.0,1.0,1.0
USA,1994,7775.5,6575.1,263455.0,1.0,1.0
USA,1995,7972.8,6718.1,266588.0,1.0,1.0
USA,1996,8271.4,6911.4,269714.0,1.0,1.0
USA,1997,8647.6,7141.1,272958.0,1.0,1.0
USA,1998,9012.5,7458.5,276154.0,1.0,1.0
USA,1999,9417.1,7816.3,279328.0,1.0,1.0
USA,2000,9764.8,8143.5,282425.0,1.0,1.0
USA,2001,9838.9,8359.5,285358.0,1.0,1.0
USA,2002,10023.5,8635.7,288240.0,1.0,1.0
USA,2003,10330.0,8916.3,291085.0,1.0,1.0
