iso,country,year,gdp_nc,cons_nc,gni_nc,gni_approx,gdp_a3,acons_a4,gdp_b3,acons_b4,xr_c1,ppp_gdp_c2,ppp_cons_c3,pop_c4
AUS,Australia,1992,489718.0,393730.0,467551.0,0,283.9,201.8,372.8,267.3,1.3617,1.35,1.33,17587.0
AUS,Australia,1993,508800.0,401337.0,482910.0,0,295.0,206.6,387.4,273.6,1.4706,1.34,1.32,17766.0
AUS,Australia,1994,530222.0,419418.0,501254.0,0,307.4,216.8,403.7,287.1,1.3678,1.32,1.31,17961.0
AUS,Australia,1995,552848.0,435735.0,525446.0,0,320.5,225.1,420.9,298.1,1.349,1.31,1.31,18195.0
AUS,Australia,1996,573801.0,446972.0,550497.0,0,332.7,231.6,436.8,306.7,1.2779,1.32,1.3,18420.0
AUS,Australia,1997,599393.0,467471.0,577561.0,0,347.5,242.6,456.3,321.3,1.3474,1.32,1.3,18625.0
AUS,Australia,1998,631221.0,489305.0,602831.0,0,366.0,254.8,480.6,337.5,1.5918,1.31,1.3,18836.0
AUS,Australia,1999,654955.0,507985.0,632204.0,0,379.7,265.1,498.6,351.1,1.55,1.3,1.3,19046.0
AUS,Australia,2000,668426.0,521442.0,649724.0,0,387.5,272.7,508.9,361.2,1.7248,1.31,1.3,19282.0
AUS,Australia,2001,694359.0,536258.0,677721.0,0,402.6,281.1,528.6,372.3,1.9334,1.33,1.31,19529.0
AUS,Australia,2002,716641.0,557582.0,701121.0,0,415.5,292.8,545.6,387.8,1.8406,1.34,1.31,19757.0
AUS,Australia,2003,743681.0,584637.0,738087.0,0,431.2,308.5,566.2,408.5,1.5419,1.35,1.3,20007.0
AUT,Austria,1992,173419.0,135803.0,172597.0,0,159.8,112.7,189.7,139.5,0.7986,0.939,0.935,7841.0
AUT,Austria,1993,173997.0,136529.0,172907.0,0,160.3,113.3,190.4,140.1,0.8453,0.943,0.946,7906.0
AUT,Austria,1994,178627.0,140739.0,177278.0,0,164.6,116.9,195.4,144.6,0.8301,0.948,0.951,7936.0
AUT,Austria,1995,182038.0,142265.0,179978.0,0,167.7,117.4,199.2,145.3,0.7327,0.947,0.951,7948.0
AUT,Austria,1996,186806.0,146447.0,185497.0,0,172.1,120.9,204.4,149.6,0.7694,0.938,0.941,7959.0
AUT,Austria,1997,190242.0,147621.0,187427.0,0,175.3,122.5,208.1,151.5,0.8869,0.937,0.935,7968.0
AUT,Austria,1998,197017.0,150260.0,194111.0,0,181.5,124.8,215.6,154.3,0.8996,0.94,0.937,7977.0
AUT,Austria,1999,203560.0,153609.0,200048.0,0,187.5,127.2,222.7,157.3,0.9386,0.931,0.917,7992.0
AUT,Austria,2000,210392.0,158155.0,206346.0,0,193.8,131.6,230.2,162.7,1.0854,0.914,0.877,8012.0
AUT,Austria,2001,211901.0,158817.0,207809.0,0,195.2,132.3,231.8,163.6,1.1175,0.92,0.881,8032.0
AUT,Austria,2002,214372.0,159095.0,214057.0,0,197.5,132.6,234.5,164.0,1.0626,0.912,0.867,8053.0
AUT,Austria,2003,215996.0,160036.0,216915.0,0,199.0,133.4,236.3,165.0,0.886,0.911,0.869,8098.0
BEL,Belgium,1992,206888.0,161431.0,211459.0,0,190.6,133.0,224.6,160.9,0.797,0.912,0.915,10047.0
BEL,Belgium,1993,204898.0,160835.0,213690.0,0,188.8,132.4,222.4,160.2,0.8576,0.927,0.92,10086.0
BEL,Belgium,1994,211510.0,164222.0,221848.0,0,194.9,135.6,229.6,164.1,0.8294,0.927,0.919,10116.0
BEL,Belgium,1995,216554.0,166778.0,226523.0,0,199.5,137.7,235.0,166.7,0.7308,0.919,0.917,10137.0
BEL,Belgium,1996,219100.0,169280.0,227806.0,0,201.9,139.9,237.8,169.3,0.7675,0.916,0.912,10155.0
BEL,Belgium,1997,226686.0,171781.0,234527.0,0,208.9,141.9,246.0,171.8,0.8868,0.927,0.924,10180.0
BEL,Belgium,1998,231289.0,176150.0,241642.0,0,213.1,145.8,251.0,176.5,0.8998,0.93,0.926,10203.0
BEL,Belgium,1999,238671.0,180799.0,247856.0,0,219.9,149.3,259.1,180.7,0.9386,0.94,0.941,10222.0
BEL,Belgium,2000,247924.0,186541.0,252593.0,0,228.4,153.8,269.1,186.1,1.0854,0.921,0.897,10246.0
BEL,Belgium,2001,249706.0,188841.0,254339.0,0,230.1,155.6,271.0,188.4,1.1175,0.899,0.874,10281.0
BEL,Belgium,2002,251963.0,190468.0,260209.0,0,232.1,156.4,273.5,189.3,1.0626,0.883,0.843,10330.0
BEL,Belgium,2003,255135.0,194877.0,261889.0,0,235.1,160.2,276.9,193.9,0.886,0.88,0.837,10374.0
CAN,Canada,1992,785316.0,647344.0,757147.0,0,528.8,382.7,636.7,469.0,1.2087,1.23,1.25,28367.0
CAN,Canada,1993,803732.0,655543.0,776421.0,0,541.2,389.6,651.6,477.4,1.2901,1.22,1.25,28682.0
CAN,Canada,1994,842393.0,667071.0,812364.0,0,567.2,401.2,682.9,491.7,1.3656,1.21,1.23,28999.0
CAN,Canada,1995,865837.0,675652.0,835678.0,0,583.0,407.5,701.9,499.4,1.3724,1.22,1.22,29302.0
CAN,Canada,1996,879778.0,685828.0,849952.0,0,592.4,415.1,713.2,508.7,1.3635,1.21,1.21,29611.0
CAN,Canada,1997,917122.0,707601.0,888578.0,0,617.5,428.6,743.5,525.3,1.3846,1.21,1.21,29907.0
CAN,Canada,1998,954550.0,727977.0,923907.0,0,642.7,440.0,773.9,539.3,1.4835,1.19,1.21,30157.0
CAN,Canada,1999,1008100.0,752622.0,974657.0,0,678.8,455.4,817.3,558.1,1.4857,1.19,1.21,30404.0
CAN,Canada,2000,1061042.0,781236.0,1033688.0,0,714.5,472.9,860.2,579.5,1.4851,1.23,1.21,30689.0
CAN,Canada,2001,1079923.0,804231.0,1049831.0,0,727.2,485.9,875.5,595.5,1.5488,1.22,1.21,31021.0
CAN,Canada,2002,1116950.0,830047.0,1091873.0,0,752.1,501.9,905.5,615.0,1.5693,1.23,1.22,31362.0
CAN,Canada,2003,1139279.0,857276.0,1117534.0,0,767.1,517.5,923.6,634.2,1.4011,1.25,1.22,31630.0
CHE,Switzerland,1992,371401.0,268335.0,377937.0,0,219.9,146.3,195.8,129.2,1.4062,2.02,2.11,6943.0
CHE,Switzerland,1993,370549.0,266664.0,383140.0,0,219.4,145.5,195.3,128.5,1.4776,2.03,2.13,6989.0
CHE,Switzerland,1994,374501.0,269729.0,389814.0,0,221.8,146.9,197.4,129.7,1.3677,2.02,2.09,7037.0
CHE,Switzerland,1995,375921.0,271672.0,397780.0,0,222.6,148.0,198.2,130.7,1.1825,1.99,2.08,7081.0
CHE,Switzerland,1996,377883.0,274436.0,400256.0,0,223.8,149.6,199.2,132.1,1.236,2.0,2.05,7105.0
CHE,Switzerland,1997,385091.0,277834.0,411510.0,0,228.0,152.1,203.0,134.3,1.4513,1.93,2.02,7113.0
CHE,Switzerland,1998,395847.0,283011.0,427694.0,0,234.4,155.5,208.7,137.4,1.4498,1.9,2.0,7132.0
CHE,Switzerland,1999,401047.0,288564.0,436082.0,0,237.5,158.6,211.4,140.1,1.5022,1.93,2.02,7167.0
CHE,Switzerland,2000,415529.0,295430.0,450327.0,0,246.0,162.4,219.0,143.5,1.6888,1.9,1.91,7209.0
CHE,Switzerland,2001,419856.0,302352.0,442669.0,0,248.6,166.3,221.3,146.9,1.6876,1.9,1.9,7285.0
CHE,Switzerland,2002,421222.0,304677.0,443236.0,0,249.4,167.8,222.0,148.2,1.5586,1.8,1.79,7343.0
CHE,Switzerland,2003,419737.0,306581.0,,,248.5,168.6,221.3,148.9,1.3467,1.8,1.77,7405.0
DEU,Germany,1992,1802830.0,1408930.0,1821637.0,0,1661.0,1149.5,1837.4,1343.6,0.7985,1.006,0.976,80594.0
DEU,Germany,1993,1783246.0,1410513.0,1807957.0,0,1642.9,1151.7,1817.4,1346.2,0.8453,1.02,0.988,81179.0
DEU,Germany,1994,1825093.0,1430340.0,1836539.0,0,1681.5,1170.5,1860.1,1368.2,0.8297,1.024,0.991,81422.0
DEU,Germany,1995,1856633.0,1457795.0,1871136.0,0,1710.6,1196.4,1892.2,1398.5,0.7327,1.024,0.989,81661.0
DEU,Germany,1996,1870857.0,1475459.0,1885338.0,0,1723.7,1211.8,1906.7,1416.5,0.7694,1.007,0.975,81896.0
DEU,Germany,1997,1896934.0,1483267.0,1900950.0,0,1747.7,1221.6,1933.3,1428.0,0.8866,1.006,0.974,82052.0
DEU,Germany,1998,1934040.0,1510068.0,1945238.0,0,1781.9,1245.3,1971.1,1455.7,0.8997,1.006,0.976,82029.0
DEU,Germany,1999,1973620.0,1554723.0,1987311.0,0,1818.3,1284.9,2011.4,1501.9,0.9386,1.004,0.973,82087.0
DEU,Germany,2000,2030000.0,1582600.0,2021240.0,0,1870.3,1309.8,2068.9,1531.0,1.0854,0.981,0.929,82188.0
DEU,Germany,2001,2047007.0,1607164.0,2035964.0,0,1885.9,1331.2,2086.2,1556.0,1.1175,0.976,0.934,82340.0
DEU,Germany,2002,2048656.0,1606183.0,2042710.0,0,1887.5,1329.0,2087.9,1553.5,1.0626,0.959,0.909,82482.0
DEU,Germany,2003,2046182.0,1606679.0,2056307.0,0,1885.2,1331.6,2085.4,1556.5,0.886,0.952,0.899,82520.0
DNK,Denmark,1992,1033785.0,790110.0,983789.0,0,127.9,86.9,123.0,86.2,6.0361,8.7,8.6,5171.0
DNK,Denmark,1993,1033771.0,803658.0,991774.0,0,127.9,88.3,123.0,87.7,6.4839,8.62,8.55,5189.0
DNK,Denmark,1994,1090277.0,846031.0,1046767.0,0,134.9,92.8,129.7,92.1,6.3606,8.59,8.58,5206.0
DNK,Denmark,1995,1120290.0,859009.0,1080639.0,0,138.6,94.3,133.2,93.6,5.6024,8.56,8.55,5230.0
DNK,Denmark,1996,1148506.0,882880.0,1114480.0,0,142.1,97.0,136.6,96.3,5.7987,8.53,8.52,5262.0
DNK,Denmark,1997,1182612.0,902168.0,1149574.0,0,146.3,99.3,140.7,98.6,6.6045,8.56,8.49,5285.0
DNK,Denmark,1998,1211799.0,925140.0,1182697.0,0,149.9,101.6,144.1,100.9,6.7008,8.54,8.46,5303.0
DNK,Denmark,1999,1243732.0,935440.0,1224986.0,0,153.9,103.0,147.9,102.3,6.9762,8.41,8.31,5321.0
DNK,Denmark,2000,1278956.0,933818.0,1252125.0,0,158.2,103.1,152.1,102.4,8.0831,8.41,8.14,5338.0
DNK,Denmark,2001,1298873.0,941257.0,1282929.0,0,160.7,104.3,154.5,103.6,8.3228,8.35,8.25,5357.0
DNK,Denmark,2002,1312086.0,952120.0,1297961.0,0,162.3,105.7,156.1,105.0,7.8947,8.43,8.23,5376.0
DNK,Denmark,2003,1317896.0,960885.0,1327037.0,0,163.0,106.7,156.8,105.9,6.5877,8.43,8.26,5390.0
ESP,Spain,1992,484636.0,383406.0,481709.6777700991,1,446.5,319.3,653.1,488.0,0.6153,0.661,0.654,39011.0
ESP,Spain,1993,479637.0,380024.0,478651.9643010572,1,441.9,315.3,646.3,481.8,0.7648,0.675,0.671,39096.0
ESP,Spain,1994,491068.0,383662.0,483658.61952168663,1,452.4,318.5,661.7,486.6,0.8051,0.687,0.687,39166.0
ESP,Spain,1995,504609.0,390875.0,506569.0,0,464.9,324.2,680.0,495.5,0.7494,0.707,0.704,39223.0
ESP,Spain,1996,516908.0,398495.0,517791.0,0,476.2,330.8,696.5,505.5,0.7613,0.717,0.718,39279.0
ESP,Spain,1997,537720.0,410834.0,536022.0,0,495.4,341.1,724.6,521.3,0.88,0.73,0.73,39348.0
ESP,Spain,1998,561086.0,428070.0,559539.0,0,516.9,355.7,756.1,543.5,0.8979,0.734,0.734,39453.0
ESP,Spain,1999,584785.0,447546.0,581987.0,0,538.8,372.0,788.0,568.5,0.9386,0.733,0.724,39626.0
ESP,Spain,2000,610541.0,467409.0,603564.0,0,562.5,388.0,822.7,593.0,1.0854,0.742,0.71,39927.0
ESP,Spain,2001,627606.0,481321.0,628584.0,0,578.2,399.3,845.7,610.2,1.1175,0.75,0.707,40266.0
ESP,Spain,2002,641616.0,496460.0,643778.0,0,591.1,411.5,864.6,628.8,1.0626,0.743,0.684,40546.0
ESP,Spain,2003,657643.0,511906.0,656005.0,0,605.9,423.9,886.2,647.8,0.886,0.744,0.677,40809.0
FIN,Finland,1992,97315.0,77593.0,93180.0,0,89.7,63.1,99.4,67.2,0.7534,0.952,1.064,5042.0
FIN,Finland,1993,96106.0,74543.0,91056.0,0,88.5,60.4,98.2,64.3,0.9607,0.954,1.081,5066.0
FIN,Finland,1994,99888.0,75978.0,96356.0,0,92.0,61.6,102.0,65.6,0.8785,0.951,1.069,5089.0
FIN,Finland,1995,103330.0,78563.0,101862.0,0,95.2,63.9,105.6,68.1,0.7344,0.977,1.061,5108.0
FIN,Finland,1996,107353.0,81217.0,106409.0,0,98.9,66.2,109.7,70.5,0.7726,0.968,1.05,5125.0
FIN,Finland,1997,114066.0,83876.0,113606.0,0,105.1,68.2,116.5,72.6,0.8731,0.96,1.035,5140.0
FIN,Finland,1998,119769.0,86884.0,119444.0,0,110.3,70.9,122.4,75.6,0.8988,0.972,1.045,5153.0
FIN,Finland,1999,123807.0,89389.0,123340.0,0,114.1,73.2,126.5,77.9,0.9386,0.982,1.051,5165.0
FIN,Finland,2000,130145.0,91315.0,128514.0,0,119.9,75.2,133.0,80.1,1.0854,0.979,1.019,5176.0
FIN,Finland,2001,131532.0,93152.0,130830.0,0,121.2,76.9,134.4,82.0,1.1175,0.976,1.016,5188.0
FIN,Finland,2002,134522.0,95214.0,133405.0,0,123.9,78.4,137.4,83.6,1.0626,0.967,0.998,5201.0
FIN,Finland,2003,137243.0,98523.0,133846.0,0,126.4,81.3,140.2,86.6,0.886,0.965,0.989,5213.0
FRA,France,1992,1209875.0,969963.0,1209694.0,0,1114.7,781.9,1322.3,964.5,0.807,0.964,0.949,58754.0
FRA,France,1993,1199141.0,980259.0,1204670.0,0,1104.8,786.1,1310.6,969.6,0.8634,0.964,0.952,59000.0
FRA,France,1994,1223915.0,990478.0,1224455.0,0,1127.6,796.7,1337.6,982.7,0.8464,0.96,0.951,59210.0
FRA,France,1995,1244356.0,998711.0,1243500.0,0,1146.4,805.5,1360.0,993.6,0.7609,0.956,0.951,59419.0
FRA,France,1996,1258080.0,1014492.0,1261338.0,0,1159.1,816.5,1375.0,1007.2,0.7799,0.948,0.943,59624.0
FRA,France,1997,1282040.0,1022200.0,1290424.0,0,1181.2,820.3,1401.2,1011.9,0.8898,0.932,0.92,59831.0
FRA,France,1998,1325645.0,1046102.0,1341565.0,0,1221.3,846.7,1448.8,1044.4,0.8994,0.928,0.915,60047.0
FRA,France,1999,1368240.0,1074411.0,1393897.0,0,1260.6,871.2,1495.4,1074.6,0.9386,0.928,0.913,60297.0
FRA,France,2000,1420138.0,1103092.0,1431769.0,0,1308.4,894.9,1552.1,1103.9,1.0854,0.915,0.88,60594.0
FRA,France,2001,1449899.0,1134101.0,1465690.0,0,1335.8,920.6,1584.6,1135.5,1.1175,0.9,0.865,60916.0
FRA,France,2002,1467080.0,1162013.0,1488778.0,0,1351.6,941.6,1603.4,1161.5,1.0626,0.9,0.843,61237.0
FRA,France,2003,1473939.0,1182325.0,1491445.0,0,1358.0,957.7,1610.9,1181.4,0.886,0.91,0.84,61540.0
GBR,United Kingdom,1992,739540.0,636928.0,733221.0,0,1118.9,859.0,1169.4,936.0,0.5698,0.619,0.605,57563.0
GBR,United Kingdom,1993,756787.0,649629.0,749498.0,0,1145.0,882.6,1196.6,961.7,0.6668,0.622,0.608,57672.0
GBR,United Kingdom,1994,790282.0,666474.0,784407.0,0,1195.7,906.8,1249.6,988.1,0.6534,0.618,0.609,57797.0
GBR,United Kingdom,1995,812825.0,677027.0,796198.0,0,1229.8,923.5,1285.2,1006.3,0.6337,0.622,0.614,57928.0
GBR,United Kingdom,1996,835723.0,697957.0,821197.0,0,1264.5,955.7,1321.4,1041.4,0.641,0.626,0.617,58043.0
GBR,United Kingdom,1997,863113.0,716989.0,861798.0,0,1305.9,988.0,1364.7,1076.5,0.6108,0.623,0.616,58167.0
GBR,United Kingdom,1998,889809.0,740873.0,901674.0,0,1346.3,1024.1,1407.0,1115.9,0.6038,0.634,0.626,58305.0
GBR,United Kingdom,1999,915236.0,772101.0,914222.0,0,1384.8,1065.5,1447.2,1161.1,0.6181,0.644,0.635,58481.0
GBR,United Kingdom,2000,950561.0,803627.0,952266.0,0,1438.2,1109.0,1503.0,1208.4,0.6609,0.632,0.607,58643.0
GBR,United Kingdom,2001,972441.0,826389.0,979360.0,0,1471.3,1137.9,1537.6,1239.9,0.6947,0.624,0.602,59031.0
GBR,United Kingdom,2002,989637.0,854491.0,1013884.0,0,1497.3,1174.4,1564.8,1279.6,0.6672,0.61,0.573,59207.0
GBR,United Kingdom,2003,1011863.0,876604.0,1038246.0,0,1531.0,1202.3,1599.9,1310.0,0.6125,0.62,0.58,59375.0
GRC,Greece,1992,100240.0,87314.0,103684.91412811834,1,93.5,72.7,146.5,117.0,0.5594,0.44,0.45,10500.0
GRC,Greece,1993,98637.0,87142.0,101696.21699298586,1,92.0,72.1,144.1,116.1,0.6728,0.493,0.502,10558.0
GRC,Greece,1994,100609.0,88377.0,103765.46591960955,1,93.8,73.5,147.0,118.3,0.712,0.536,0.546,10606.0
GRC,Greece,1995,102722.0,91067.0,105745.0,0,95.8,75.4,150.1,121.3,0.6799,0.577,0.582,10634.0
GRC,Greece,1996,105144.0,93005.0,107978.0,0,98.1,77.3,153.6,124.3,0.7064,0.61,0.617,10709.0
GRC,Greece,1997,108969.0,95555.0,112160.0,0,101.6,79.3,159.2,127.7,0.8013,0.638,0.641,10777.0
GRC,Greece,1998,112634.0,98608.0,115938.0,0,105.0,81.5,164.6,131.1,0.8673,0.665,0.668,10835.0
GRC,Greece,1999,116486.0,100969.0,118415.0,0,108.6,83.4,170.2,134.2,0.897,0.681,0.682,10883.0
GRC,Greece,2000,121701.0,105338.0,122761.0,0,113.5,85.0,177.8,136.8,1.0723,0.684,0.666,10917.0
GRC,Greece,2001,126900.0,107156.0,126822.0,0,118.3,87.5,185.4,140.7,1.1175,0.694,0.675,10938.0
GRC,Greece,2002,131503.0,110894.0,131884.0,0,122.6,90.4,192.1,145.4,1.0626,0.678,0.64,10950.0
GRC,Greece,2003,137417.0,114212.0,137977.0,0,128.1,94.3,200.8,151.7,0.886,0.685,0.643,10981.0
IRL,Ireland,1992,54246.0,39797.0,50611.0,0,50.0,33.1,56.9,38.5,0.7463,0.789,0.817,3555.0
IRL,Ireland,1993,55707.0,40686.0,52968.0,0,51.3,34.0,58.4,39.7,0.8599,0.812,0.821,3574.0
IRL,Ireland,1994,58913.0,42438.0,55516.0,0,54.3,35.6,61.8,41.5,0.849,0.808,0.825,3586.0
IRL,Ireland,1995,64589.0,43944.0,59015.0,0,59.5,36.6,67.7,42.6,0.792,0.815,0.83,3601.0
IRL,Ireland,1996,69937.0,46454.0,64585.0,0,64.4,38.7,73.4,45.1,0.7936,0.823,0.845,3626.0
IRL,Ireland,1997,77516.0,49587.0,70765.0,0,71.4,41.5,81.3,48.3,0.8376,0.831,0.842,3661.0
IRL,Ireland,1998,84398.0,52988.0,76543.0,0,77.8,44.2,88.5,51.5,0.8917,0.873,0.877,3711.0
IRL,Ireland,1999,93767.0,57478.0,82574.0,0,86.4,48.3,98.4,56.2,0.9386,0.921,0.924,3751.0
IRL,Ireland,2000,103065.0,62538.0,89106.0,0,95.0,52.6,108.1,61.3,1.0854,0.953,0.931,3800.0
IRL,Ireland,2001,109258.0,66644.0,93166.0,0,100.7,56.1,114.6,65.4,1.1175,0.985,0.971,3859.0
IRL,Ireland,2002,115958.0,69276.0,97501.0,0,106.8,58.2,121.6,67.8,1.0626,1.002,0.985,3926.0
IRL,Ireland,2003,120195.0,71063.0,102113.0,0,110.7,59.7,126.1,69.6,0.886,1.017,0.994,3991.0
ISL,Iceland,1992,493660.0,409121.0,484296.0,0,6.3,4.5,5.9,4.4,57.546,74.4,76.8,261.0
ISL,Iceland,1993,497573.0,397346.0,480957.0,0,6.3,4.4,6.0,4.2,67.603,74.3,77.7,264.0
ISL,Iceland,1994,517633.0,410033.0,497411.0,0,6.6,4.5,6.2,4.4,69.944,74.3,77.2,266.0
ISL,Iceland,1995,518053.0,418632.0,501511.0,0,6.6,4.6,6.2,4.4,64.692,75.0,77.3,267.0
ISL,Iceland,1996,545096.0,436429.0,524410.0,0,6.9,4.8,6.6,4.7,66.5,75.0,77.3,269.0
ISL,Iceland,1997,570534.0,455656.0,553195.0,0,7.3,5.1,6.9,4.9,70.904,76.4,78.7,271.0
ISL,Iceland,1998,601799.0,493123.0,596122.0,0,7.7,5.5,7.2,5.3,70.958,79.1,81.8,274.0
ISL,Iceland,1999,626827.0,526092.0,620037.0,0,8.0,5.9,7.5,5.7,72.335,81.1,82.2,277.0
ISL,Iceland,2000,662616.0,547691.0,643263.0,0,8.4,6.1,8.0,5.9,78.616,83.2,81.2,281.0
ISL,Iceland,2001,677124.0,536092.0,655313.0,0,8.6,6.0,8.1,5.8,97.425,88.8,89.9,285.0
ISL,Iceland,2002,673665.0,537766.0,669226.0,0,8.6,6.0,8.1,5.8,91.662,92.2,92.7,288.0
ISL,Iceland,2003,702963.0,568646.0,687231.0,0,8.9,6.3,8.4,6.1,76.709,94.2,93.1,289.0
ITA,Italy,1992,1017387.0,833879.0,1020509.0,0,937.3,695.0,1259.5,946.2,0.6365,0.73,0.72,56859.0
ITA,Italy,1993,1008396.0,810150.0,1003542.0,0,929.1,671.5,1248.3,914.3,0.8127,0.742,0.738,57049.0
ITA,Italy,1994,1030656.0,817900.0,1022391.0,0,949.6,677.6,1275.9,922.6,0.8328,0.752,0.756,57204.0
ITA,Italy,1995,1060791.0,824085.0,1049544.0,0,977.3,684.9,1313.2,932.5,0.8413,0.774,0.78,57301.0
ITA,Italy,1996,1072387.0,833886.0,1074854.0,0,988.0,693.8,1327.5,944.7,0.7969,0.793,0.806,57397.0
ITA,Italy,1997,1094116.0,855038.0,1099212.0,0,1008.0,713.6,1354.4,971.6,0.8796,0.807,0.816,57512.0
ITA,Italy,1998,1113745.0,876617.0,1125015.0,0,1026.1,732.8,1378.7,997.7,0.8967,0.802,0.809,57588.0
ITA,Italy,1999,1132274.0,896916.0,1147778.0,0,1043.2,750.9,1401.7,1022.4,0.9386,0.809,0.815,57646.0
ITA,Italy,2000,1166548.0,919482.0,1157002.0,0,1074.8,771.4,1444.1,1050.2,1.0854,0.808,0.797,57762.0
ITA,Italy,2001,1187129.0,933052.0,1180646.0,0,1093.7,782.9,1469.6,1065.9,1.1175,0.819,0.813,57894.0
ITA,Italy,2002,1191399.0,940351.0,1190162.0,0,1097.7,789.9,1474.9,1075.5,1.0626,0.825,0.805,57994.0
ITA,Italy,2003,1194463.0,954369.0,1195246.0,0,1100.5,800.0,1478.7,1089.2,0.886,0.843,0.818,58095.0
JPN,Japan,1992,461960.4,323091.6,470296.3,0,4286.7,2737.4,2988.4,1840.6,126.65,187.0,193.0,124320.0
JPN,Japan,1993,463104.1,328582.4,472232.9,0,4297.4,2780.8,2995.8,1869.8,111.2,184.0,190.0,124670.0
JPN,Japan,1994,468191.9,337781.8,477546.4,0,4344.6,2854.8,3028.7,1919.6,102.21,180.0,187.0,124960.0
JPN,Japan,1995,477242.4,345646.0,486488.2,0,4428.5,2915.2,3087.3,1960.2,94.06,176.0,183.0,125570.0
JPN,Japan,1996,493551.9,354447.9,502194.6,0,4579.9,2989.8,3192.8,2010.3,108.78,171.0,179.0,125864.0
JPN,Japan,1997,502702.7,357797.1,510558.3,0,4664.8,3017.3,3252.0,2028.8,120.99,169.0,178.0,126166.0
JPN,Japan,1998,497030.6,359143.3,506876.4,0,4612.2,3017.9,3215.3,2029.2,130.91,167.0,176.0,126486.0
JPN,Japan,1999,497314.3,363121.2,506512.8,0,4614.8,3038.4,3217.1,2043.0,113.91,162.0,172.0,126686.0
JPN,Japan,2000,511462.4,369769.5,517883.7,0,4746.1,3090.3,3308.6,2077.9,107.77,155.0,160.0,126926.0
JPN,Japan,2001,513680.7,377062.4,521558.3,0,4766.7,3148.4,3323.0,2116.9,121.53,149.0,155.0,127291.0
JPN,Japan,2002,511865.9,381640.1,519481.3,0,4749.8,3179.4,3311.2,2137.9,125.39,144.0,146.0,127435.0
JPN,Japan,2003,525475.8,385871.3,531963.9,0,4876.1,3214.0,3399.3,2161.1,115.93,138.0,141.0,127619.0
MEX,Mexico,1992,4221474.0,3484666.0,4078653.0,0,446.5,342.0,689.8,561.4,3.0949,1.91,1.84,86238.0
MEX,Mexico,1993,4303815.0,3540046.0,4157088.0,0,455.2,347.9,703.3,571.0,3.1156,2.04,1.99,87797.0
MEX,Mexico,1994,4493842.0,3694090.0,4344792.0,0,475.3,363.2,734.3,596.2,3.3751,2.17,2.11,89352.0
MEX,Mexico,1995,4216707.0,3382344.0,3957639.0,0,446.0,331.6,689.0,544.3,6.4194,2.93,2.74,90164.0
MEX,Mexico,1996,4434007.0,3443289.0,4174167.0,0,468.9,338.1,724.6,555.0,7.5995,3.75,3.5,92159.0
MEX,Mexico,1997,4734277.0,3649001.0,4521893.0,0,500.7,359.2,773.6,589.6,7.9185,4.35,4.03,93938.0
MEX,Mexico,1998,4972429.0,3831417.0,4704712.0,0,525.9,378.4,812.5,621.2,9.136,4.96,4.82,95786.0
MEX,Mexico,1999,5152569.0,3998363.0,4953176.0,0,544.9,394.0,842.0,646.8,9.5604,5.63,5.43,97199.0
MEX,Mexico,2000,5490757.0,4295170.0,5359316.0,0,580.7,424.0,897.2,696.0,9.4556,6.12,5.76,98658.0
MEX,Mexico,2001,5491000.0,4377689.0,5393801.0,0,580.7,434.2,897.3,712.8,9.3423,6.32,6.07,100051.0
MEX,Mexico,2002,5526957.0,4428959.0,5466017.0,0,584.5,439.5,903.2,721.4,9.656,6.58,6.22,101398.0
MEX,Mexico,2003,5598962.0,4558934.0,,,592.1,452.7,914.9,743.0,10.789,6.89,6.4,102708.0
NLD,Netherlands,1992,313914.0,235606.0,312387.0,0,289.2,182.5,339.5,228.4,0.798,0.903,0.879,15182.0
NLD,Netherlands,1993,315959.0,237342.0,316518.0,0,291.1,183.8,341.7,230.0,0.8428,0.899,0.878,15290.0
NLD,Netherlands,1994,325010.0,240769.0,328349.0,0,299.4,186.7,351.5,233.6,0.8259,0.901,0.882,15381.0
NLD,Netherlands,1995,334867.0,246698.0,341767.0,0,308.5,191.6,362.2,239.8,0.7286,0.901,0.878,15460.0
NLD,Netherlands,1996,345045.0,252990.0,348373.0,0,317.9,197.0,373.2,246.6,0.765,0.897,0.873,15526.0
NLD,Netherlands,1997,358290.0,260717.0,364882.0,0,330.1,203.7,387.5,254.9,0.8854,0.902,0.872,15607.0
NLD,Netherlands,1998,373874.0,272289.0,370786.0,0,344.5,213.0,404.4,266.6,0.9002,0.91,0.881,15703.0
NLD,Netherlands,1999,388812.0,283270.0,389890.0,0,358.2,222.0,420.5,277.8,0.9386,0.926,0.892,15809.0
NLD,Netherlands,2000,402291.0,291930.0,404003.0,0,370.6,229.5,435.1,287.2,1.0854,0.925,0.867,15922.0
NLD,Netherlands,2001,408031.0,299055.0,407914.0,0,375.9,233.5,441.3,292.2,1.1175,0.919,0.864,16043.0
NLD,Netherlands,2002,410350.0,305099.0,407306.0,0,378.1,238.1,443.8,298.0,1.0626,0.921,0.849,16147.0
NLD,Netherlands,2003,406746.0,304960.0,405487.0,0,374.7,237.8,439.9,297.6,0.886,0.924,0.843,16224.0
NOR,Norway,1992,1090933.0,702755.0,1066810.4463178539,1,123.9,68.9,121.1,66.7,6.2145,9.11,8.89,4286.0
NOR,Norway,1993,1120664.0,720249.0,1093979.917236662,1,127.3,70.8,124.4,68.4,7.0941,9.11,8.88,4312.0
NOR,Norway,1994,1179569.0,740040.0,1158741.0805601035,1,134.0,72.8,130.9,70.4,7.0576,8.92,8.81,4337.0
NOR,Norway,1995,1230967.0,762372.0,1214978.590875198,1,139.9,75.5,136.6,73.0,6.3352,8.99,8.83,4358.0
NOR,Norway,1996,1295644.0,803955.0,1280274.2791560038,1,147.2,80.1,143.8,77.4,6.4498,8.91,8.81,4381.0
NOR,Norway,1997,1362871.0,828175.0,1348362.392172036,1,154.8,82.6,151.3,79.8,7.0734,9.08,9.07,4405.0
NOR,Norway,1998,1398707.0,851713.0,1387135.6756143707,1,158.9,85.1,155.2,82.3,7.5451,9.35,9.25,4432.0
NOR,Norway,1999,1428546.0,879193.0,1411375.0262789743,1,162.3,87.9,158.5,85.0,7.7992,9.21,9.3,4462.0
NOR,Norway,2000,1469075.0,906618.0,1454658.0,1,166.9,91.0,163.0,88.0,8.8018,9.01,9.1,4491.0
NOR,Norway,2001,1509127.0,934073.0,1498476.7212306377,1,171.5,93.7,167.5,90.6,8.9917,9.12,9.3,4513.0
NOR,Norway,2002,1529905.0,966112.0,1534969.586023561,1,173.8,95.3,169.8,92.2,7.9838,9.14,9.22,4539.0
NOR,Norway,2003,1536304.0,995198.0,1546073.8499995843,1,174.5,98.6,170.5,95.3,7.0802,9.25,9.3,4565.0
NZL,New Zealand,1992,86646.0,68793.0,80152.0,0,39.4,27.6,59.9,43.5,1.8618,1.46,1.43,3552.0
NZL,New Zealand,1993,92233.0,71038.0,85021.0,0,41.9,28.7,63.8,45.2,1.8505,1.47,1.41,3598.0
NZL,New Zealand,1994,97114.0,74542.0,89905.0,0,44.1,30.4,67.2,47.8,1.6865,1.45,1.4,3648.0
NZL,New Zealand,1995,101128.0,77498.0,93921.0,0,45.9,31.6,69.9,49.8,1.5239,1.46,1.4,3707.0
NZL,New Zealand,1996,104695.0,80417.0,96069.0,0,47.6,33.0,72.4,51.9,1.4549,1.47,1.4,3762.0
NZL,New Zealand,1997,106215.0,83258.0,98060.0,0,48.3,34.0,73.5,53.5,1.5124,1.45,1.4,3803.0
NZL,New Zealand,1998,106753.0,85188.0,99991.0,0,48.5,35.1,73.8,55.2,1.8683,1.45,1.41,3829.0
NZL,New Zealand,1999,112265.0,88401.0,103946.0,0,51.0,36.0,77.6,56.8,1.8896,1.43,1.4,3851.0
NZL,New Zealand,2000,114842.0,89149.0,107670.0,0,52.2,36.8,79.4,57.9,2.2012,1.45,1.4,3873.0
NZL,New Zealand,2001,118769.0,91942.0,113483.0,0,54.0,37.8,82.1,59.5,2.3788,1.48,1.4,3912.0
NZL,New Zealand,2002,124160.0,95811.0,117337.0,0,56.4,39.5,85.9,62.1,2.1622,1.47,1.4,3976.0
NZL,New Zealand,2003,128685.0,100396.0,123402.0,0,58.5,41.4,89.0,65.2,1.7229,1.47,1.39,4039.0
PRT,Portugal,1992,92740.0,76321.0,92208.4700051689,1,85.4,63.9,142.6,110.2,0.6734,0.546,0.55,9963.0
PRT,Portugal,1993,90845.0,76936.0,90398.56786679578,1,83.7,64.5,139.7,111.2,0.8021,0.573,0.579,9974.0
PRT,Portugal,1994,91722.0,78283.0,90884.80327737596,1,84.5,65.5,141.0,112.9,0.828,0.602,0.595,9998.0
PRT,Portugal,1995,95650.0,78819.0,95238.1796924295,1,88.1,65.9,147.1,113.6,0.7537,0.611,0.612,10030.0
PRT,Portugal,1996,99041.0,81272.0,98220.92260234257,1,91.2,68.3,152.3,117.7,0.7694,0.624,0.626,10058.0
PRT,Portugal,1997,102963.0,83763.0,101489.633055239,1,94.9,69.8,158.3,120.4,0.8745,0.636,0.634,10091.0
PRT,Portugal,1998,107679.0,87808.0,106064.289601141,1,99.2,73.3,165.6,126.4,0.8984,0.647,0.646,10129.0
PRT,Portugal,1999,111772.0,92377.0,110028.63408312506,1,103.0,76.9,171.9,132.7,0.9386,0.649,0.648,10172.0
PRT,Portugal,2000,115548.0,95281.0,112769.0,1,106.5,78.9,177.7,136.0,1.0854,0.65,0.629,10226.0
PRT,Portugal,2001,117430.0,96903.0,114352.19371685026,1,108.2,80.1,180.6,138.2,1.1175,0.658,0.636,10293.0
PRT,Portugal,2002,117881.0,98130.0,116076.87689361503,1,108.6,81.1,181.3,139.8,1.0626,0.658,0.63,10368.0
PRT,Portugal,2003,116467.0,97632.0,114943.46084455484,1,107.3,81.5,179.1,140.5,0.886,0.668,0.64,10444.0
SWE,Sweden,1992,1761105.0,1494530.0,1760364.0,0,192.2,145.6,191.6,149.1,5.8238,9.19,9.04,8668.0
SWE,Sweden,1993,1725966.0,1461693.0,1693101.0,0,188.4,140.5,187.8,143.8,7.7834,9.25,9.39,8719.0
SWE,Sweden,1994,1797849.0,1474855.0,1791405.0,0,196.2,141.8,195.6,145.2,7.716,9.27,9.47,8781.0
SWE,Sweden,1995,1870720.0,1482737.0,1875226.0,0,204.2,143.2,203.6,146.6,7.1333,9.39,9.55,8827.0
SWE,Sweden,1996,1894872.0,1501722.0,1897263.0,0,206.8,144.9,206.2,148.4,6.706,9.29,9.53,8841.0
SWE,Sweden,1997,1941063.0,1522276.0,1942287.0,0,211.9,147.0,211.2,150.5,7.6349,9.37,9.59,8846.0
SWE,Sweden,1998,2011824.0,1569741.0,2023569.0,0,219.6,152.2,218.9,155.8,7.9499,9.47,9.65,8851.0
SWE,Sweden,1999,2103933.0,1617724.0,2103590.0,0,229.6,156.7,228.9,160.4,8.2624,9.34,9.38,8858.0
SWE,Sweden,2000,2194967.0,1661798.0,2178517.0,0,239.6,161.3,238.8,165.2,9.1622,9.19,8.95,8872.0
SWE,Sweden,2001,2217947.0,1671433.0,2184004.0,0,242.1,162.8,241.3,166.7,10.3291,9.34,9.06,8896.0
SWE,Sweden,2002,2261773.0,1700172.0,2224700.0,0,246.9,165.6,246.1,169.6,9.7371,9.36,8.99,8925.0
SWE,Sweden,2003,2294943.0,1721550.0,2264595.0,0,250.5,167.1,249.7,171.1,8.0853,9.42,8.97,8959.0
TUR,Türkiye,1992,93761571.0,79665248.0,94639443.04520984,1,150.0,113.7,346.1,267.6,6872.0,3765.0,3677.0,58401.0
TUR,Türkiye,1993,101301895.0,86505549.0,102091918.79530008,1,162.0,123.5,373.9,290.5,10985.0,6175.0,5960.0,59491.0
TUR,Türkiye,1994,95775205.0,81835525.0,96257345.51289813,1,153.2,116.8,353.5,274.9,29609.0,12485.0,12188.0,60573.0
TUR,Türkiye,1995,102662609.0,85959135.0,103885058.13368642,1,164.2,122.6,378.9,288.5,45845.0,22905.0,22914.0,61646.0
TUR,Türkiye,1996,109854453.0,93262754.0,111386075.33266073,1,175.7,133.0,405.5,313.0,81405.0,39679.0,37377.0,62695.0
TUR,Türkiye,1997,118125175.0,100683693.0,120408458.36317375,1,188.9,143.8,436.0,338.4,151865.0,71466.0,67250.0,63745.0
TUR,Türkiye,1998,121777445.0,102030627.0,124793347.92256345,1,194.8,145.4,449.5,342.1,260724.0,124144.0,121801.0,64789.0
TUR,Türkiye,1999,116043011.0,100333419.0,117343657.98900294,1,185.6,142.5,428.3,335.3,418783.0,191772.0,190845.0,65819.0
TUR,Türkiye,2000,124583458.0,106636742.0,125596129.0,1,199.3,151.4,459.8,356.2,625218.0,270944.0,265653.0,67461.0
TUR,Türkiye,2001,115245368.0,96922220.0,113999664.05694227,1,184.3,137.5,425.3,323.7,1225590.0,424010.0,399746.0,68610.0
TUR,Türkiye,2002,124397937.0,99318754.0,123258849.57839897,1,199.0,140.7,459.1,331.3,1507230.0,611482.0,548213.0,69666.0
TUR,Türkiye,2003,131606074.0,104851420.0,130478623.41578163,1,210.5,149.1,485.7,350.9,1500890.0,732480.0,667781.0,70802.0
USA,United States,1992,7276.2,6228.9,7170.7,0,7276.2,5428.2,7276.2,5428.2,1.0,1.0,1.0,256922.0
USA,United States,1993,7472.0,6383.0,7329.3,0,7472.0,5600.1,7472.0,5600.1,1.0,1.0,1.0,260282.0
USA,United States,1994,7775.5,6575.1,7622.8,0,7775.5,5802.4,7775.5,5802.4,1.0,1.0,1.0,263455.0
USA,United States,1995,7972.8,6718.1,7873.5,0,7972.8,5950.3,7972.8,5950.3,1.0,1.0,1.0,266588.0
USA,United States,1996,8271.4,6911.4,8185.6,0,8271.4,6144.4,8271.4,6144.4,1.0,1.0,1.0,269714.0
USA,United States,1997,8647.6,7141.1,8605.7,0,8647.6,6363.7,8647.6,6363.7,1.0,1.0,1.0,272958.0
USA,United States,1998,9012.5,7458.5,9086.8,0,9012.5,6678.8,9012.5,6678.8,1.0,1.0,1.0,276154.0
USA,United States,1999,9417.1,7816.3,9517.2,0,9417.1,7010.6,9417.1,7010.6,1.0,1.0,1.0,279328.0
USA,United States,2000,9764.8,8143.5,9930.9,0,9764.8,7327.7,9764.8,7327.7,1.0,1.0,1.0,282425.0
USA,United States,2001,9838.9,8359.5,10008.7,0,9838.9,7514.5,9838.9,7514.5,1.0,1.0,1.0,285358.0
USA,United States,2002,10023.5,8635.7,10126.6,0,10023.5,7753.7,10023.5,7753.7,1.0,1.0,1.0,288240.0
USA,United States,2003,10330.0,8916.3,10405.3,0,10330.0,8006.0,10330.0,8006.0,1.0,1.0,1.0,291085.0
