"","iso","country","year","gdp_b3","acons_b4","pop_c4","gdp_usd_ppp","cons_usd_ppp","gni_usd_ppp"
"1","AUS","Australia",1992,372.8,267.3,17587,373830534351.145,302869230769.231,356909160305.344
"2","AUT","Austria",1992,189.7,139.5,7841,189736323851.203,154849486887.115,188836980306.346
"3","BEL","Belgium",1992,224.6,160.9,10047,224634093376.764,179967670011.148,229597176981.542
"4","CAN","Canada",1992,636.7,469,28367,638468292682.927,534995041322.314,615566666666.667
"5","CHE","Switzerland",1992,195.8,129.2,6943,195474210526.316,140489528795.812,198914210526.316
"6","DEU","Germany",1992,1837.4,1343.6,80594,1837747196738.02,1516609257265.88,1856918450560.65
"7","DNK","Denmark",1992,123,86.2,5171,122923305588.585,97065110565.1106,116978478002.378
"8","ESP","Spain",1992,653.1,488,39011,653148247978.437,540008450704.225,649204417479.918
"9","FIN","Finland",1992,99.4,67.2,5042,99402451481.1032,76146221786.0648,95178753830.4392
"10","FRA","France",1992,1322.3,964.5,58754,1322267759562.84,1102230681818.18,1322069945355.19
"11","GBR","United Kingdom",1992,1169.4,936,57563,1170158227848.1,1049304777594.73,1160159810126.58
"12","GRC","Greece",1992,146.5,117,10500,146549707602.339,131102102102.102,151586131766.255
"13","IRL","Ireland",1992,56.9,38.5,3555,56921301154.2497,42746509129.9678,53107030430.2204
"14","ISL","Iceland",1992,5.9,4.4,261,5933413461.53846,5038435960.59113,5820865384.61538
"15","ITA","Italy",1992,1259.5,946.2,56859,1259142326732.67,1046272271016.31,1263006188118.81
"16","JPN","Japan",1992,2988.4,1840.6,124320,2980389677419.35,2019322500000,3034169677419.35
"17","MEX","Mexico",1992,689.8,561.4,86238,689783333333.333,604976736111.111,666446568627.451
"18","NLD","Netherlands",1992,339.5,228.4,15182,339366486486.486,271748558246.828,337715675675.676
"19","NOR","Norway",1992,121.1,66.7,4286,121080244173.141,77225824175.8242,118402935218.408
"20","NZL","New Zealand",1992,59.9,43.5,3552,59755862068.9655,49137857142.8571,55277241379.3103
"21","PRT","Portugal",1992,142.6,110.2,9963,142676923076.923,121337042925.278,141859184623.337
"22","SWE","Sweden",1992,191.6,149.1,8668,191632752992.383,166986592178.771,191552121871.6
"23","TUR","Türkiye",1992,346.1,267.6,58401,346055166381.245,299884616398.083,349295216152.452
"24","USA","United States",1992,7276.2,5428.2,256922,7.2762e+12,6.2289e+12,7.1707e+12
"25","AUS","Australia",1993,387.4,273.6,17766,388396946564.885,308720769230.769,368633587786.26
"26","AUT","Austria",1993,190.4,140.1,7906,190368708971.554,155677309007.982,189176148796.499
"27","BEL","Belgium",1993,222.4,160.2,10086,222473398479.913,179303232998.885,232019543973.941
"28","CAN","Canada",1993,651.6,477.4,28682,653440650406.504,541771074380.165,631236585365.854
"29","CHE","Switzerland",1993,195.3,128.5,6989,195025789473.684,139614659685.864,201652631578.947
"30","DEU","Germany",1993,1817.4,1346.2,81179,1817783893985.73,1518313240043.06,1842973496432.21
"31","DNK","Denmark",1993,123,87.7,5189,122921640903.686,98729484029.484,117927942925.089
"32","ESP","Spain",1993,646.3,481.8,39096,646411051212.938,535245070422.535,645083509839.7
"33","FIN","Finland",1993,98.2,64.3,5066,98167517875.383,73153091265.947,93009193054.1369
"34","FRA","France",1993,1310.6,969.6,59000,1310536612021.86,1113930681818.18,1316579234972.68
"35","GBR","United Kingdom",1993,1196.6,961.7,57672,1197447784810.13,1070228995057.66,1185914556962.03
"36","GRC","Greece",1993,144.1,116.1,10558,144206140350.877,130843843843.844,148678679814.307
"37","IRL","Ireland",1993,58.4,39.7,3574,58454354669.4649,43701396348.0129,55580272822.6653
"38","ISL","Iceland",1993,6,4.2,264,5980444711.53846,4893423645.3202,5780733173.07692
"39","ITA","Italy",1993,1248.3,914.3,57049,1248014851485.15,1016499372647.43,1242007425742.57
"40","JPN","Japan",1993,2995.8,1869.8,124670,2987768387096.77,2.05364e+12,3046663870967.74
"41","MEX","Mexico",1993,703.3,571,87797,703237745098.039,614591319444.444,679262745098.039
"42","NLD","Netherlands",1993,341.7,230,15290,341577297297.297,273750865051.903,342181621621.622
"43","NOR","Norway",1993,124.4,68.4,4312,124380022197.558,79148241758.2417,121418414787.643
"44","NZL","New Zealand",1993,63.8,45.2,3598,63608965517.2414,50741428571.4286,58635172413.7931
"45","PRT","Portugal",1993,139.7,111.2,9974,139761538461.538,122314785373.609,139074719795.07
"46","SWE","Sweden",1993,187.8,143.8,8719,187809140369.967,163317653631.285,184232970620.239
"47","TUR","Türkiye",1993,373.9,290.5,59491,373884990994.449,325633623561.563,376800810482.24
"48","USA","United States",1993,7472,5600.1,260282,7.472e+12,6.383e+12,7.3293e+12
"49","AUS","Australia",1994,403.7,287.1,17961,404749618320.611,322629230769.231,382636641221.374
"50","AUT","Austria",1994,195.4,144.6,7936,195434354485.777,160477765108.324,193958424507.659
"51","BEL","Belgium",1994,229.6,164.1,10116,229652551574.376,183079152731.327,240877307274.701
"52","CAN","Canada",1994,682.9,491.7,28999,684872357723.577,551298347107.438,660458536585.366
"53","CHE","Switzerland",1994,197.4,129.7,7037,197105789473.684,141219371727.749,205165263157.895
"54","DEU","Germany",1994,1860.1,1368.2,81422,1860441386340.47,1539655543595.26,1872109072375.13
"55","DNK","Denmark",1994,129.7,92.1,5206,129640546967.895,103935012285.012,124466944114.15
"56","ESP","Spain",1994,661.7,486.6,39166,661816711590.297,540369014084.507,651831023614.133
"57","FIN","Finland",1994,102,65.6,5089,102030643513.79,74561334641.8057,98422880490.2962
"58","FRA","France",1994,1337.6,982.7,59210,1337612021857.92,1125543181818.18,1338202185792.35
"59","GBR","United Kingdom",1994,1249.6,988.1,57797,1250446202531.65,1097980230642.5,1241150316455.7
"60","GRC","Greece",1994,147,118.3,10606,147089181286.55,132698198198.198,151703897543.289
"61","IRL","Ireland",1994,61.8,41.5,3586,61818467995.8027,45583243823.8453,58253934942.2875
"62","ISL","Iceland",1994,6.2,4.4,266,6221550480.76923,5049667487.68473,5978497596.15385
"63","ITA","Italy",1994,1275.9,922.6,57204,1275564356435.64,1026223337515.68,1265335396039.6
"64","JPN","Japan",1994,3028.7,1919.6,124960,3020592903225.81,2111136250000,3080944516129.03
"65","MEX","Mexico",1994,734.3,596.2,89352,734287908496.732,641335069444.444,709933333333.333
"66","NLD","Netherlands",1994,351.5,233.6,15381,351362162162.162,277703575547.866,354971891891.892
"67","NOR","Norway",1994,130.9,70.4,4337,130917758046.615,81323076923.0769,128606113269.712
"68","NZL","New Zealand",1994,67.2,47.8,3648,66975172413.7931,53244285714.2857,62003448275.8621
"69","PRT","Portugal",1994,141,112.9,9998,141110769230.769,124456279809.221,139822774272.886
"70","SWE","Sweden",1994,195.6,145.2,8781,195631011969.532,164788268156.425,194929815016.322
"71","TUR","Türkiye",1994,353.5,274.9,60573,353487085892.288,308054209815.06,355266569892.296
"72","USA","United States",1994,7775.5,5802.4,263455,7.7755e+12,6.5751e+12,7.6228e+12
"73","AUS","Australia",1995,420.9,298.1,18195,422021374045.802,335180769230.769,401103816793.893
"74","AUT","Austria",1995,199.2,145.3,7948,199166301969.365,162217787913.341,196912472647.702
"75","BEL","Belgium",1995,235,166.7,10137,235129207383.279,185928651059.086,245953311617.807
"76","CAN","Canada",1995,701.9,499.4,29302,703932520325.203,558390082644.628,679413008130.081
"77","CHE","Switzerland",1995,198.2,130.7,7081,197853157894.737,142236649214.66,209357894736.842
"78","DEU","Germany",1995,1892.2,1398.5,81661,1892592252803.26,1569208826695.37,1907376146788.99
"79","DNK","Denmark",1995,133.2,93.6,5230,133209274673.008,105529361179.361,128494530321.046
"80","ESP","Spain",1995,680,495.5,39223,680066037735.849,550528169014.084,682707547169.811
"81","FIN","Finland",1995,105.6,68.1,5108,105546475995.914,77098135426.8891,104046986721.144
"82","FRA","France",1995,1360,993.6,59419,1359951912568.31,1134898863636.36,1359016393442.62
"83","GBR","United Kingdom",1995,1285.2,1006.3,57928,1286115506329.11,1115365733113.67,1259806962025.32
"84","GRC","Greece",1995,150.1,121.3,10634,150178362573.099,136737237237.237,154597953216.374
"85","IRL","Ireland",1995,67.7,42.6,3601,67774396642.1826,47200859291.0849,61925498426.0231
"86","ISL","Iceland",1995,6.2,4.4,267,6226598557.69231,5155566502.46305,6027776442.30769
"87","ITA","Italy",1995,1313.2,932.5,57301,1312860148514.85,1033983688833.12,1298940594059.41
"88","JPN","Japan",1995,3087.3,1960.2,125570,3078983225806.45,2160287500000,3138633548387.1
"89","MEX","Mexico",1995,689,544.3,90164,689004411764.706,587212500000,646673039215.686
"90","NLD","Netherlands",1995,362.2,239.8,15460,362018378378.378,284542099192.618,369477837837.838
"91","NOR","Norway",1995,136.6,73,4358,136622308546.06,83777142857.1429,134847790330.211
"92","NZL","New Zealand",1995,69.9,49.8,3707,69743448275.8621,55355714285.7143,64773103448.2759
"93","PRT","Portugal",1995,147.1,113.6,10030,147153846153.846,125308426073.132,146520276449.892
"94","SWE","Sweden",1995,203.6,146.6,8827,203560391730.141,165668938547.486,204050707290.533
"95","TUR","Türkiye",1995,378.9,288.5,61646,378907113647.1,323576752379.984,383418928389.949
"96","USA","United States",1995,7972.8,5950.3,266588,7.9728e+12,6.7181e+12,7.8735e+12
"97","AUS","Australia",1996,436.8,306.7,18420,438016030534.351,343824615384.615,420226717557.252
"98","AUT","Austria",1996,204.4,149.6,7959,204382932166.302,166986316989.738,202950765864.333
"99","BEL","Belgium",1996,237.8,169.3,10155,237893593919.653,188717948717.949,247346362649.294
"100","CAN","Canada",1996,713.2,508.7,29611,715266666666.667,5.668e+11,691017886178.862
"101","CHE","Switzerland",1996,199.2,132.1,7105,198885789473.684,143683769633.508,210661052631.579
"102","DEU","Germany",1996,1906.7,1416.5,81896,1907091743119.27,1588222820236.81,1921853211009.17
"103","DNK","Denmark",1996,136.6,96.3,5262,136564328180.737,108461916461.916,132518430439.952
"104","ESP","Spain",1996,696.5,505.5,39279,696641509433.962,561260563380.282,697831536388.14
"105","FIN","Finland",1996,109.7,70.5,5125,109655771195.097,79702649656.526,108691521961.185
"106","FRA","France",1996,1375,1007.2,59624,1374950819672.13,1152831818181.82,1378511475409.84
"107","GBR","United Kingdom",1996,1321.4,1041.4,58043,1322346518987.34,1149846787479.41,1299362341772.15
"108","GRC","Greece",1996,153.6,124.3,10709,153719298245.614,139647147147.147,157862573099.415
"109","IRL","Ireland",1996,73.4,45.1,3626,73386149003.148,49896885069.8174,67770199370.4092
"110","ISL","Iceland",1996,6.6,4.7,269,6551634615.38461,5374741379.31034,6303004807.69231
"111","ITA","Italy",1996,1327.5,944.7,57397,1327211633663.37,1046281053952.32,1330264851485.15
"112","JPN","Japan",1996,3192.8,2010.3,125864,3184205806451.61,2215299375000,3239965161290.32
"113","MEX","Mexico",1996,724.6,555,92159,724510947712.418,597793229166.667,682053431372.549
"114","NLD","Netherlands",1996,373.2,246.6,15526,373021621621.622,291799307958.478,376619459459.46
"115","NOR","Norway",1996,143.8,77.4,4381,143800665926.748,88346703296.7033,142094814556.715
"116","NZL","New Zealand",1996,72.4,51.9,3762,72203448275.8621,57440714285.7143,66254482758.6207
"117","PRT","Portugal",1996,152.3,117.7,10058,152370769230.769,129208267090.62,151109111695.912
"118","SWE","Sweden",1996,206.2,148.4,8841,206188465723.613,167790167597.765,206448639825.898
"119","TUR","Türkiye",1996,405.5,313,62695,405450768424.471,351069831697.741,411103679478.64
"120","USA","United States",1996,8271.4,6144.4,269714,8.2714e+12,6.9114e+12,8.1856e+12
"121","AUS","Australia",1997,456.3,321.3,18625,457551908396.947,359593076923.077,440886259541.985
"122","AUT","Austria",1997,208.1,151.5,7968,208142231947.484,168324971493.729,205062363238.512
"123","BEL","Belgium",1997,246,171.8,10180,246130293159.609,191506131549.61,254643865363.735
"124","CAN","Canada",1997,743.5,525.3,29907,745627642276.423,584794214876.033,722421138211.382
"125","CHE","Switzerland",1997,203,134.3,7113,202679473684.211,145462827225.131,216584210526.316
"126","DEU","Germany",1997,1933.3,1428,82052,1933673802242.61,1596627556512.38,1937767584097.86
"127","DNK","Denmark",1997,140.7,98.6,5285,140619738406.659,110831449631.45,136691319857.313
"128","ESP","Spain",1997,724.6,521.3,39348,724690026954.178,578639436619.718,722401617250.674
"129","FIN","Finland",1997,116.5,72.6,5140,116512768130.746,82312070657.5074,116042900919.305
"130","FRA","France",1997,1401.2,1011.9,59831,1401136612021.86,1161590909090.91,1410299453551.91
"131","GBR","United Kingdom",1997,1364.7,1076.5,58167,1365685126582.28,1181200988467.88,1363604430379.75
"132","GRC","Greece",1997,159.2,127.7,10777,159311403508.772,143475975975.976,163976608187.134
"133","IRL","Ireland",1997,81.3,48.3,3661,81338929695.6978,53262083780.8808,74254984260.2309
"134","ISL","Iceland",1997,6.9,4.9,271,6857379807.69231,5611527093.59606,6648978365.38462
"135","ITA","Italy",1997,1354.4,971.6,57512,1354103960396.04,1072820577164.37,1360410891089.11
"136","JPN","Japan",1997,3252,2028.8,126166,3243243225806.45,2236231875000,3293924516129.03
"137","MEX","Mexico",1997,773.6,589.6,93938,773574673202.615,633507118055.556,738871405228.758
"138","NLD","Netherlands",1997,387.5,254.9,15607,387340540540.54,300711649365.629,394467027027.027
"139","NOR","Norway",1997,151.3,79.8,4405,151262042175.361,91008241758.2417,149651763837.074
"140","NZL","New Zealand",1997,73.5,53.5,3803,73251724137.931,5.947e+10,67627586206.8966
"141","PRT","Portugal",1997,158.3,120.4,10091,158404615384.615,133168521462.639,156137897008.06
"142","SWE","Sweden",1997,211.2,150.5,8846,211214689880.305,170086703910.615,211347878128.4
"143","TUR","Türkiye",1997,436,338.4,63745,435976345665.525,379004539756.75,444403486931.52
"144","USA","United States",1997,8647.6,6363.7,272958,8.6476e+12,7.1411e+12,8.6057e+12
"145","AUS","Australia",1998,480.6,337.5,18836,481848091603.053,376388461538.461,460176335877.863
"146","AUT","Austria",1998,215.6,154.3,7977,215554704595.186,171334093500.57,212375273522.976
"147","BEL","Belgium",1998,251,176.5,10203,251128121606.949,196376811594.203,262369163952.226
"148","CAN","Canada",1998,773.9,539.3,30157,776056910569.106,601633884297.521,751143902439.024
"149","CHE","Switzerland",1998,208.7,137.4,7132,208340526315.79,148173298429.319,225102105263.158
"150","DEU","Germany",1998,1971.1,1455.7,82029,1971498470948.01,1625476856835.31,1982913353720.69
"151","DNK","Denmark",1998,144.1,100.9,5303,144090249702.735,113653562653.563,140629845422.117
"152","ESP","Spain",1998,756.1,543.5,39453,756180592991.914,602915492957.746,754095687331.536
"153","FIN","Finland",1998,122.4,75.6,5153,122338100102.145,85263984298.3317,122006128702.758
"154","FRA","France",1998,1448.8,1044.4,60047,1448792349726.78,1188752272727.27,1466191256830.6
"155","GBR","United Kingdom",1998,1407,1115.9,58305,1407925632911.39,1220548599670.51,1426699367088.61
"156","GRC","Greece",1998,164.6,131.1,10835,164669590643.275,148060060060.06,1.695e+11
"157","IRL","Ireland",1998,88.5,51.5,3711,88560335781.7419,56915145005.3706,80317943336.831
"158","ISL","Iceland",1998,7.2,5.3,274,7233161057.69231,6072943349.7537,7164927884.61539
"159","ITA","Italy",1998,1378.7,997.7,57588,1378397277227.72,1099895859473.02,1392345297029.7
"160","JPN","Japan",1998,3215.3,2029.2,126486,3206649032258.06,2244645625000,3270170322580.65
"161","MEX","Mexico",1998,812.5,621.2,95786,812488398692.81,665176562500,768743790849.673
"162","NLD","Netherlands",1998,404.4,266.6,15703,404188108108.108,314058823529.412,400849729729.73
"163","NOR","Norway",1998,155.2,82.3,4432,155239400665.927,93594835164.8352,153955124929.453
"164","NZL","New Zealand",1998,73.8,55.2,3829,73622758620.6897,60848571428.5714,68959310344.8276
"165","PRT","Portugal",1998,165.6,126.4,10129,1.6566e+11,139599364069.952,163175830155.602
"166","SWE","Sweden",1998,218.9,155.8,8851,218914472252.448,175390055865.922,220192491838.955
"167","TUR","Türkiye",1998,449.5,342.1,64789,449456142228.652,384074815642.963,460587235452.948
"168","USA","United States",1998,9012.5,6678.8,276154,9.0125e+12,7.4585e+12,9.0868e+12
"169","AUS","Australia",1999,498.6,351.1,19046,499965648854.962,390757692307.692,482598473282.443
"170","AUT","Austria",1999,222.7,157.3,7992,222713347921.225,175152793614.595,218870897155.361
"171","BEL","Belgium",1999,259.1,180.7,10222,259143322475.57,201559643255.295,269116178067.318
"172","CAN","Canada",1999,817.3,558.1,30404,819593495934.959,622001652892.562,792404065040.65
"173","CHE","Switzerland",1999,211.4,140.1,7167,211077368421.053,151080628272.251,229516842105.263
"174","DEU","Germany",1999,2011.4,1501.9,82087,2011845056065.24,1673544671689.99,2025801223241.59
"175","DNK","Denmark",1999,147.9,102.3,5321,147887277051.13,114918918918.919,145658263971.463
"176","ESP","Spain",1999,788,568.5,39626,788119946091.644,630346478873.24,784349056603.774
"177","FIN","Finland",1999,126.5,77.9,5165,126462717058.223,87722276741.9038,125985699693.565
"178","FRA","France",1999,1495.4,1074.6,60297,1495344262295.08,1220921590909.09,1523384699453.55
"179","GBR","United Kingdom",1999,1447.2,1161.1,58481,1448158227848.1,1271995057660.63,1446553797468.35
"180","GRC","Greece",1999,170.2,134.2,10883,170301169590.643,151605105105.105,173121345029.24
"181","IRL","Ireland",1999,98.4,56.2,3751,98391395592.8646,61737916219.1192,86646379853.0955
"182","ISL","Iceland",1999,7.5,5.7,277,7533978365.38461,6478965517.24138,7452367788.46154
"183","ITA","Italy",1999,1401.7,1022.4,57646,1401329207920.79,1125365119196.99,1420517326732.67
"184","JPN","Japan",1999,3217.1,2043,126686,3208479354838.71,2269507500000,3267824516129.03
"185","MEX","Mexico",1999,842,646.8,97199,841923039215.686,694160243055.556,809342483660.131
"186","NLD","Netherlands",1999,420.5,277.8,15809,420337297297.297,326724336793.541,421502702702.703
"187","NOR","Norway",1999,158.5,85,4462,158551165371.809,96614615384.6154,156645396923.305
"188","NZL","New Zealand",1999,77.6,56.8,3851,77424137931.0345,63143571428.5714,71686896551.7242
"189","PRT","Portugal",1999,171.9,132.7,10172,171956923076.923,146863275039.746,169274821666.346
"190","SWE","Sweden",1999,228.9,160.4,8858,228937214363.439,180751284916.201,228899891186.072
"191","TUR","Türkiye",1999,428.3,335.3,65819,428291495659.62,377686000158.101,433091923013.623
"192","USA","United States",1999,9417.1,7010.6,279328,9.4171e+12,7.8163e+12,9.5172e+12
"193","AUS","Australia",2000,508.9,361.2,19282,510248854961.832,401109230769.231,495972519083.97
"194","AUT","Austria",2000,230.2,162.7,8012,230188183807.44,180336374002.281,225761487964.989
"195","BEL","Belgium",2000,269.1,186.1,10246,269190010857.763,207960981047.938,274259500542.888
"196","CAN","Canada",2000,860.2,579.5,30689,862635772357.724,645649586776.86,840396747967.48
"197","CHE","Switzerland",2000,219,143.5,7209,218699473684.211,154675392670.157,237014210526.316
"198","DEU","Germany",2000,2068.9,1531,82188,2069317023445.46,1703552206673.84,2060387359836.9
"199","DNK","Denmark",2000,152.1,102.4,5338,152075624256.837,114719656019.656,148885255648.038
"200","ESP","Spain",2000,822.7,593,39927,822831536388.14,658322535211.268,813428571428.571
"201","FIN","Finland",2000,133,80.1,5176,132936670071.502,89612365063.788,131270684371.808
"202","FRA","France",2000,1552.1,1103.9,60594,1552063387978.14,1253513636363.64,1564774863387.98
"203","GBR","United Kingdom",2000,1503,1208.4,58643,1504052215189.87,1323932454695.22,1.50675e+12
"204","GRC","Greece",2000,177.8,136.8,10917,177925438596.491,158165165165.165,179475146198.83
"205","IRL","Ireland",2000,108.1,61.3,3800,108147953830.011,67172932330.8271,93500524658.9717
"206","ISL","Iceland",2000,8,5.9,281,7964134615.38461,6744963054.18719,7731526442.30769
"207","ITA","Italy",2000,1444.1,1050.2,57762,1443747524752.48,1153678795483.06,1431933168316.83
"208","JPN","Japan",2000,3308.6,2077.9,126926,3299757419354.84,2311059375000,3341185161290.32
"209","MEX","Mexico",2000,897.2,696,98658,897182516339.869,745689236111.111,875705228758.17
"210","NLD","Netherlands",2000,435.1,287.2,15922,434909189189.189,336712802768.166,4.3676e+11
"211","NOR","Norway",2000,163,88,4491,163049389567.148,99628351648.3517,161449278579.356
"212","NZL","New Zealand",2000,79.4,57.9,3873,79201379310.3448,63677857142.8571,74255172413.7931
"213","PRT","Portugal",2000,177.7,136,10226,177766153846.154,151480127186.01,173490769230.769
"214","SWE","Sweden",2000,238.8,165.2,8872,238842981501.632,185675754189.944,237052992383.025
"215","TUR","Türkiye",2000,459.8,356.2,67461,459812573815.991,401413656160.48,463550139512.224
"216","USA","United States",2000,9764.8,7327.7,282425,9.7648e+12,8.1435e+12,9.9309e+12
"217","AUS","Australia",2001,528.6,372.3,19529,530045038167.939,412506153846.154,517344274809.16
"218","AUT","Austria",2001,231.8,163.6,8032,231839168490.153,181091220068.415,227362144420.131
"219","BEL","Belgium",2001,271,188.4,10281,271124864277.959,210525083612.04,276155266015.201
"220","CAN","Canada",2001,875.5,595.5,31021,877986178861.789,664653719008.265,853521138211.382
"221","CHE","Switzerland",2001,221.3,146.9,7285,220976842105.263,158299476439.791,232983684210.526
"222","DEU","Germany",2001,2086.2,1556,82340,2086653414882.77,1729993541442.41,2075396534148.83
"223","DNK","Denmark",2001,154.5,103.6,5357,154443876337.693,115633538083.538,152548038049.941
"224","ESP","Spain",2001,845.7,610.2,40266,845830188679.245,677916901408.451,847148247978.437
"225","FIN","Finland",2001,134.4,82,5188,134353421859.04,91415112855.7409,133636363636.364
"226","FRA","France",2001,1584.6,1135.5,60916,1584589071038.25,1288751136363.64,1601846994535.52
"227","GBR","United Kingdom",2001,1537.6,1239.9,59031,1538672468354.43,1361431630971.99,1549620253164.56
"228","GRC","Greece",2001,185.4,140.7,10938,185526315789.474,160894894894.895,185412280701.754
"229","IRL","Ireland",2001,114.6,65.4,3859,114646379853.095,71583243823.8453,97760755508.9192
"230","ISL","Iceland",2001,8.1,5.8,285,8138509615.38461,6602118226.60098,7876358173.07692
"231","ITA","Italy",2001,1469.6,1065.9,57894,1469219059405.94,1170705144291.09,1461195544554.46
"232","JPN","Japan",2001,3323,2116.9,127291,3314069032258.06,2.35664e+12,3364892258064.52
"233","MEX","Mexico",2001,897.3,712.8,100051,897222222222.222,760015451388.889,881340032679.739
"234","NLD","Netherlands",2001,441.3,292.2,16043,441114594594.595,344930795847.751,440988108108.108
"235","NOR","Norway",2001,167.5,90.6,4513,167494672586.016,102645384615.385,166312621668.217
"236","NZL","New Zealand",2001,82.1,59.5,3912,81909655172.4138,65672857142.8571,78264137931.0345
"237","PRT","Portugal",2001,180.6,138.2,10293,180661538461.538,154058823529.412,175926451872.077
"238","SWE","Sweden",2001,241.3,166.7,8896,241343525571.273,186752290502.793,237650054406.964
"239","TUR","Türkiye",2001,425.3,323.7,68610,425347555214.362,364845192789.09,420749911630.973
"240","USA","United States",2001,9838.9,7514.5,285358,9.8389e+12,8.3595e+12,1.00087e+13
"241","AUS","Australia",2002,545.6,387.8,19757,547054198473.282,428909230769.231,535206870229.008
"242","AUT","Austria",2002,234.5,164,8053,234542669584.245,181408209806.157,234198030634.573
"243","BEL","Belgium",2002,273.5,189.3,10330,273575461454.94,212338907469.342,282528773072.747
"244","CAN","Canada",2002,905.5,615,31362,908089430894.309,685989256198.347,887701626016.26
"245","CHE","Switzerland",2002,222,148.2,7343,221695789473.684,159516753926.702,233282105263.158
"246","DEU","Germany",2002,2087.9,1553.5,82482,2088334352701.33,1728937567276.64,2082273190621.81
"247","DNK","Denmark",2002,156.1,105,5376,156014982164.09,116968058968.059,154335434007.134
"248","ESP","Spain",2002,864.6,628.8,40546,864711590296.496,699239436619.718,867625336927.224
"249","FIN","Finland",2002,137.4,83.6,5201,137407558733.401,93438665358.1943,136266598569.969
"250","FRA","France",2002,1603.4,1161.5,61237,1603366120218.58,1320469318181.82,1627079781420.76
"251","GBR","United Kingdom",2002,1564.8,1279.6,59207,1565881329113.92,1407728171334.43,1604246835443.04
"252","GRC","Greece",2002,192.1,145.4,10950,192255847953.216,166507507507.507,192812865497.076
"253","IRL","Ireland",2002,121.6,67.8,3926,121676810073.452,74410311493.0182,102309548793.284
"254","ISL","Iceland",2002,8.1,5.8,288,8096935096.15385,6622733990.14778,8043581730.76923
"255","ITA","Italy",2002,1474.9,1075.5,57994,1474503712871.29,1179863237139.27,1472972772277.23
"256","JPN","Japan",2002,3311.2,2137.9,127435,3302360645161.29,2385250625000,3351492258064.52
"257","MEX","Mexico",2002,903.2,721.4,101398,903097549019.608,768916493055.556,893140032679.739
"258","NLD","Netherlands",2002,443.8,298,16147,443621621621.622,351901960784.314,440330810810.811
"259","NOR","Norway",2002,169.8,92.2,4539,169800776914.539,106166153846.154,170362884131.361
"260","NZL","New Zealand",2002,85.9,62.1,3976,85627586206.8965,68436428571.4286,80922068965.5172
"261","PRT","Portugal",2002,181.3,139.8,10368,181355384615.385,156009538950.715,178579810605.562
"262","SWE","Sweden",2002,246.1,169.6,8925,246112404787.813,189963351955.307,242078346028.292
"263","TUR","Türkiye",2002,459.1,331.3,69666,459127852988.071,373866487485.554,454923709616.744
"264","USA","United States",2002,10023.5,7753.7,288240,1.00235e+13,8.6357e+12,1.01266e+13
"265","AUS","Australia",2003,566.2,408.5,20007,567695419847.328,449720769230.769,563425190839.695
"266","AUT","Austria",2003,236.3,165,8098,236319474835.886,182481185860.889,237324945295.405
"267","BEL","Belgium",2003,276.9,193.9,10374,277019543973.941,217254180602.007,284352877307.275
"268","CAN","Canada",2003,923.6,634.2,31630,926243089430.894,708492561983.471,908564227642.276
"269","CHE","Switzerland",2003,221.3,148.9,7405,220914210526.316,160513612565.445,NA
"270","DEU","Germany",2003,2085.4,1556.5,82520,2085812436289.5,1729471474703.98,2096133537206.93
"271","DNK","Denmark",2003,156.8,105.9,5390,156705826397.146,118044840294.84,157792746730.083
"272","ESP","Spain",2003,886.2,647.8,40809,886311320754.717,720994366197.183,884103773584.906
"273","FIN","Finland",2003,140.2,86.6,5213,140186925434.116,96685966633.9549,136717058222.676
"274","FRA","France",2003,1610.9,1181.4,61540,1610862295081.97,1343551136363.64,1629994535519.13
"275","GBR","United Kingdom",2003,1599.9,1310,59375,1601049050632.91,1444158154859.97,1642794303797.47
"276","GRC","Greece",2003,200.8,151.7,10981,200902046783.626,171489489489.489,201720760233.918
"277","IRL","Ireland",2003,126.1,69.6,3991,126122770199.37,76329752953.8131,107149003147.954
"278","ISL","Iceland",2003,8.4,6.1,289,8449074519.23077,7003029556.65025,8259987980.76923
"279","ITA","Italy",2003,1478.7,1089.2,58095,1478295792079.21,1197451693851.94,1479264851485.15
"280","JPN","Japan",2003,3399.3,2161.1,127619,3390166451612.9,2411695625000,3432025161290.32
"281","MEX","Mexico",2003,914.9,743,102708,914863071895.425,791481597222.222,NA
"282","NLD","Netherlands",2003,439.9,297.6,16224,439725405405.405,351741637831.603,438364324324.324
"283","NOR","Norway",2003,170.5,95.3,4565,170510987791.343,109362417582.418,171595321864.549
"284","NZL","New Zealand",2003,89,65.2,4039,88748275862.069,71711428571.4286,85104827586.2069
"285","PRT","Portugal",2003,179.1,140.5,10444,1.7918e+11,155217806041.335,176836093607.007
"286","SWE","Sweden",2003,249.7,171.1,8959,249721762785.637,192351955307.263,246419477693.145
"287","TUR","Türkiye",2003,485.7,350.9,70802,485731641962.915,394693152345.353,481570447826.051
"288","USA","United States",2003,10330,8006,291085,1.033e+13,8.9163e+12,1.04053e+13
