STRUCTURE,STRUCTURE_ID,STRUCTURE_NAME,ACTION,FREQ,Frequency of observation,REF_AREA,Reference area,SECTOR,Institutional sector,COUNTERPART_SECTOR,Counterpart institutional sector,TRANSACTION,Transaction,INSTR_ASSET,Financial instruments and non-financial assets,ACTIVITY,Economic activity,EXPENDITURE,Expenditure,UNIT_MEASURE,Unit of measure,PRICE_BASE,Price base,TRANSFORMATION,Transformation,TABLE_IDENTIFIER,Table identifier,TIME_PERIOD,Time period,OBS_VALUE,Observation value,REF_YEAR_PRICE,Price reference year,CONF_STATUS,Confidentiality status,DECIMALS,Decimals,OBS_STATUS,Observation status,UNIT_MULT,Unit multiplier,CURRENCY,Currency
DATAFLOW,OECD.SDD.NAD:DSD_NAMAIN10@DF_TABLE4(2.0),Annual Purchasing Power Parities and exchange rates,I,A,Annual,COL,Colombia,S1,Total economy,S1,Total economy,PPP_B1GQ,Purchasing Power Parities for GDP,F21,Currency,_Z,Not applicable,_Z,Not applicable,XDC_USD,National currency per US dollar,_Z,Not applicable,N,Non transformed data,T001,Table 001 - Exchange rates and PPPs,2015,,1289.323671,,,,F,Free (free for publication),6,Six,A,Normal value,0,Units,COP,Colombian peso
DATAFLOW,OECD.SDD.NAD:DSD_NAMAIN10@DF_TABLE4(2.0),Annual Purchasing Power Parities and exchange rates,I,A,Annual,CRI,Costa Rica,S1,Total economy,S1,Total economy,PPP_B1GQ,Purchasing Power Parities for GDP,F21,Currency,_Z,Not applicable,_Z,Not applicable,XDC_USD,National currency per US dollar,_Z,Not applicable,N,Non transformed data,T001,Table 001 - Exchange rates and PPPs,2015,,353.963974,,,,F,Free (free for publication),6,Six,A,Normal value,0,Units,CRC,Costa Rican colon
DATAFLOW,OECD.SDD.NAD:DSD_NAMAIN10@DF_TABLE4(2.0),Annual Purchasing Power Parities and exchange rates,I,A,Annual,USA,United States,S1,Total economy,S1,Total economy,PPP_B1GQ,Purchasing Power Parities for GDP,F21,Currency,_Z,Not applicable,_Z,Not applicable,XDC_USD,National currency per US dollar,_Z,Not applicable,N,Non transformed data,T001,Table 001 - Exchange rates and PPPs,2015,,1,,,,F,Free (free for publication),6,Six,A,Normal value,0,Units,USD,US dollar
DATAFLOW,OECD.SDD.NAD:DSD_NAMAIN10@DF_TABLE4(2.0),Annual Purchasing Power Parities and exchange rates,I,A,Annual,AUS,Australia,S1,Total economy,S1,Total economy,PPP_B1GQ,Purchasing Power Parities for GDP,F21,Currency,_Z,Not applicable,_Z,Not applicable,XDC_USD,National currency per US dollar,_Z,Not applicable,N,Non transformed data,T001,Table 001 - Exchange rates and PPPs,2015,,1.473691,,,,F,Free (free for publication),6,Six,A,Normal value,0,Units,AUD,Australian dollar
DATAFLOW,OECD.SDD.NAD:DSD_NAMAIN10@DF_TABLE4(2.0),Annual Purchasing Power Parities and exchange rates,I,A,Annual,CAN,Canada,S1,Total economy,S1,Total economy,PPP_B1GQ,Purchasing Power Parities for GDP,F21,Currency,_Z,Not applicable,_Z,Not applicable,XDC_USD,National currency per US dollar,_Z,Not applicable,N,Non transformed data,T001,Table 001 - Exchange rates and PPPs,2015,,1.248042,,,,F,Free (free for publication),6,Six,A,Normal value,0,Units,CAD,Canadian dollar
DATAFLOW,OECD.SDD.NAD:DSD_NAMAIN10@DF_TABLE4(2.0),Annual Purchasing Power Parities and exchange rates,I,A,Annual,CHL,Chile,S1,Total economy,S1,Total economy,PPP_B1GQ,Purchasing Power Parities for GDP,F21,Currency,_Z,Not applicable,_Z,Not applicable,XDC_USD,National currency per US dollar,_Z,Not applicable,N,Non transformed data,T001,Table 001 - Exchange rates and PPPs,2015,,391.178861,,,,F,Free (free for publication),6,Six,A,Normal value,0,Units,CLP,Chilean peso
DATAFLOW,OECD.SDD.NAD:DSD_NAMAIN10@DF_TABLE4(2.0),Annual Purchasing Power Parities and exchange rates,I,A,Annual,CZE,Czechia,S1,Total economy,S1,Total economy,PPP_B1GQ,Purchasing Power Parities for GDP,F21,Currency,_Z,Not applicable,_Z,Not applicable,XDC_USD,National currency per US dollar,_Z,Not applicable,N,Non transformed data,T001,Table 001 - Exchange rates and PPPs,2015,,12.93798,,,,F,Free (free for publication),6,Six,A,Normal value,0,Units,CZK,Czech koruna
DATAFLOW,OECD.SDD.NAD:DSD_NAMAIN10@DF_TABLE4(2.0),Annual Purchasing Power Parities and exchange rates,I,A,Annual,DNK,Denmark,S1,Total economy,S1,Total economy,PPP_B1GQ,Purchasing Power Parities for GDP,F21,Currency,_Z,Not applicable,_Z,Not applicable,XDC_USD,National currency per US dollar,_Z,Not applicable,N,Non transformed data,T001,Table 001 - Exchange rates and PPPs,2015,,7.305357,,,,F,Free (free for publication),6,Six,A,Normal value,0,Units,DKK,Danish krone
DATAFLOW,OECD.SDD.NAD:DSD_NAMAIN10@DF_TABLE4(2.0),Annual Purchasing Power Parities and exchange rates,I,A,Annual,HUN,Hungary,S1,Total economy,S1,Total economy,PPP_B1GQ,Purchasing Power Parities for GDP,F21,Currency,_Z,Not applicable,_Z,Not applicable,XDC_USD,National currency per US dollar,_Z,Not applicable,N,Non transformed data,T001,Table 001 - Exchange rates and PPPs,2015,,132.55351,,,,F,Free (free for publication),6,Six,A,Normal value,0,Units,HUF,Forint
DATAFLOW,OECD.SDD.NAD:DSD_NAMAIN10@DF_TABLE4(2.0),Annual Purchasing Power Parities and exchange rates,I,A,Annual,ISL,Iceland,S1,Total economy,S1,Total economy,PPP_B1GQ,Purchasing Power Parities for GDP,F21,Currency,_Z,Not applicable,_Z,Not applicable,XDC_USD,National currency per US dollar,_Z,Not applicable,N,Non transformed data,T001,Table 001 - Exchange rates and PPPs,2015,,141.974926,,,,F,Free (free for publication),6,Six,A,Normal value,0,Units,ISK,Iceland krona
DATAFLOW,OECD.SDD.NAD:DSD_NAMAIN10@DF_TABLE4(2.0),Annual Purchasing Power Parities and exchange rates,I,A,Annual,ISR,Israel,S1,Total economy,S1,Total economy,PPP_B1GQ,Purchasing Power Parities for GDP,F21,Currency,_Z,Not applicable,_Z,Not applicable,XDC_USD,National currency per US dollar,_Z,Not applicable,N,Non transformed data,T001,Table 001 - Exchange rates and PPPs,2015,,3.923925,,,,F,Free (free for publication),6,Six,A,Normal value,0,Units,ILS,New Israeli sheqel
DATAFLOW,OECD.SDD.NAD:DSD_NAMAIN10@DF_TABLE4(2.0),Annual Purchasing Power Parities and exchange rates,I,A,Annual,KOR,Korea,S1,Total economy,S1,Total economy,PPP_B1GQ,Purchasing Power Parities for GDP,F21,Currency,_Z,Not applicable,_Z,Not applicable,XDC_USD,National currency per US dollar,_Z,Not applicable,N,Non transformed data,T001,Table 001 - Exchange rates and PPPs,2015,,857.483387,,,,F,Free (free for publication),6,Six,A,Normal value,0,Units,KRW,Won
DATAFLOW,OECD.SDD.NAD:DSD_NAMAIN10@DF_TABLE4(2.0),Annual Purchasing Power Parities and exchange rates,I,A,Annual,MEX,Mexico,S1,Total economy,S1,Total economy,PPP_B1GQ,Purchasing Power Parities for GDP,F21,Currency,_Z,Not applicable,_Z,Not applicable,XDC_USD,National currency per US dollar,_Z,Not applicable,N,Non transformed data,T001,Table 001 - Exchange rates and PPPs,2015,,8.327595,,,,F,Free (free for publication),6,Six,A,Normal value,0,Units,MXN,Mexican peso
DATAFLOW,OECD.SDD.NAD:DSD_NAMAIN10@DF_TABLE4(2.0),Annual Purchasing Power Parities and exchange rates,I,A,Annual,NZL,New Zealand,S1,Total economy,S1,Total economy,PPP_B1GQ,Purchasing Power Parities for GDP,F21,Currency,_Z,Not applicable,_Z,Not applicable,XDC_USD,National currency per US dollar,_Z,Not applicable,N,Non transformed data,T001,Table 001 - Exchange rates and PPPs,2015,,1.478014,,,,F,Free (free for publication),6,Six,A,Normal value,0,Units,NZD,New Zealand dollar
DATAFLOW,OECD.SDD.NAD:DSD_NAMAIN10@DF_TABLE4(2.0),Annual Purchasing Power Parities and exchange rates,I,A,Annual,POL,Poland,S1,Total economy,S1,Total economy,PPP_B1GQ,Purchasing Power Parities for GDP,F21,Currency,_Z,Not applicable,_Z,Not applicable,XDC_USD,National currency per US dollar,_Z,Not applicable,N,Non transformed data,T001,Table 001 - Exchange rates and PPPs,2015,,1.765116,,,,F,Free (free for publication),6,Six,A,Normal value,0,Units,PLN,Zloty
DATAFLOW,OECD.SDD.NAD:DSD_NAMAIN10@DF_TABLE4(2.0),Annual Purchasing Power Parities and exchange rates,I,A,Annual,SWE,Sweden,S1,Total economy,S1,Total economy,PPP_B1GQ,Purchasing Power Parities for GDP,F21,Currency,_Z,Not applicable,_Z,Not applicable,XDC_USD,National currency per US dollar,_Z,Not applicable,N,Non transformed data,T001,Table 001 - Exchange rates and PPPs,2015,,8.854383,,,,F,Free (free for publication),6,Six,A,Normal value,0,Units,SEK,Swedish krona
DATAFLOW,OECD.SDD.NAD:DSD_NAMAIN10@DF_TABLE4(2.0),Annual Purchasing Power Parities and exchange rates,I,A,Annual,GBR,United Kingdom,S1,Total economy,S1,Total economy,PPP_B1GQ,Purchasing Power Parities for GDP,F21,Currency,_Z,Not applicable,_Z,Not applicable,XDC_USD,National currency per US dollar,_Z,Not applicable,N,Non transformed data,T001,Table 001 - Exchange rates and PPPs,2015,,0.692551,,,,F,Free (free for publication),6,Six,A,Normal value,0,Units,GBP,Pound sterling
DATAFLOW,OECD.SDD.NAD:DSD_NAMAIN10@DF_TABLE4(2.0),Annual Purchasing Power Parities and exchange rates,I,A,Annual,AUT,Austria,S1,Total economy,S1,Total economy,PPP_B1GQ,Purchasing Power Parities for GDP,F21,Currency,_Z,Not applicable,_Z,Not applicable,XDC_USD,National currency per US dollar,_Z,Not applicable,N,Non transformed data,T001,Table 001 - Exchange rates and PPPs,2015,,0.798813,,,,F,Free (free for publication),6,Six,A,Normal value,0,Units,EUR,Euro
DATAFLOW,OECD.SDD.NAD:DSD_NAMAIN10@DF_TABLE4(2.0),Annual Purchasing Power Parities and exchange rates,I,A,Annual,BEL,Belgium,S1,Total economy,S1,Total economy,PPP_B1GQ,Purchasing Power Parities for GDP,F21,Currency,_Z,Not applicable,_Z,Not applicable,XDC_USD,National currency per US dollar,_Z,Not applicable,N,Non transformed data,T001,Table 001 - Exchange rates and PPPs,2015,,0.799998,,,,F,Free (free for publication),6,Six,A,Normal value,0,Units,EUR,Euro
DATAFLOW,OECD.SDD.NAD:DSD_NAMAIN10@DF_TABLE4(2.0),Annual Purchasing Power Parities and exchange rates,I,A,Annual,EST,Estonia,S1,Total economy,S1,Total economy,PPP_B1GQ,Purchasing Power Parities for GDP,F21,Currency,_Z,Not applicable,_Z,Not applicable,XDC_USD,National currency per US dollar,_Z,Not applicable,N,Non transformed data,T001,Table 001 - Exchange rates and PPPs,2015,,0.53758,,,,F,Free (free for publication),6,Six,A,Normal value,0,Units,EUR,Euro
DATAFLOW,OECD.SDD.NAD:DSD_NAMAIN10@DF_TABLE4(2.0),Annual Purchasing Power Parities and exchange rates,I,A,Annual,FIN,Finland,S1,Total economy,S1,Total economy,PPP_B1GQ,Purchasing Power Parities for GDP,F21,Currency,_Z,Not applicable,_Z,Not applicable,XDC_USD,National currency per US dollar,_Z,Not applicable,N,Non transformed data,T001,Table 001 - Exchange rates and PPPs,2015,,0.907748,,,,F,Free (free for publication),6,Six,A,Normal value,0,Units,EUR,Euro
DATAFLOW,OECD.SDD.NAD:DSD_NAMAIN10@DF_TABLE4(2.0),Annual Purchasing Power Parities and exchange rates,I,A,Annual,FRA,France,S1,Total economy,S1,Total economy,PPP_B1GQ,Purchasing Power Parities for GDP,F21,Currency,_Z,Not applicable,_Z,Not applicable,XDC_USD,National currency per US dollar,_Z,Not applicable,N,Non transformed data,T001,Table 001 - Exchange rates and PPPs,2015,,0.808694,,,,F,Free (free for publication),6,Six,A,Normal value,0,Units,EUR,Euro
DATAFLOW,OECD.SDD.NAD:DSD_NAMAIN10@DF_TABLE4(2.0),Annual Purchasing Power Parities and exchange rates,I,A,Annual,DEU,Germany,S1,Total economy,S1,Total economy,PPP_B1GQ,Purchasing Power Parities for GDP,F21,Currency,_Z,Not applicable,_Z,Not applicable,XDC_USD,National currency per US dollar,_Z,Not applicable,N,Non transformed data,T001,Table 001 - Exchange rates and PPPs,2015,,0.778122,,,,F,Free (free for publication),6,Six,A,Normal value,0,Units,EUR,Euro
DATAFLOW,OECD.SDD.NAD:DSD_NAMAIN10@DF_TABLE4(2.0),Annual Purchasing Power Parities and exchange rates,I,A,Annual,GRC,Greece,S1,Total economy,S1,Total economy,PPP_B1GQ,Purchasing Power Parities for GDP,F21,Currency,_Z,Not applicable,_Z,Not applicable,XDC_USD,National currency per US dollar,_Z,Not applicable,N,Non transformed data,T001,Table 001 - Exchange rates and PPPs,2015,,0.60907,,,,F,Free (free for publication),6,Six,A,Normal value,0,Units,EUR,Euro
DATAFLOW,OECD.SDD.NAD:DSD_NAMAIN10@DF_TABLE4(2.0),Annual Purchasing Power Parities and exchange rates,I,A,Annual,IRL,Ireland,S1,Total economy,S1,Total economy,PPP_B1GQ,Purchasing Power Parities for GDP,F21,Currency,_Z,Not applicable,_Z,Not applicable,XDC_USD,National currency per US dollar,_Z,Not applicable,N,Non transformed data,T001,Table 001 - Exchange rates and PPPs,2015,,0.809686,,,,F,Free (free for publication),6,Six,A,Normal value,0,Units,EUR,Euro
DATAFLOW,OECD.SDD.NAD:DSD_NAMAIN10@DF_TABLE4(2.0),Annual Purchasing Power Parities and exchange rates,I,A,Annual,ITA,Italy,S1,Total economy,S1,Total economy,PPP_B1GQ,Purchasing Power Parities for GDP,F21,Currency,_Z,Not applicable,_Z,Not applicable,XDC_USD,National currency per US dollar,_Z,Not applicable,N,Non transformed data,T001,Table 001 - Exchange rates and PPPs,2015,,0.738694,,,,F,Free (free for publication),6,Six,A,Normal value,0,Units,EUR,Euro
DATAFLOW,OECD.SDD.NAD:DSD_NAMAIN10@DF_TABLE4(2.0),Annual Purchasing Power Parities and exchange rates,I,A,Annual,LVA,Latvia,S1,Total economy,S1,Total economy,PPP_B1GQ,Purchasing Power Parities for GDP,F21,Currency,_Z,Not applicable,_Z,Not applicable,XDC_USD,National currency per US dollar,_Z,Not applicable,N,Non transformed data,T001,Table 001 - Exchange rates and PPPs,2015,,0.532607,,,,F,Free (free for publication),6,Six,A,Normal value,0,Units,EUR,Euro
DATAFLOW,OECD.SDD.NAD:DSD_NAMAIN10@DF_TABLE4(2.0),Annual Purchasing Power Parities and exchange rates,I,A,Annual,LTU,Lithuania,S1,Total economy,S1,Total economy,PPP_B1GQ,Purchasing Power Parities for GDP,F21,Currency,_Z,Not applicable,_Z,Not applicable,XDC_USD,National currency per US dollar,_Z,Not applicable,N,Non transformed data,T001,Table 001 - Exchange rates and PPPs,2015,,0.477254,,,,F,Free (free for publication),6,Six,A,Normal value,0,Units,EUR,Euro
DATAFLOW,OECD.SDD.NAD:DSD_NAMAIN10@DF_TABLE4(2.0),Annual Purchasing Power Parities and exchange rates,I,A,Annual,LUX,Luxembourg,S1,Total economy,S1,Total economy,PPP_B1GQ,Purchasing Power Parities for GDP,F21,Currency,_Z,Not applicable,_Z,Not applicable,XDC_USD,National currency per US dollar,_Z,Not applicable,N,Non transformed data,T001,Table 001 - Exchange rates and PPPs,2015,,0.881261,,,,F,Free (free for publication),6,Six,A,Normal value,0,Units,EUR,Euro
DATAFLOW,OECD.SDD.NAD:DSD_NAMAIN10@DF_TABLE4(2.0),Annual Purchasing Power Parities and exchange rates,I,A,Annual,NLD,Netherlands,S1,Total economy,S1,Total economy,PPP_B1GQ,Purchasing Power Parities for GDP,F21,Currency,_Z,Not applicable,_Z,Not applicable,XDC_USD,National currency per US dollar,_Z,Not applicable,N,Non transformed data,T001,Table 001 - Exchange rates and PPPs,2015,,0.809978,,,,F,Free (free for publication),6,Six,A,Normal value,0,Units,EUR,Euro
DATAFLOW,OECD.SDD.NAD:DSD_NAMAIN10@DF_TABLE4(2.0),Annual Purchasing Power Parities and exchange rates,I,A,Annual,PRT,Portugal,S1,Total economy,S1,Total economy,PPP_B1GQ,Purchasing Power Parities for GDP,F21,Currency,_Z,Not applicable,_Z,Not applicable,XDC_USD,National currency per US dollar,_Z,Not applicable,N,Non transformed data,T001,Table 001 - Exchange rates and PPPs,2015,,0.584947,,,,F,Free (free for publication),6,Six,A,Normal value,0,Units,EUR,Euro
DATAFLOW,OECD.SDD.NAD:DSD_NAMAIN10@DF_TABLE4(2.0),Annual Purchasing Power Parities and exchange rates,I,A,Annual,SVK,Slovak Republic,S1,Total economy,S1,Total economy,PPP_B1GQ,Purchasing Power Parities for GDP,F21,Currency,_Z,Not applicable,_Z,Not applicable,XDC_USD,National currency per US dollar,_Z,Not applicable,N,Non transformed data,T001,Table 001 - Exchange rates and PPPs,2015,,0.491548,,,,F,Free (free for publication),6,Six,A,Normal value,0,Units,EUR,Euro
DATAFLOW,OECD.SDD.NAD:DSD_NAMAIN10@DF_TABLE4(2.0),Annual Purchasing Power Parities and exchange rates,I,A,Annual,SVN,Slovenia,S1,Total economy,S1,Total economy,PPP_B1GQ,Purchasing Power Parities for GDP,F21,Currency,_Z,Not applicable,_Z,Not applicable,XDC_USD,National currency per US dollar,_Z,Not applicable,N,Non transformed data,T001,Table 001 - Exchange rates and PPPs,2015,,0.595298,,,,F,Free (free for publication),6,Six,A,Normal value,0,Units,EUR,Euro
DATAFLOW,OECD.SDD.NAD:DSD_NAMAIN10@DF_TABLE4(2.0),Annual Purchasing Power Parities and exchange rates,I,A,Annual,ESP,Spain,S1,Total economy,S1,Total economy,PPP_B1GQ,Purchasing Power Parities for GDP,F21,Currency,_Z,Not applicable,_Z,Not applicable,XDC_USD,National currency per US dollar,_Z,Not applicable,N,Non transformed data,T001,Table 001 - Exchange rates and PPPs,2015,,0.66474,,,,F,Free (free for publication),6,Six,A,Normal value,0,Units,EUR,Euro
DATAFLOW,OECD.SDD.NAD:DSD_NAMAIN10@DF_TABLE4(2.0),Annual Purchasing Power Parities and exchange rates,I,A,Annual,EA20,Euro area (20 countries),S1,Total economy,S1,Total economy,PPP_B1GQ,Purchasing Power Parities for GDP,F21,Currency,_Z,Not applicable,_Z,Not applicable,XDC_USD,National currency per US dollar,_Z,Not applicable,N,Non transformed data,T001,Table 001 - Exchange rates and PPPs,2015,,0.806367,,,,F,Free (free for publication),6,Six,A,Normal value,0,Units,EUR,Euro
DATAFLOW,OECD.SDD.NAD:DSD_NAMAIN10@DF_TABLE4(2.0),Annual Purchasing Power Parities and exchange rates,I,A,Annual,JPN,Japan,S1,Total economy,S1,Total economy,PPP_B1GQ,Purchasing Power Parities for GDP,F21,Currency,_Z,Not applicable,_Z,Not applicable,XDC_USD,National currency per US dollar,_Z,Not applicable,N,Non transformed data,T001,Table 001 - Exchange rates and PPPs,2015,,103.469437,,,,F,Free (free for publication),6,Six,A,Normal value,0,Units,JPY,Yen
DATAFLOW,OECD.SDD.NAD:DSD_NAMAIN10@DF_TABLE4(2.0),Annual Purchasing Power Parities and exchange rates,I,A,Annual,NOR,Norway,S1,Total economy,S1,Total economy,PPP_B1GQ,Purchasing Power Parities for GDP,F21,Currency,_Z,Not applicable,_Z,Not applicable,XDC_USD,National currency per US dollar,_Z,Not applicable,N,Non transformed data,T001,Table 001 - Exchange rates and PPPs,2015,,9.932516,,,,F,Free (free for publication),6,Six,A,Normal value,0,Units,NOK,Norwegian krone
DATAFLOW,OECD.SDD.NAD:DSD_NAMAIN10@DF_TABLE4(2.0),Annual Purchasing Power Parities and exchange rates,I,A,Annual,CHE,Switzerland,S1,Total economy,S1,Total economy,PPP_B1GQ,Purchasing Power Parities for GDP,F21,Currency,_Z,Not applicable,_Z,Not applicable,XDC_USD,National currency per US dollar,_Z,Not applicable,N,Non transformed data,T001,Table 001 - Exchange rates and PPPs,2015,,1.235456,,,,F,Free (free for publication),6,Six,A,Normal value,0,Units,CHF,Swiss franc
DATAFLOW,OECD.SDD.NAD:DSD_NAMAIN10@DF_TABLE4(2.0),Annual Purchasing Power Parities and exchange rates,I,A,Annual,TUR,Türkiye,S1,Total economy,S1,Total economy,PPP_B1GQ,Purchasing Power Parities for GDP,F21,Currency,_Z,Not applicable,_Z,Not applicable,XDC_USD,National currency per US dollar,_Z,Not applicable,N,Non transformed data,T001,Table 001 - Exchange rates and PPPs,2015,,1.162141,,,,F,Free (free for publication),6,Six,A,Normal value,0,Units,TRY,Turkish lira
