"iso","year","Population","GDP","consumption","GDP_pc","consumption_pc","gdp_log_diff","consumption_log_diff","gdp_log_diff_total","cons_log_diff_total","gdp_dev","cons_dev","EHB_dev","ehb_crude_dev_non_ppp","eq_ehb_crude_dev_non_ppp","debt_ehb_crude_dev_non_ppp","fdi_ehb_crude_dev_non_ppp","eq_debt_ehb_crude_dev_non_ppp","time"
"AUS",1993,17634808,5603968231.65016,4260006923.4832,317.778806077739,241.568092121173,0.0229288388014579,0.00838290418001897,0.00191849612916695,0.00789719321884785,0.021010342672291,0.000485710961171115,0.0563579225182711,-0.401856712001028,0.756982985996284,-1.18624871894108,0.574263179913134,-0.751273390004209,-5
"AUS",1994,17805468,5840471491.88773,4439061295.67236,328.015612501044,249.308880601867,0.0317056439584791,0.0315412237406472,0.0160077203411308,0.013109206089438,0.0156979236173482,0.0184320176512092,0.0533295829634177,-0.50069562812909,0.572943895467129,-1.32785337802796,0.484233971504781,-0.901652135710696,-4
"AUS",1995,18004882,5955200987.43082,4508191023.21693,330.754791252218,250.387146287153,0.00831608257358774,0.00431569314479407,0.0164189616558748,0.00788541834596757,-0.00810287908228702,-0.00356972520117349,0.051120469869953,-0.489156965981911,0.539101393439418,-1.26800883766547,0.416171317222399,-0.849137349861227,-3
"AUS",1996,18224767,6107355385.64649,4574965473.48329,335.112947432825,251.030121454134,0.0130903426029993,0.00256463253568828,0.0143345315062628,0.0123294709505197,-0.0012441889032635,-0.00976483841483144,0.0714258900030031,-0.517204723919751,0.333725068529585,-1.25373844770296,0.400628033872596,-0.896140169067514,-2
"AUS",1997,18423037,6451270116.27569,4856259750.97712,350.174084559223,263.59713390236,0.0439627837672569,0.0488489919396615,0.019515162429383,0.0168126444876115,0.0244476213378739,0.03203634745205,0.0738852339027554,-0.588265976398751,0.0639419944992046,-1.25634798335318,0.276102512621337,-0.95510922640484,-1
"AUS",1998,18607584,6750216366.79606,5152889366.38534,362.766943134372,276.924149120345,0.0353301828587824,0.0493217091339497,0.0174795874558713,0.0204575910758287,0.0178505954029111,0.0288641180581211,0.0952939341760789,-0.552623308050515,-0.0200361496374861,-1.22280654294569,0.318441343546392,-0.938889253915481,0
"AUS",1999,18812264,7088576716.77848,5383541677.12555,376.806147137765,286.171918336121,0.0379702584865029,0.032849104488486,0.0160177399246013,0.0251573996252556,0.0219525185619016,0.00769170486323034,0.116284562724009,-0.534800211413108,-0.00694295314308757,-1.18462569857005,0.245039006668728,-0.848001619928575,1
"AUS",2000,19028802,7245292831.84536,5547438635.33703,380.754018663149,291.528527930294,0.010422689688447,0.0185451236849952,0.0252088601522411,0.0275642349097227,-0.0147861704637942,-0.00901911122472754,0.133679217702268,-0.624352740756018,-0.0647511811723489,-1.23006525666274,0.0254818326596979,-0.901571504279746,2
"AUS",2001,19274701,7418443658.46537,5610440036.35872,384.879830741103,291.077928335113,0.0107776113030642,-0.00154684068527455,0.00102400552994553,0.00920533032873294,0.00975360577311868,-0.0107521710140075,0.147715657608074,-0.5199850606839,-0.0095715382227779,-1.27791504588445,0.204573853060892,-0.90172510447711,3
"AUS",2002,19495210,7648220908.81523,5827152094.70837,392.312824987021,298.901735077918,0.0191283868450141,0.0265238478638103,0.00425210514906205,0.0134560726341038,0.014876281695952,0.0130677752297066,0.145260351259815,-0.604472356704703,0.079071380715743,-1.30274059718573,0.0599579702103759,-0.93308548167299,4
"AUS",2003,19720737,8009564148.30997,6060023661.34907,406.149331452976,307.291946611786,0.0346613589706664,0.0276833877168521,0.0106311721123795,0.0171283465560563,0.0240301868582868,0.0105550411607958,0.165617507915325,-0.617485342963091,0.00872430345457342,-1.30978184023838,0.0570373956555976,-0.942272800757038,5
"AUT",1993,7905632,3034111143.28736,2278092834.21987,383.791092639697,288.160748466393,-0.0114683434056184,-0.00147136682785298,0.00191849612916695,0.00789719321884785,-0.0133868395347854,-0.00936856004670084,0.0298991652934717,0.16375165796204,-0.507058877512878,0.523956008827177,-0.657720646700178,0.399412970649268,-5
"AUT",1994,7936118,3094064179.42052,2317413900.68115,389.871241760836,292.008498447371,0.0157181603153953,0.0132644272936613,0.0160077203411308,0.013109206089438,-0.000289560025735547,0.000155221204223288,-0.0030769117920636,0.142162357102617,-0.395119004478235,0.495961660319694,-0.706240532388925,0.378372793825616,-4
"AUT",1995,7948278,3163270528.64144,2349972173.06534,397.98186835456,295.658024677212,0.0205899120673863,0.0124205582720558,0.0164189616558748,0.00788541834596757,0.0041709504115115,0.00453513992608823,-0.0234555783907884,0.0738653677092035,-0.53578008312725,0.448896804595385,-0.76817318887685,0.317466469335178,-3
"AUT",1996,7959016,3204775434.0382,2401505501.75765,402.659755180566,301.733970852384,0.0116854780440692,0.0203422735562961,0.0143345315062628,0.0123294709505197,-0.00264905346219368,0.00801280260577641,-0.0353529158207524,-0.0138565639004137,-0.669992038741901,0.362902794671866,-0.833969665791387,0.208653317746794,-2
"AUT",1997,7968041,3272141394.22784,2426091740.39915,410.658202465053,304.477818374573,0.0196693189397275,0.0090525004911024,0.019515162429383,0.0168126444876115,0.00015415651034445,-0.00776014399650915,-0.15399350019626,0.0242522377707928,-0.293486918129884,0.375583976562011,-0.660597880081286,0.230154759548776,-1
"AUT",1999,7992323,3486330475.08445,2550166943.16926,436.209907317866,319.077062221992,0.0315003896270154,0.0242348079431451,0.0160177399246013,0.0251573996252556,0.0154826497024141,-0.000922591682110507,-0.346345348277785,0.0814443245350916,-0.0458488677910709,0.488629486639063,-0.690046721143556,0.292040159109568,1
"AUT",2000,8011566,3563166108.15344,2597411037.22193,444.75276221321,324.207656433453,0.0193949709395156,0.0159515774380736,0.0252088601522411,0.0275642349097227,-0.00581388921272552,-0.0116126574716491,-0.499091463073946,0.221923538903341,0.32124184985548,0.582499366309189,-0.557857845922398,0.4281080093175,2
"AUT",2001,8042293,3585026881.55455,2616234582.23303,445.771732210521,325.309533267817,0.00228847257632125,0.00339291371772799,0.00102400552994553,0.00920533032873294,0.00126446704637573,-0.00581241661100496,-0.428989338686519,0.183254614578261,-0.0101308841880245,0.569322527834734,-0.547969233532559,0.385986824599539,3
"AUT",2002,8080292,3613007552.66916,2609314623.62572,447.138241126578,322.923308170759,0.00306080125366925,-0.00736228010344497,0.00425210514906205,0.0134560726341038,-0.00119130389539279,-0.0208183527375487,-0.31742777659715,0.272818347397806,-0.00673177938235381,0.612519085710768,-0.319780085641085,0.455209568373643,4
"AUT",2003,8114402,3651059533.23027,2666798698.45218,449.948071740871,328.650059296074,0.00626436890781434,0.0175786761063126,0.0106311721123795,0.0171283465560563,-0.00436680320456517,0.000450329550256257,-0.254850563333033,0.244131590914891,-0.00538534043123473,0.606825225992212,-0.36182818729926,0.443305711224214,5
"BEL",1993,10084479,3625608058.55214,2717593589.49567,359.523586548412,269.482795243628,-0.00158748262187824,-0.00356580703800802,0.00191849612916695,0.00789719321884785,-0.00350597875104519,-0.0114630002568559,-0.290989002993116,1.51275117021946,2.11728028207146,1.67950898519582,1.24216845721268,1.68158872619339,-5
"BEL",1994,10115601,3732251133.31549,2777437934.1963,368.959899991655,274.569739770904,0.0259081817029658,0.018700741007768,0.0160077203411308,0.013109206089438,0.00990046136183498,0.00559153491832998,-0.276911245476779,1.47706209282156,1.93594218235403,1.67255974134645,1.13361647257658,1.65255770304863,-4
"BEL",1995,10136814,3811947217.30556,2834527825.78322,376.04983353799,279.62709247533,0.019033704587117,0.0182516131528265,0.0164189616558748,0.00788541834596757,0.0026147429312422,0.010366194806859,-0.23753602916576,1.35061355024571,1.66614941134874,1.57844211966495,0.978528596253882,1.5351442730182,-3
"BEL",1996,10156641,3801764924.73259,2858822563.00804,374.313212875456,281.473231455954,-0.00462875609741253,0.00658044760880472,0.0143345315062628,0.0123294709505197,-0.0189632876036754,-0.00574902334171501,-0.19207939800027,1.2850237692792,1.46479535672431,1.50717079509283,0.993435080359056,1.43799297108643,-2
"BEL",1997,10181246,3912189765.94446,2887799944.96771,384.254517172501,283.639148387899,0.0262122236504805,0.00766547545186924,0.019515162429383,0.0168126444876115,0.00669706122109748,-0.00914716903574231,-0.144623928533676,1.24853714561051,1.25619589295313,1.48637771298075,0.99490482985531,1.38894047942091,-1
"BEL",1998,10203012,4022779159.92966,2977330200.89058,394.273687018075,291.80894826847,0.0257401670848276,0.0283964753862573,0.0174795874558713,0.0204575910758287,0.00826057962895632,0.00793888431042866,-0.0741764767978209,1.21424251069786,1.30750032506003,1.4037591036091,1.15236430824443,1.30897712250352,0
"BEL",1999,10226419,4143795997.83597,3039675740.08308,405.204988944416,297.237551100056,0.0273477793488972,0.0184323530811064,0.0160177399246013,0.0251573996252556,0.0113300394242959,-0.00672504654414929,-0.161455456686956,1.18658888694004,1.24288786345668,1.40200665777283,1.13744235456788,1.27369325135223,1
"BEL",2000,10251251,4275599273.60673,3136253973.90629,417.0807322547,305.938658014158,0.0288867209896493,0.0288529633921799,0.0252088601522411,0.0275642349097227,0.00367786083740818,0.0012887284824572,-0.121851843637465,1.14523989504112,1.20474452567175,1.30919601069744,1.17758645218664,1.18756478997882,2
"BEL",2001,10286571,4302093489.10007,3171464450.51914,418.224254622854,308.311141829394,0.00273797738667358,0.00772485595820172,0.00102400552994553,0.00920533032873294,0.00171397185672806,-0.00148047437053123,-0.10219545538993,1.08842907767406,1.06585297890731,1.2607778264695,1.06762184578943,1.14114360528255,3
"BEL",2002,10332786,4375300910.03839,3223509601.1485,423.4386456894,311.969066343627,0.0123908462154212,0.0117945627506648,0.00425210514906205,0.0134560726341038,0.00813874106635915,-0.00166150988343894,-0.160985190009841,1.11430342745444,1.05025740591558,1.26436138657178,1.11177735958705,1.15981148285191,4
"BEL",2003,10376131,4432078877.29463,3265459456.89737,427.141761924038,314.708773134935,0.00870732407709163,0.00874364489442669,0.0106311721123795,0.0171283465560563,-0.00192384803528789,-0.00838470166162963,-0.163274756361939,1.09614793019203,0.996381707498157,1.26144581007118,1.12320806212242,1.14608237228459,5
"CAN",1993,28684764,8853758477.87584,7219023169.43477,308.65718392788,251.667511346259,0.00956991840728438,0.00210672985109106,0.00191849612916695,0.00789719321884785,0.00765142227811744,-0.00579046336775679,0.0546093042018339,0.210350104193077,1.30479741139605,-0.470165494983438,1.15245904783616,-0.107694787392191,-5
"CAN",1994,29000663,9370806120.96658,7427738639.32216,323.123858270639,256.123063094184,0.0458044879678301,0.0175492272666409,0.0160077203411308,0.013109206089438,0.0297967676266992,0.00444002117720288,0.0438510530389054,0.20942544889866,1.26171243792673,-0.391380366731882,1.06245849115533,-0.068367870620587,-4
"CAN",1995,29302311,9632953129.95077,7464099155.48541,328.74380215099,254.727320158653,0.0172430186835593,-0.00546440388155034,0.0164189616558748,0.00788541834596757,0.00082405702768451,-0.0133498222275179,0.0440100097484384,0.31367637264698,1.25836565325927,-0.317611252371144,1.16666791763809,0.00359898010974491,-3
"CAN",1996,29610218,9805752220.05217,7568548492.04851,331.16109513453,255.605969940799,0.00732621868853567,0.00344343850339079,0.0143345315062628,0.0123294709505197,-0.00700831281772718,-0.00888603244712893,0.0511264409296163,0.365727237421592,1.24857683401078,-0.350456910860282,1.25755514601353,0.0121567953896456,-2
"CAN",1997,29905948,10177794682.6795,7809137713.65543,340.32676986797,261.123229186897,0.0273012946778168,0.0213553595705207,0.019515162429383,0.0168126444876115,0.00778613224843383,0.00454271508290915,0.0620521693583542,0.358074571781932,1.06844598581404,-0.423949991248799,1.2601834297826,-0.047255454054825,-1
"CAN",1998,30155173,10451025752.976,8038845431.91791,346.5748895878,266.582633497673,0.0181926829354619,0.0206918265769307,0.0174795874558713,0.0204575910758287,0.000713095479590642,0.00023423550110202,0.0802021194807124,0.335534824214183,0.916039029282425,-0.525856997259432,1.27978146233124,-0.131197390048306,0
"CAN",1999,30401286,11008732009.6853,8319064675.40304,362.114024047708,273.641867498731,0.0438602189426529,0.0261359335710436,0.0160177399246013,0.0251573996252556,0.0278424790180516,0.000978533945787952,0.107037262626697,0.30750623945303,0.908991131528079,-0.69653683958257,1.20525674080361,-0.12147205949225,1
"CAN",2000,30685730,11760845938.8887,8660743470.13881,383.267595031591,282.240098903914,0.0567742809748779,0.03093792471822,0.0252088601522411,0.0275642349097227,0.0315654208226368,0.00337368980849728,0.0196347668625569,0.147260309182104,0.714096468850123,-0.878363442559797,0.98242918944391,-0.3119657885749,2
"CAN",2001,31020855,11870183367.3086,8855508600.86531,382.651715025539,285.469520452138,-0.00160821154579871,0.0113771416673591,0.00102400552994553,0.00920533032873294,-0.00263221707574424,0.00217181133862621,0.00134285506824827,0.0300705155553624,0.666470623618346,-0.935602654723584,0.777413666887575,-0.375824049522465,3
"CAN",2002,31359199,12106520658.0077,9175514941.66752,386.059626650785,292.594046859026,0.008866615508488,0.0246508778055254,0.00425210514906205,0.0134560726341038,0.00461451035942595,0.0111948051714217,0.117878962356964,-0.127448324191541,0.632272214422731,-1.06458706167258,0.613724608610217,-0.533323963893332,4
"CAN",2003,31642461,12384101148.7746,9358849725.40576,391.376042109197,295.768705392598,0.0136770116065712,0.0107916054546022,0.0106311721123795,0.0171283465560563,0.00304583949419168,-0.0063367411014541,0.0607792574473631,-0.148109568560159,0.593025351327341,-1.15149084284345,0.606789163167577,-0.556087464702446,5
"CHE",1993,6938265,3767339609.23984,2545032197.93963,542.980069115239,366.81103963882,-0.0198087528206026,-0.0197029131708062,0.00191849612916695,0.00789719321884785,-0.0217272489497695,-0.027600106389654,-0.239613550122509,1.60978350361443,2.30405534998711,1.7326272449201,1.46471625220172,1.75656015504284,-5
"CHE",1994,6993795,3827745496.51494,2557383691.72057,547.305932832595,365.664662993492,0.00793532414311038,-0.00313014500605568,0.0160077203411308,0.013109206089438,-0.00807239619802047,-0.0162393510954937,-0.238238586201173,1.57281013462006,2.22493908615412,1.68594753399196,1.45204650932535,1.70812958324229,-4
"CHE",1995,7040687,3806025099.91341,2559456501.21767,540.575813115028,363.523687563113,-0.0123730462491825,-0.00587223199885756,0.0164189616558748,0.00788541834596757,-0.0287920079050572,-0.0137576503448251,-0.187842998272808,1.50218318643634,2.10028753207216,1.61141374383176,1.42479700584815,1.62949056666001,-3
"CHE",1996,7071851,3805392542.40098,2593967889.15026,538.104174197247,366.801830122023,-0.00458271827138557,0.00897726971146984,0.0143345315062628,0.0123294709505197,-0.0189172497776484,-0.00335220123904989,-0.205907398720207,1.50329005214715,2.03347464261224,1.62966248375958,1.34512367718444,1.6309018975189,-2
"CHE",1997,7088906,3846585252.79719,2637333316.24056,542.620434351534,372.03671712399,0.00835788582684316,0.0141708215512351,0.019515162429383,0.0168126444876115,-0.0111572766025398,-0.00264182293637649,-0.145048870679562,1.6037977672401,2.04266638420118,1.72820528210118,1.45788521192033,1.72197663398392,-1
"CHE",1998,7110002,3945266911.12158,2689211906.60548,554.889704830122,378.229416335674,0.0223593043799912,0.016508381691513,0.0174795874558713,0.0204575910758287,0.00487971692411993,-0.00394920938431564,-0.152579744597788,1.59240642741222,1.94985915669551,1.76291637557196,1.37036784706614,1.72313251787639,0
"CHE",1999,7143991,3989139801.57528,2741316291.99206,558.390933243797,383.723368631351,0.0062899503275684,0.0144209657498022,0.0160177399246013,0.0251573996252556,-0.00972778959703291,-0.0107364338754534,-0.158334851729946,1.49981266486886,1.83227093080312,1.66988801832006,1.31646204321258,1.61850419587276,1
"CHE",2000,7184250,4129399915.96182,2796776838.39636,574.785108530719,389.292805567228,0.028936932361864,0.0144098752221611,0.0252088601522411,0.0275642349097227,0.0037280722096229,-0.0131543596875616,-0.0985794446474848,1.54509488449066,1.80260832998724,1.72718790146185,1.35885734768071,1.64838855360822,2
"CHE",2001,7226647,4199415826.42502,2848601889.02077,581.101557392387,394.180300908675,0.0109292925032323,0.0124766471307884,0.00102400552994553,0.00920533032873294,0.00990528697328674,0.0032713168020555,-0.229563322326318,1.42231340800246,1.66759220621899,1.56258456597429,1.28882339189548,1.50838122717913,3
"CHE",2002,7284754,4169347435.21075,2837203126.69295,572.338809959918,389.471370851088,-0.0151943980245761,-0.0120180608413909,0.00425210514906205,0.0134560726341038,-0.0194465031736382,-0.0254741334754947,-0.103450507640911,1.41437382119396,1.60078178786005,1.55603942398793,1.29313926073806,1.4960593086408,4
"CHE",2003,7339002,4179811977.92438,2870271235.78228,569.534110758436,391.098304072173,-0.00491246405954993,0.0041685851482578,0.0106311721123795,0.0171283465560563,-0.0155436361719294,-0.0129597614077985,-0.145349027032044,1.29822254560266,1.5607920952138,1.4276598121106,1.19996317291053,1.38778164703195,5
"DEU",1993,81156368,31418881995.1832,23827442623.694,387.140070082771,293.599174173172,-0.0229754118007035,-0.0100962734915173,0.00191849612916695,0.00789719321884785,-0.0248939079298705,-0.0179934667103652,-0.0856174077686609,0.261757226542256,0.528685533976519,0.494290725555337,-0.093293358525413,0.443723693816497,-5
"DEU",1994,81438346,31999570334.0945,24106243168.8008,392.930012774259,296.006050623877,0.0148449457221282,0.00816441143729385,0.0160077203411308,0.013109206089438,-0.0011627746190026,-0.00494479465214415,-0.105499908916452,0.22641260619334,0.596556695502899,0.432173704327793,-0.100614393150048,0.399291168621426,-4
"DEU",1995,81678046,32522521569.7808,24445889111.0973,398.179476156675,299.295714188575,0.013271337290063,0.0110521998939737,0.0164189616558748,0.00788541834596757,-0.00314762436581173,0.00316678154800609,-0.0957104629091456,0.158426797824432,0.425295524694004,0.381715885849353,-0.153626923424365,0.332866565367785,-3
"DEU",1996,81914834,32540848554.4236,24691619139.7925,397.252206534699,301.430375111211,-0.00233148883101819,0.00710696587216741,0.0143345315062628,0.0123294709505197,-0.016666020337281,-0.00522250507835231,-0.08742095968632,0.110498146566029,0.335998772536448,0.318957323788914,-0.148780378907631,0.25769018708103,-2
"DEU",1997,82034775,32561012579.0286,24607169485.037,396.917192483658,299.960224003016,-0.000843684159392843,-0.00488918196896382,0.019515162429383,0.0168126444876115,-0.0203588465887758,-0.0217018264565754,-0.0864750467611585,0.144113009667377,0.400970002526542,0.300149610028655,0.0386262553337802,0.253171821802293,-1
"DEU",1998,82047197,33171281789.6701,24803607761.7198,404.295125276127,302.309020522905,0.0184174436130906,0.00779986177013559,0.0174795874558713,0.0204575910758287,0.000937856157219308,-0.0126577293056931,-0.107608962135871,0.204763893813346,0.515035051568217,0.368908904574859,0.0536896416351584,0.320409278060524,0
"DEU",1999,82100243,33873969051.6634,25642974856.0236,412.592798923426,312.337380731304,0.0203160281813295,0.0326342110917661,0.0160177399246013,0.0251573996252556,0.00429828825672818,0.00747681146651047,-0.0719155437787443,0.216977367401354,0.492473859396807,0.387628335080164,0.0984184177804142,0.321071806539095,1
"DEU",2000,82211501,34235703649.7074,25974740213.5196,416.434479765883,315.95020036819,0.0092679901851449,0.0115006553250554,0.0252088601522411,0.0275642349097227,-0.0159408699670962,-0.0160635795846673,-0.0812008261062904,0.296472192301625,0.612861101710333,0.43403413365247,0.17816172542597,0.382603152225513,2
"DEU",2001,82349926,34608036147.3873,26189247881.2968,420.25582569907,318.023939466525,0.00913449690757684,0.00654205389179641,0.00102400552994553,0.00920533032873294,0.00811049137763131,-0.00266327643693653,-0.0796365380916704,0.273059664569512,0.442266074272457,0.418363239860181,0.18953964707244,0.344935481707267,3
"DEU",2002,82488493,34555747254.5479,26193227199.7454,418.915972371418,317.537952835984,-0.0031932781089079,-0.00152931360783803,0.00425210514906205,0.0134560726341038,-0.00744538325796995,-0.0149853862419418,-0.164370017377734,0.299467868926152,0.382035073817742,0.460004781828157,0.190373723242844,0.377704200517499,4
"DEU",2003,82534175,34470454765.6452,26474077181.036,417.650685496586,320.765030740732,-0.00302495402547898,0.010111515951448,0.0106311721123795,0.0171283465560563,-0.0136561261378585,-0.00701683060460834,-0.120718783109212,0.239129033011494,0.289374917561076,0.442801711496859,0.0782615787208663,0.346193585551929,5
"DNK",1993,5189377,1944430906.3147,1460523725.44455,374.694478029771,281.444906670791,-0.0110082367000679,0.00159937869501814,0.00191849612916695,0.00789719321884785,-0.0129267328292348,-0.00629781452382971,-0.00773692429436956,0.48630146151687,0.534651997638298,0.665836796052337,0.506395848768618,0.598528475504094,-5
"DNK",1994,5204994,2038866009.12399,1536395895.26858,391.713421595489,295.177265385623,0.0444195364244901,0.0476393604841023,0.0160077203411308,0.013109206089438,0.0284118160833593,0.0345301543946643,-0.00987395869256225,0.326656479845771,0.453267964488359,0.420821672301817,0.554539427148606,0.372421659325929,-4
"DNK",1995,5227861,2084251442.15464,1555727243.3504,398.681495578141,297.583895851555,0.0176323363449828,0.00812011260849754,0.0164189616558748,0.00788541834596757,0.00121337468910809,0.000234694262529977,-0.00891842120280628,0.201079168713632,0.33664842908321,0.275899087937269,0.466795056611606,0.229184379353901,-3
"DNK",1996,5261503,2142450180.17199,1592111670.01682,407.193568106299,302.596362677513,0.0211258282778672,0.016703592956353,0.0143345315062628,0.0123294709505197,0.00679129677160439,0.00437412200583331,-0.0315538224311377,0.220317261177131,0.477484231391978,0.304111473373785,0.387093607482087,0.265694522346768,-2
"DNK",1997,5284220,2206677903.89814,1624561846.33963,417.597659427151,307.436451612468,0.0252297620378688,0.015868623417215,0.019515162429383,0.0168126444876115,0.00571459960848575,-0.000944021070396595,-0.0361585948512577,0.204073399113277,0.575517054794265,0.272848526667695,0.286375996195053,0.264183408004956,-1
"DNK",1998,5301304,2244414743.42608,1668145662.17406,423.370314818029,314.667044593946,0.0137288130742359,0.0232466740504638,0.0174795874558713,0.0204575910758287,-0.0037507743816354,0.00278908297463509,-0.0725658256975653,0.229026954447466,0.628613941189824,0.2942380759839,0.298646479196228,0.288341286351612,0
"DNK",1999,5319111,2292742577.41054,1677431784.96156,431.038678721039,315.359424716191,0.0179505830824311,0.00219794067300239,0.0160177399246013,0.0251573996252556,0.00193284315782982,-0.0229594589522533,-0.129263225322112,0.211978365316638,0.700812225524286,0.15484535518014,0.417571254084675,0.222055760923576,1
"DNK",2000,5337344,2380668694.29364,1690044151.90297,446.039958131543,316.645161320493,0.034210712340764,0.00406876281112911,0.0252088601522411,0.0275642349097227,0.0090018521885229,-0.0234954720985936,-0.0920810964766128,0.328705359459048,0.780323941455405,0.177128182845632,0.642064484236337,0.261338897635023,2
"DNK",2001,5355082,2407500664.17587,1712071481.28788,449.573071743041,319.709666684448,0.00788986274570114,0.00963151034363019,0.00102400552994553,0.00920533032873294,0.00686585721575561,0.000426180014897248,-0.116689694550987,0.239258581111537,0.595825358211949,0.0732678208087119,0.588295094618565,0.138327298698505,3
"DNK",2002,5374255,2417662853.32354,1738228271.78157,449.860092854458,323.436136130789,0.000638226679774867,0.0115883867466877,0.00425210514906205,0.0134560726341038,-0.00361387846928718,-0.00186768588741604,-0.0596989123677399,0.194214738513093,0.341942294340378,0.121418873253957,0.530137668504051,0.097512962374658,4
"DNK",2003,5387174,2414515861.3565,1746395548.09954,448.19711807276,324.176562349674,-0.00370349831220107,0.00228663379592398,0.0106311721123795,0.0171283465560563,-0.0143346704245806,-0.0148417127601324,-0.0259461417872773,0.161485284679677,0.337521792506411,0.167691810153779,0.380442980543359,0.136053506388718,5
"ESP",1993,39356082,10565103639.5016,8475695232.46057,268.449070705299,215.359222812387,-0.0159756207232338,-0.0101799713936961,0.00191849612916695,0.00789719321884785,-0.0178941168524007,-0.0180771646125439,0.112342346837688,-0.30598909889981,-1.06681613248922,-0.0178269256887913,-0.5409292473315,-0.143089327050728,-5
"ESP",1994,39547353,10730271199.8006,8521207043.61179,271.32716568415,215.468454832155,0.0106641310246722,0.000507079873353966,0.0160077203411308,0.013109206089438,-0.00534358931645862,-0.012602126216084,0.118990152343145,-0.349834917803918,-0.989453893720995,-0.0972875313875734,-0.468593983184794,-0.214927603157577,-4
"ESP",1995,39718895,11053474077.3648,8685711325.8802,278.292587882035,218.679581239111,0.0253476884412871,0.0147930415369757,0.0164189616558748,0.00788541834596757,0.00892872678541234,0.00690762319100813,0.121754482512096,-0.293400368188458,-1.05622749873082,0.0039164781863128,-0.538944013702601,-0.131003774996822,-3
"ESP",1996,39884246,11338881276.6155,8834752519.79939,284.294738243654,221.509829214256,0.0213384761014881,0.0128594051090625,0.0143345315062628,0.0123294709505197,0.00700394459522524,0.000529934158542744,0.134103811427884,-0.451007290751163,-1.16326440600491,-0.179958691703806,-0.570459285524395,-0.331544705279495,-2
"ESP",1997,40049974,11802538159.9746,9108793736.03859,294.695276455726,227.435696613401,0.0359303505756667,0.0264005820027924,0.019515162429383,0.0168126444876115,0.0164151881462837,0.00958793751518083,0.113678111760084,-0.426223090707751,-0.655545562633624,-0.214340157494187,-0.449442587669903,-0.337191684993945,-1
"ESP",1998,40214066,12407043406.0381,9490927373.66309,308.524967508586,236.010140672249,0.0458609107264207,0.0370072268641355,0.0174795874558713,0.0204575910758287,0.0283813232705494,0.0165496357883068,0.117136201510095,-0.298742260332381,-0.477483652834893,-0.0704936969662553,-0.327037598921886,-0.212500848213614,0
"ESP",1999,40369667,12993080031.9726,9922808335.7933,321.852544188005,245.798617456847,0.0422907313276211,0.0406377993964204,0.0160177399246013,0.0251573996252556,0.0262729914030198,0.0154803997711648,0.0734814132573802,-0.19510188086126,-0.279186765750211,0.000127053284994627,-0.0874042414864507,-0.152359130791677,1
"ESP",2000,40554387,13666060329.4161,10423296756.4876,336.981060259057,257.020202437965,0.0459332244065571,0.0446421180646555,0.0252088601522411,0.0275642349097227,0.020724364254316,0.0170778831549327,0.106037693370058,-0.0960245756777765,-0.0474462153397894,0.0345946687266646,0.0199263349753747,-0.0820162236834199,2
"ESP",2001,40766049,14280129487.1301,10821156730.7583,350.294665228168,265.445315310255,0.0387479731744751,0.0322541602541699,0.00102400552994553,0.00920533032873294,0.0377239676445296,0.023048829925437,0.159285120324524,-0.20469476840352,-0.426179844788974,-0.0541508007535921,-0.0734361380023325,-0.205666010798994,3
"ESP",2002,41423520,14819691082.6922,11154478879.0729,357.760303390253,269.278875360493,0.0210885176178364,0.0143387031970921,0.00425210514906205,0.0134560726341038,0.0168364124687743,0.000882630562988318,0.192771794145241,-0.147743759640503,-0.639036407095839,0.0627722314425324,-0.147440455341409,-0.103168668272619,4
"ESP",2003,42196231,15398168565.1076,11498744854.38,364.918102877662,272.506443866514,0.0198097341752286,0.0119147070752579,0.0106311721123795,0.0171283465560563,0.00917856206284906,-0.00521363948079845,0.207571078783022,-0.175423583845493,-0.646357349533421,0.0601779760955517,-0.182313691639921,-0.114099130728227,5
"FIN",1993,5066452,1307101332.6209,1009816318.6335,257.991456865851,199.314296993932,-0.0168382572010586,-0.0299663457381083,0.00191849612916695,0.00789719321884785,-0.0187567533302255,-0.0378635389569562,0.154710712719328,-0.0360376005021792,-2.24535593503582,0.0322014700405764,0.558946428485919,-0.121525594841411,-5
"FIN",1994,5088324,1369088109.20068,1027261640.43835,269.064648634929,201.886051367474,0.042025208774894,0.0128204754028518,0.0160077203411308,0.013109206089438,0.0260174884337632,-0.000288730686586192,0.155154940322761,-0.149312290903393,-2.19207340329094,-0.124881054374808,0.481868220546402,-0.275645762173266,-4
"FIN",1995,5107787,1475344166.05912,1075811123.66909,288.842147501279,210.621767052754,0.0709286562466254,0.0423605155898787,0.0164189616558748,0.00788541834596757,0.0545096945907506,0.0344750972439112,0.126675955819158,-0.316380912889763,-2.02849279153523,-0.295158101523037,0.300687008621284,-0.452170612716652,-3
"FIN",1996,5124573,1518581695.71633,1120370401.74661,296.333313178743,218.627074245329,0.0256045423607176,0.0373034692952601,0.0143345315062628,0.0123294709505197,0.0112700108544548,0.0249739983447403,0.10550410309175,-0.225015255728089,-1.50690201372996,-0.168772360327733,0.327753193869055,-0.336917456063069,-2
"FIN",1997,5139839,1629993986.10704,1164294032.29223,317.129385980191,226.52344407913,0.0678249694372655,0.0354810244551969,0.019515162429383,0.0168126444876115,0.0483098070078825,0.0186683799675853,0.0687986457114893,-0.259736595050678,-1.04667292259521,-0.24566126665151,0.30854844912485,-0.402180768510022,-1
"FIN",1998,5153499,1747793097.92133,1217915626.18892,339.146878251327,236.327905795446,0.0671234344546008,0.0423718265608537,0.0174795874558713,0.0204575910758287,0.0496438469987295,0.021914235485025,-0.0149628084679035,-0.264848996431314,-0.917831567829116,-0.330966767103827,0.424864683857577,-0.49506146657974,0
"FRA",1993,58961049,19292856036.6048,15202377559.0259,327.213581912439,257.837637166629,-0.0132048934607161,0.00641729301620853,0.00191849612916695,0.00789719321884785,-0.015123389589883,-0.00147990020263933,0.0383189732778322,0.510773171984752,0.190527019705645,0.597124861011133,0.919103902314738,0.506988430492358,-5
"FRA",1994,59175335,19616196714.1289,15344302070.2204,331.492786887119,259.302327062794,0.0129929369965325,0.005664593394477,0.0160077203411308,0.013109206089438,-0.00301478334459837,-0.007444612694961,0.0340371223501248,0.502227515925754,0.0680449254859044,0.609348114593234,0.837273915607698,0.511326563771051,-4
"FRA",1995,59383991,19940986702.1592,15527099587.3033,335.79734818024,261.469452049852,0.0129017972149654,0.00832279160848071,0.0164189616558748,0.00788541834596757,-0.00351716444090933,0.000437373262513141,0.0384392172714225,0.444614343971034,-0.133800234721293,0.551968053555836,0.803326981536739,0.437097125789662,-3
"FRA",1996,59589289,20087628057.6889,15797812529.5385,337.101321307743,265.111613087689,0.00387569427278844,0.0138334602609831,0.0143345315062628,0.0123294709505197,-0.0104588372334744,0.00150398931046336,0.0348459588402957,0.405632102993295,-0.15045702900735,0.417388915177894,0.958404496846047,0.293727804758756,-2
"FRA",1997,59795263,20528264799.1161,15939929665.0855,343.309214964337,266.575124271725,0.0182480005476746,0.00550517730616917,0.019515162429383,0.0168126444876115,-0.00126716188170839,-0.0113074671814424,0.0176889366028566,0.508263696852646,-0.0631429475956327,0.491386930085647,1.09194481731725,0.356727898657844,-1
"FRA",1999,60315406,21945682553.0377,16794089190.6341,363.848708123389,278.437803944055,0.0252108784400962,0.0217737349745013,0.0160177399246013,0.0251573996252556,0.00919313851549486,-0.00338366465075435,0.102186423002002,0.18981104121699,-0.0875964253152803,0.450480105958499,0.227949397421778,0.253333467062718,1
"FRA",2000,60724780,22796370930.7369,17419179365.7568,375.404751252074,286.854548765048,0.0312666363655003,0.0297805792951165,0.0252088601522411,0.0275642349097227,0.0060577762132592,0.00221634438539375,0.115407682101194,0.276444195383309,-0.0224280146529363,0.463059008036853,0.451347921703281,0.268467018455081,2
"FRA",2001,61163237,23290548288.1818,17821316351.0328,380.793258018404,291.373008119776,0.0142518173993018,0.0156289726271064,0.00102400552994553,0.00920533032873294,0.0132278118693563,0.00642364229837344,0.103950825383964,0.282512760370549,-0.0855154416913251,0.469333325761297,0.393160541385035,0.28948555878687,3
"FRA",2002,61604550,23571766110.1423,18143407781.2837,382.630278285326,294.514086723849,0.00481259412416613,0.010722573433509,0.00425210514906205,0.0134560726341038,0.000560488975104079,-0.00273349920059474,0.0768984743418811,0.29943886530388,-0.0583488101443776,0.483059833906637,0.328025109525117,0.33449173369645,4
"FRA",2003,62037544,23730642753.3361,18432617794.0034,382.520667699806,297.120366241504,-0.000286507092085664,0.0088104956156787,0.0106311721123795,0.0171283465560563,-0.0109176792044652,-0.00831785094037762,0.0459032421334683,0.241778306353429,0.0854954241679218,0.428248786435741,0.24178334715951,0.300831052901671,5
"GBR",1993,57713889,16093280239.0505,14232073417.2146,278.845881258331,246.597026535754,0.0237934060751508,0.0257189153224182,0.00191849612916695,0.00789719321884785,0.0218749099459838,0.0178217221035704,-0.0817573622932883,1.33029069592481,2.03101614099827,1.49259928792236,0.984323499671004,1.51090591999571,-5
"GBR",1994,57862145,16579600344.4526,14593330667.7826,286.536220605935,252.208601457527,0.0272057203469931,0.0225009958352933,0.0160077203411308,0.013109206089438,0.0111980000058622,0.00939178974585531,-0.0847461399185705,1.22570970998542,1.87197707131724,1.38570204032069,0.895873087542892,1.3990396540161,-4
"GBR",1995,58024799,18535316029.6522,14923912564.6639,319.437832600716,257.198867068267,0.108697725118018,0.0195930588378124,0.0164189616558748,0.00788541834596757,0.0922787634621436,0.0117076404918448,-0.0849216764048011,1.21660679786998,1.7891590747156,1.39944341991874,0.849246330183443,1.40036872192544,-3
"GBR",1996,58164374,19258303957.7354,15483262467.471,331.101370707357,266.198385758797,0.0358619066683179,0.0343922544390916,0.0143345315062628,0.0123294709505197,0.021527375162055,0.0220627834885718,-0.070885501689682,1.20088160064339,1.67318168843454,1.39620592076896,0.781446406666057,1.37468504009095,-2
"GBR",1997,58314249,19772427280.7552,16049070754.356,339.066825344097,275.216967200521,0.0237726284589703,0.0333179163042274,0.019515162429383,0.0168126444876115,0.00425746602958732,0.0165052718166159,-0.0546906354888336,1.13779643141137,1.41347074325811,1.38798919866916,0.575424881416453,1.32825805647658,-1
"GBR",1998,58474943,20308355962.2526,16591807984.9444,347.300141228913,283.742183125247,0.0239921535353966,0.0305062617285525,0.0174795874558713,0.0204575910758287,0.00651256607952533,0.0100486706527239,-0.0387624219150985,1.006256013008,1.1330389297067,1.26526174810046,0.637594019291956,1.16436030287382,0
"GBR",1999,58684427,20818289588.3874,17176883389.9526,354.749814433519,292.699175369857,0.0212234265510336,0.0310793564130263,0.0160177399246013,0.0251573996252556,0.00520568662643228,0.00592195678777063,-0.0287645521980635,1.02036925851939,1.05094965192888,1.21657238660112,1.0479304057063,1.08689092929884,1
"GBR",2000,58886065,21733002384.0265,17881566061.9444,369.06868176752,303.663796552621,0.0395699632227053,0.0367757806471483,0.0252088601522411,0.0275642349097227,0.0143611030704642,0.00921154573742555,-0.0252022016080864,1.03612857391781,0.851852373386798,1.25809701683616,1.07339476822491,1.07687316365596,2
"GBR",2001,59113016,22269572946.1149,18470237960.0015,376.728755408367,312.45636257168,0.0205426906495729,0.028543662636249,0.00102400552994553,0.00920533032873294,0.0195186851196274,0.019338332307516,-0.0300034682474035,0.997805112515017,0.793738681620519,1.22012475635889,0.947511006508273,1.05972464346593,3
"GBR",2002,59365677,22787233003.7254,19066987549.7745,383.845247881623,321.178642496985,0.0187140242315689,0.0275326673578311,0.00425210514906205,0.0134560726341038,0.0144619190825068,0.0140765947237274,-0.0523153778303802,0.954088553032507,0.820101924936597,1.11212581818602,0.962579638422068,0.995943903608195,4
"GBR",2003,59636662,23767579219.7152,19919233017.8755,398.539730807119,334.009858195543,0.0375677231036189,0.0391730210835215,0.0106311721123795,0.0171283465560563,0.0269365509912394,0.0220446745274652,-0.051492882372081,0.919702662087115,0.76603631149368,1.1289476612858,0.857470706022591,0.998529726270502,5
"GRC",2001,10862129,3268324510.9852,2790977794.43917,300.891704654327,256.945741892696,0.0411915507209697,0.0460964639439201,0.00102400552994553,0.00920533032873294,0.0401675451910242,0.0368911336151871,0.291500796887503,-0.970386359321179,-2.1131394229108,-0.504212580755657,-1.6007733540492,-0.782039507766841,3
"GRC",2002,10902022,3399076039.99099,2909950343.88978,311.784001168865,266.918406868907,0.0355602293014199,0.038078077880197,0.00425210514906205,0.0134560726341038,0.0313081241523578,0.0246220052460933,0.288720519929823,-0.8337145283104,-2.10711496065962,-0.407677281503025,-1.50529703936637,-0.639313509564699,4
"GRC",2003,10928072,3597084480.83879,3021880213.979,329.160027572914,276.524551995906,0.0542333943945215,0.0353565932193804,0.0106311721123795,0.0171283465560563,0.0436022222821419,0.0182282466633241,0.294858613356195,-0.844720383110074,-2.03364722246577,-0.382508141082429,-1.58546149692806,-0.62594853280022,5
"ITA",1993,56831823,19324989980.7184,14954124562.594,340.038185660848,263.129418927737,-0.0162815073895546,-0.0243341749982555,0.00191849612916695,0.00789719321884785,-0.0182000035187215,-0.0322313682171034,-0.0516984195992222,-0.120783749029243,-0.136221023012596,0.0540488987431746,-0.0581051643670367,-0.0186527025996834,-5
"ITA",1994,56843400,19644036297.5013,15162815080.3966,345.58165587388,266.747152358876,0.0161710343814967,0.0136552164864234,0.0160077203411308,0.013109206089438,0.000163314040365847,0.00054601039698543,-0.0189700943712402,-0.0987063562352584,-0.145622551205105,0.086747741835137,-0.108474776583352,0.0122118549934442,-4
"ITA",1995,56844301,20151555452.8005,15268752475.2244,354.504411142297,268.60656577032,0.0254918327209381,0.00694651340035168,0.0164189616558748,0.00788541834596757,0.00907287106506338,-0.000938904945615882,-0.0440758353319836,-0.078893523579989,-0.162303080827946,0.125754242311069,-0.126672788895215,0.0414563978415746,-3
"ITA",1996,56860279,20494542035.3647,15503350457.4578,360.436888383272,272.656953678645,0.0165960853275475,0.0149666968876367,0.0143345315062628,0.0123294709505197,0.00226155382128468,0.00263722593711702,-0.0594359490255504,-0.0989527113799915,-0.326468946214773,0.152614890238679,-0.295873266964963,0.0364445589096075,-2
"ITA",1997,56890371,20991779020.4636,16013606860.5047,368.986502486749,281.481849722946,0.0234431902438104,0.0318535434008007,0.019515162429383,0.0168126444876115,0.00392802781442736,0.0150408989131892,-0.075296668936108,-0.0623407887104463,-0.186862580797269,0.169971127702058,-0.212262643263395,0.0567182327254258,-1
"ITA",1999,56916316,21777310645.0372,16881345348.2971,382.619821090269,296.599403030532,0.0146396522546492,0.0247269297365236,0.0160177399246013,0.0251573996252556,-0.00137808766995207,-0.000430469888732077,-0.0249832130589932,-0.0657432336585421,0.19145070015957,0.110394020176038,-0.181743589779139,0.0377505830894087,1
"ITA",2000,56942108,22450272585.9627,17472763791.7483,394.264866098086,306.851368968433,0.0299810704557562,0.0339810731926562,0.0252088601522411,0.0275642349097227,0.00477221030351505,0.00641683828293349,-0.0388989331617589,-0.0444986049891718,0.470429934153496,0.054118721152281,-0.29506120598251,0.0737650070053522,2
"ITA",2001,56976976,22962844068.7249,17781431010.5375,403.019705165204,312.080988828497,0.0219625245231585,0.0168992435175133,0.00102400552994553,0.00920533032873294,0.020938518993213,0.00769391318878032,-0.080627830166765,-0.180423733178999,0.258974337412231,-0.0711715620322535,-0.426511191242408,-0.065490043404897,3
"ITA",2002,57089823,23213510655.8553,17919432547.6541,406.613813741467,313.881382109979,0.00887841746046814,0.00575241685345951,0.00425210514906205,0.0134560726341038,0.00462631231140609,-0.00770365578064425,-0.117583635322457,-0.218492021716123,0.325991756263122,-0.116798992443485,-0.537589084715766,-0.0874398368563454,4
"ITA",2003,57399187,23340885239.9797,18197891392.05,406.641390930846,317.040925894125,6.78192755021456e-05,0.0100157187545546,0.0106311721123795,0.0171283465560563,-0.0105633528368774,-0.00711262780150168,-0.125120465807254,-0.289818628042513,0.225238108286812,-0.14683900562209,-0.682409312036827,-0.128689722261056,5
"JPN",1993,124938000,51294991677.027,33123472950.2894,410.563572948398,265.119282766567,-0.0147967672063576,0.0109820815266719,0.00191849612916695,0.00789719321884785,-0.0167152633355245,0.00308488830782405,0.122850574042278,0.0196214493091686,-0.309997259351587,0.31051762189428,-0.367565590308358,0.206257114850199,-5
"JPN",1994,125265000,51591305917.9017,33995437617.8695,411.85730984634,271.388158047894,0.00314617002599427,0.0233702652529129,0.0160077203411308,0.013109206089438,-0.0128615503151366,0.0102610591634749,0.125521196034343,-0.0599911063047885,-0.417651478589478,0.239538791023616,-0.531521411758542,0.134307543323507,-4
"JPN",1995,125570246,52505991714.5565,34901476138.0235,418.140390634868,277.943838208484,0.0151402848611477,0.0238689588375882,0.0164189616558748,0.00788541834596757,-0.00127867679472704,0.0159835404916207,0.121323109198318,-0.16187471762605,-0.460437010815696,0.180414685608322,-0.874781914499486,0.0684596442821174,-3
"JPN",1996,125864000,53991345715.6334,35688295145.2687,428.965754430444,283.546487838212,0.0255598503409233,0.0199570155412498,0.0143345315062628,0.0123294709505197,0.0112253188346605,0.00762754459073012,0.12109924382265,-0.177559564168969,-0.528441255113355,0.152504164045312,-0.77132336609869,0.0201428253273037,-2
"JPN",1997,126166000,53854740184.0926,35750223433.7864,426.856206775935,283.358618278985,-0.00492988500559033,-0.000662790170972372,0.019515162429383,0.0168126444876115,-0.0244450474349733,-0.0174754346585839,0.109466082991599,-0.198523889827838,-0.722038818601055,0.162542249328828,-0.820065651784246,-0.000336645549138814,-1
"JPN",1998,126486000,52464156016.3368,35449362685.6399,414.782315958579,280.263133355786,-0.0286933614809657,-0.0109843739648046,0.0174795874558713,0.0204575910758287,-0.046172948936837,-0.0314419650406332,0.12350585011028,-0.170529175803807,-0.655036273179346,0.232802938051116,-0.90649891914302,0.0388114100553136,0
"JPN",1999,126686000,51755911823.5274,35856747764.4156,408.536948230486,283.03638732311,-0.015171483998218,0.00984654263701312,0.0160177399246013,0.0251573996252556,-0.0311892239228193,-0.0153108569882425,0.182775656005083,-0.42058527510004,-0.820360967438339,0.0358460538100595,-1.24496461300427,-0.204355684868148,1
"JPN",2000,126925843,53021228875.6448,36586549447.1913,417.733911569488,288.251380352788,0.0222622958776535,0.0182574813810676,0.0252088601522411,0.0275642349097227,-0.00294656427458762,-0.00930675352865507,0.204461715164812,-0.639963956737663,-1.09497676646223,-0.180775506867784,-1.41835137010668,-0.433947801480727,2
"JPN",2001,127291000,53003231559.9902,37318167281.6657,416.394179949802,293.172080364407,-0.00321229505479437,0.0169267937465181,0.00102400552994553,0.00920533032873294,-0.00423630058473989,0.00772146341778512,0.206262992798702,-0.634275359675523,-1.12678182370238,-0.210991506130363,-1.33864049252086,-0.435214523000302,3
"JPN",2002,127435000,52783925842.692,37770020285.1871,414.20273741666,296.386552243788,-0.00527680171287148,0.0109047804760989,0.00425210514906205,0.0134560726341038,-0.00952890686193353,-0.00255129215800487,0.211591978489594,-0.620246802618855,-1.03743958746513,-0.242407155739278,-1.3523320689588,-0.417354272979885,4
"JPN",2003,127619000,52705507664.7029,37748699395.4205,412.991072369341,295.792157871638,-0.00292958167619783,-0.00200748375993332,0.0106311721123795,0.0171283465560563,-0.0135607537885774,-0.0191358303159896,0.227361675391202,-0.689462445483897,-1.03092833985696,-0.290859898608691,-1.44475621866788,-0.468749281076781,5
"MEX",1993,89364560,12958195364.1811,10321383348.5304,145.003739336725,115.497500894431,0.0915197849786171,0.0655815134877153,0.00191849612916695,0.00789719321884785,0.0896012888494502,0.0576843202688675,0.159570198696838,-1.8964611531286,-2.2717331041459,-1.75071718588017,-1.63686354198165,-1.84875815087939,-5
"MEX",1994,90953505,13703992977.7349,10855568582.8117,150.670312020795,119.352943933405,0.0383345550825247,0.0328361264185046,0.0160077203411308,0.013109206089438,0.0223268347413939,0.0197269203290666,0.152746038731588,-1.92876341674329,-2.36650782947208,-1.85759928570117,-1.50714807675843,-1.95346161799008,-4
"MEX",1995,92506744,13257940527.3245,10187531546.6708,143.318637691156,110.127446996413,-0.0500236986726659,-0.0804467146873868,0.0164189616558748,0.00788541834596757,-0.0664426603285406,-0.0883321330333544,0.14347909386775,-1.34361176214181,-1.97182750233275,-1.25803702286028,-0.929498764691437,-1.37466595588427,-3
"MEX",1996,94005638,13277353261.8027,10158897275.5292,141.2399675624,108.066893557269,-0.0146100456298761,-0.0188878840070643,0.0143345315062628,0.0123294709505197,-0.028944577136139,-0.031217354957584,0.155060132486334,-1.50227120833845,-2.28042070097186,-1.36934297844494,-1.16299487736437,-1.51681941525351,-2
"MEX",1997,95438019,13891941826.7113,10659585943.6064,145.559830057991,111.691190316999,0.0301268638412324,0.0329874136500994,0.019515162429383,0.0168126444876115,0.0106117014118494,0.0161747691624878,0.171978606011803,-1.73145169595205,-2.55948575188089,-1.52668292781352,-1.5580198000601,-1.69969624584086,-1
"MEX",1998,96799183,14724151327.2365,11205167975.6773,152.110285137804,115.756844514662,0.0440186126335131,0.0357539892699972,0.0174795874558713,0.0204575910758287,0.0265390251776418,0.0152963981941685,0.170207118277352,-1.93936100191927,-2.80381949438937,-1.69338794420223,-1.7895677992788,-1.9047756235585,0
"MEX",1999,98085415,14965440051.1048,11439898252.8971,152.575589868328,116.632001331667,0.00305432663885075,0.00753186712595166,0.0160177399246013,0.0251573996252556,-0.0129634132857506,-0.017625532499304,0.232307260840472,-2.12951140101401,-3.2622197574203,-1.77618680804492,-2.06772675579548,-2.07284358156062,1
"MEX",2000,99368858,15891282984.1498,12402543540.4194,159.922165797153,124.813183828875,0.0470270885933779,0.0677943997900918,0.0252088601522411,0.0275642349097227,0.0218182284411368,0.0402301648803691,0.270855372920889,-2.20634753187444,-3.71379623078882,-1.75646682579414,-2.46884076541442,-2.08543511212147,2
"MEX",2001,100739263,15835295058.2083,12448492027.7804,157.190896445294,123.571402619655,-0.0172262654392714,-0.00999894214810215,0.00102400552994553,0.00920533032873294,-0.0182502709692169,-0.0192042724768351,0.223760358769923,-2.085700200473,-2.78476971955528,-1.95635683143063,-1.766246930408,-2.17109363700843,3
"MEX",2002,102167274,15868762725.2054,12615243828.9355,155.321387210599,123.476367089284,-0.0119645315343178,-0.000769369706684842,0.00425210514906205,0.0134560726341038,-0.0162166366833798,-0.0142254423407886,0.226363152877974,-2.14158859926555,-2.81284052984893,-2.10416445691728,-1.74731210639588,-2.27079496315129,4
"MEX",2003,103587899,16015849247.7301,12996469907.9218,154.611198820917,125.463205966961,-0.00458286520796225,0.015962757884675,0.0106311721123795,0.0171283465560563,-0.0152140373203418,-0.00116558867138128,0.215896342667723,-2.09944270252175,-2.62752813221982,-2.11044767664616,-1.62882101186995,-2.26217342981636,5
"NLD",1993,15290368,5708358953.33912,4097851502.88737,373.330383764414,268.002150300592,-0.00413773675777662,0.000558669474526319,0.00191849612916695,0.00789719321884785,-0.00605623288694357,-0.00733852374432153,-0.234377838462248,1.04133060914699,1.63472068534675,1.0231622977875,1.40489457511701,1.05414490468487,-5
"NLD",1994,15382834,5835150189.25706,4163927893.54664,379.328684770119,270.686655888417,0.0159392964239711,0.0099668965828128,0.0160077203411308,0.013109206089438,-6.84239171597767e-05,-0.0031423095066252,-0.195913821399634,0.786119384907854,1.58002578423358,0.555962859467018,1.38083678752957,0.679844077355722,-4
"NLD",1995,15459004,6025323465.18012,4284648498.9219,389.761427397271,277.162002087709,0.0271317559387052,0.0236402797429323,0.0164189616558748,0.00788541834596757,0.0107127942828305,0.0157548613969647,-0.199744293010423,0.941777551861274,1.57723704836443,0.881168756516312,1.28659220050402,0.939880744370299,-3
"NLD",1996,15530500,6183527940.36631,4380061634.70066,398.153822501936,282.02966000455,0.0213035919937861,0.0174100624143776,0.0143345315062628,0.0123294709505197,0.00696906048752322,0.00508059146385786,-0.176722668044665,0.920969867381239,1.49612316181883,0.82910056065256,1.31161570925877,0.885661644334893,-2
"NLD",1997,15610650,6483016397.67432,4551685721.43808,415.294455879436,291.575669266692,0.042149381556059,0.0332873151960689,0.019515162429383,0.0168126444876115,0.022634219126676,0.0164746707084573,-0.145791760920206,0.946201128161125,1.40578493090461,0.901272216145237,1.2328360684999,0.937574772789046,-1
"NLD",1998,15707205,6791545224.18989,4775199074.59363,432.384069870476,304.013290371752,0.0403264430274772,0.0417718608542019,0.0174795874558713,0.0204575910758287,0.0228468555716059,0.0213142697783733,-0.156982988073151,0.99676565625723,1.38821306057574,1.02937124193566,1.15230497071167,1.02947656934295,0
"NLD",1999,15812085,7074190544.87852,5006030835.857,447.391381015123,316.595239391706,0.0341195403653387,0.0405526918896344,0.0160177399246013,0.0251573996252556,0.0181018004407374,0.0153952922643787,-0.172437875284391,0.93770898967975,1.38116668589916,0.91209427363057,1.12856701192566,0.95298089513366,1
"NLD",2000,15925505,7438220729.72744,5230726060.59554,467.063413670551,328.449619688389,0.0430312536306561,0.036759350771403,0.0252088601522411,0.0275642349097227,0.017822393478415,0.00919511586168031,-0.170208171871372,0.962089394443091,1.34719464855956,0.934305258484214,1.14025647142709,0.952842222333806,2
"NLD",2001,16046182,7627068214.78456,5348554608.31953,475.319812201093,333.322569089615,0.0175228284270199,0.0147272356216774,0.00102400552994553,0.00920533032873294,0.0164988228970744,0.0055219052929445,-0.203853834288239,0.934637471857068,1.22032913410993,0.940935102938692,1.06952120461287,0.932245354562744,3
"NLD",2002,16148921,7689500956.70723,5503723754.50797,476.161903120786,340.81061852417,0.00177006268433111,0.022216255049667,0.00425210514906205,0.0134560726341038,-0.00248204246473094,0.0087601824155632,-0.289764892490661,0.940591167677717,1.16826744442289,0.964994444861065,1.07316087143987,0.937322337422124,4
"NLD",2003,16225303,7711656350.31306,5582829966.92383,475.285814404394,344.081707868496,-0.00184159139352857,0.00955219993172385,0.0106311721123795,0.0171283465560563,-0.0124727635059081,-0.00757614662433248,-0.355093401777539,1.5827946014591,1.27664962890562,1.04282527312048,2.45370192052569,1.02612528766591,5
"NOR",1993,4311984,1320563461.52823,952020866.233062,306.254258255185,220.784879125957,0.02244752538207,0.0202051907367755,0.00191849612916695,0.00789719321884785,0.020529029252903,0.0123079975179277,-0.051459284239356,-0.223501588580456,0.257678970395635,-0.262252333369179,0.234699382278218,-0.247029509813234,-5
"NOR",1994,4336614,1366043326.44687,977008874.292538,315.002286679624,225.293022227143,0.0281642318306821,0.0202130460909524,0.0160077203411308,0.013109206089438,0.0121565114895512,0.00710384000151443,-0.000368548927855983,-0.093090633393501,0.0675972291940199,-0.117148852714182,0.396703541254407,-0.147471965100381,-4
"NOR",1995,4359187,1431337664.6438,1008573804.95365,328.349681865861,231.367409783901,0.0414992456495513,0.0266050896023202,0.0164189616558748,0.00788541834596757,0.0250802839936766,0.0187196712563527,0.00229402775683551,-0.180135402028757,0.00312333466150427,-0.241244649706477,0.342214302258608,-0.263025518487483,-3
"NOR",1996,4381339,1547110856.60475,1069223616.12447,353.113707157732,244.040375813072,0.0727109779097939,0.0533267207157175,0.0143345315062628,0.0123294709505197,0.058376446403531,0.0409972497651978,-0.00103655976591155,-0.167311447249318,0.0235899078454298,-0.204922057580684,0.295623313630295,-0.234529117704266,-2
"NOR",1997,4405158,1629646055.46069,1102834574.77937,369.940432434136,250.35074219344,0.0465518775971585,0.0255292171473283,0.019515162429383,0.0168126444876115,0.0270367151677755,0.0087165726597167,-0.00864548473712623,-0.0887723075936601,0.0883073876614842,-0.0715155303797611,0.224724073187207,-0.107936153824299,-1
"NOR",1998,4431465,1625047590.03773,1148988801.06004,366.706628629072,259.279674116808,-0.0087798479063057,0.0350443985601752,0.0174795874558713,0.0204575910758287,-0.026259435362177,0.0145868074843465,-0.200909006151413,-0.0107705387274225,0.510622870955252,-0.0603886179636144,0.218432174906341,-0.00341071443869245,0
"NOR",1999,4461915,1730517265.46324,1193511600.5068,387.84182698757,267.488645683927,0.0560354427533181,0.0311698174387836,0.0160177399246013,0.0251573996252556,0.0400177028287168,0.0060124178135279,-0.149284610980262,0.0614128227748877,0.437424610458703,0.027136542594847,0.328140980355245,0.0487875004204927,1
"NOR",2000,4490973,2003935552.186,1242127902.77807,446.214117115824,276.583248836738,0.140201325933126,0.033434737036723,0.0252088601522411,0.0275642349097227,0.114992465780885,0.00587050212700024,-0.161209450588266,0.102519587103882,0.484132615596083,0.147157300496054,0.144508854835809,0.141737310002009,2
"NOR",2001,4513747,2022066817.64567,1282480499.9486,447.979653632707,284.127688137727,0.00394889534890464,0.0269118868068876,0.00102400552994553,0.00920533032873294,0.00292488981895911,0.0177065564781547,-0.114710021379372,0.132207865032357,0.397280094593747,0.186816317425725,0.18750584204963,0.159433488680075,3
"NOR",2002,4538157,1994891417.70869,1342289245.53513,439.581842961512,295.778494559604,-0.018923897254016,0.0401871017580611,0.00425210514906205,0.0134560726341038,-0.023176002403078,0.0267310291239573,-0.201767346967471,0.273713873995591,0.687546946597547,0.30954181461893,0.261348836038866,0.322439097933176,4
"NOR",2003,4564856,2025107200.27259,1389136456.5202,443.630029134016,304.311123181147,0.00916702922431423,0.0284397645786845,0.0106311721123795,0.0171283465560563,-0.00146414288806529,0.0113114180226281,-0.170208322392131,0.244556368961831,0.670492282343811,0.33432825229606,0.11487413251415,0.343076684323056,5
"NZL",1993,3572200,909742336.640042,682196496.979581,254.672844924708,190.973768820218,0.0524548099564175,0.0111352693975704,0.00191849612916695,0.00789719321884785,0.0505363138272505,0.00323807617872252,0.143296629923109,-0.468333710599336,-0.841730100155704,-1.78219495101637,0.982783588231111,-1.68397351360346,-5
"NZL",1994,3620000,957833375.949358,712507509.625905,264.594855234629,196.825278902184,0.0382200475544225,0.0301803434800423,0.0160077203411308,0.013109206089438,0.0222123272132917,0.0170711373906043,0.130780492652047,-0.454594504188438,-0.698017566618033,-1.42964128379495,0.852491785543367,-1.37167941283568,-4
"NZL",1995,3673400,980586773.555078,730281644.523224,266.942552827102,198.802647281326,0.00883366936541474,0.00999618436285665,0.0164189616558748,0.00788541834596757,-0.00758529229046001,0.00211076601688909,0.129035237364068,-0.630870631337353,-0.746289216553901,-1.73703981609673,0.652128897494668,-1.6079420286513,-3
"NZL",1996,3732000,1007148294.42771,758113169.03431,269.868246095314,203.138576911659,0.0109003851743532,0.0215757805924994,0.0143345315062628,0.0123294709505197,-0.00343414633190964,0.0092463096419797,0.054599565641933,-0.392933994219301,0.216931062678649,-1.39487440273323,0.727650351881955,-1.02668624578014,-2
"NZL",1997,3781300,1031886519.9799,780899868.00242,272.892000100468,206.516242562722,0.011142250411571,0.016490674755131,0.019515162429383,0.0168126444876115,-0.00837291201781198,-0.000321969732480554,0.0476481000334897,-0.686206499774011,-0.201890962392271,-1.51956681609777,0.323241744450089,-1.21941817262593,-1
"NZL",1998,3815000,1038563951.85513,808523791.326459,272.231704287058,211.932841763161,-0.00242255521461576,0.0258903745633843,0.0174795874558713,0.0204575910758287,-0.0199021426704871,0.0054327834875556,0.0255531342445174,-0.751576682446483,-0.240792346146153,-1.70275442154672,0.255296920772217,-1.29815406164663,0
"NZL",1999,3835100,1102053229.43969,840506841.783782,287.359711465071,219.161649444286,0.0540812233537906,0.0335401425030764,0.0160177399246013,0.0251573996252556,0.0380634834291893,0.0083827428778207,0.0914788721720033,-0.604624954625213,-0.637109689891424,-1.52034739610782,0.497385653267037,-1.32140433916469,1
"NZL",2000,3857700,1136681338.2083,852416153.744828,294.652600826478,220.964863453568,0.0250622570537926,0.00819411712743268,0.0252088601522411,0.0275642349097227,-0.000146603098448495,-0.01937011778229,-0.0139795521407697,-0.653437170024613,-0.256645849722616,-1.10923995165731,-0.00910286792250958,-0.926183308875352,2
"NZL",2001,3880500,1189595549.21526,873397813.730205,306.557286229935,225.073524991678,0.0396076043356084,0.0184234265851986,0.00102400552994553,0.00920533032873294,0.0385835988056629,0.00921809625646564,-0.137575152215944,-0.453549344114843,0.315252034645175,-0.811334275667974,-0.204256296459939,-0.504742249819698,3
"NZL",2002,3948500,1216826880.53672,903076499.586541,308.174466388937,228.713815268214,0.00526142950242203,0.0160443804582995,0.00425210514906205,0.0134560726341038,0.00100932435335999,0.00258830782419572,-0.112923799009954,-0.410799884234543,0.375641053998806,-0.818287173715361,-0.0282372890363591,-0.533241449596682,4
"NZL",2003,4027200,1278276767.66751,947287123.798669,317.410798487165,235.222269516952,0.0295307572958246,0.0280593878393711,0.0106311721123795,0.0171283465560563,0.018899585183445,0.0109310412833148,-0.085241428685018,-0.603996190689667,0.242273299667714,-1.04475557953611,-0.257607167951921,-0.692291683107534,5
"PRT",1997,10108977,2574503743.20311,2097507872.97024,254.675002545076,207.489627582518,0.0536196967811753,0.0386086997424426,0.019515162429383,0.0168126444876115,0.0341045343517923,0.0217960552548311,0.0452673029332762,0.0852601016803062,-0.582089974260589,0.494910997920737,-0.875667247562394,0.319137436815341,-1
"PRT",1998,10160196,2731227727.59108,2208221715.14955,268.816440902427,217.340464214425,0.0540405383805238,0.0463837326556478,0.0174795874558713,0.0204575910758287,0.0365609509246525,0.0259261415798191,0.102594954210013,0.157523484374912,-0.709175851524591,0.558115223540244,-0.342465877343279,0.336456436060119,0
"PRT",1999,10217828,2866499171.87396,2331110497.66777,280.538992423239,228.141489332936,0.042683954873147,0.0485009202090758,0.0160177399246013,0.0251573996252556,0.0266662149485457,0.0233435205838202,0.113563338706738,0.0380275270742007,-0.779342788266316,0.483625596996668,-0.39459445953575,0.203377734273721,1
"PRT",2000,10289898,2992301982.18686,2461680602.66737,290.799965382248,239.232750671325,0.0359229008929667,0.047470926494463,0.0252088601522411,0.0275642349097227,0.0107140407407256,0.0199066915847403,0.125918773125529,0.137367581314985,-0.788507950731866,0.54725410685352,-0.108337110367236,0.254541531541431,2
"PRT",2001,10362722,3031350194.17072,2487520245.20554,292.524511819454,240.045062021883,0.0059128376367541,0.00338973391570896,0.00102400552994553,0.00920533032873294,0.00488883210680857,-0.00581559641302398,0.094001503440158,0.148533841363188,-0.842898474364846,0.519337992282472,-0.0701012018364977,0.256800603235476,3
"PRT",2002,10419631,3072099445.82317,2527023152.91606,294.837643081907,242.525205826969,0.00787637814766207,0.0102789823884004,0.00425210514906205,0.0134560726341038,0.00362427299860002,-0.00317709024570334,0.0410945304092075,0.201904140601539,-0.701870833235609,0.561509909031859,-0.205148757004309,0.351323071063194,4
"PRT",2003,10458821,3049650882.24619,2540049899.51053,291.586487831295,242.861972636354,-0.0110881813668549,0.00138762158690842,0.0106311721123795,0.0171283465560563,-0.0217193534792344,-0.0157407249691479,-0.0332541603049048,0.246318325392306,-0.814747825261735,0.621336920529732,-0.0585430423267084,0.388768427914712,5
"SWE",1993,8718558,2404684375.93702,1882968502.61587,275.812167096557,215.972469600577,-0.0509972576699527,-0.0324953877751177,0.00191849612916695,0.00789719321884785,-0.0529157537991196,-0.0403925809939656,0.00959373208079151,0.174875845747647,0.774169030087348,-0.0801761106165979,0.929737067896162,-0.00128418278487996,-5
"SWE",1994,8780741,2509678127.99878,1914992718.06638,285.816211638491,218.090104020422,0.0356289075674674,0.00975735458187721,0.0160077203411308,0.013109206089438,0.0196211872263365,-0.00335185150756079,-0.00958494052392556,0.238566384651433,0.790247026285522,-0.0649072356643718,1.01573241493244,0.0190880266752422,-4
"SWE",1995,8826944,2644304533.0222,1944685455.22896,299.571916738364,220.312426954216,0.0470055237916851,0.0101383628611931,0.0164189616558748,0.00788541834596757,0.0305865621358103,0.00225294451522551,-0.0189382579237067,0.2955713705415,0.979899956387473,0.0555444131974543,0.899856128113123,0.167387990614502,-3
"SWE",1996,8840999,2703272794.2298,2001973345.77777,305.765535572372,226.441983058449,0.0204640732369992,0.0274421052237317,0.0143345315062628,0.0123294709505197,0.00612954173073632,0.015112634273212,-0.00310035796829522,0.224486365239676,0.912634900199906,0.00836963764820342,0.752828911239805,0.125336907081472,-2
"SWE",1997,8846059,2809382028.14113,2066302684.00879,317.585721295904,233.584546972702,0.0379291855926853,0.0310553304330652,0.019515162429383,0.0168126444876115,0.0184140231633023,0.0142426859454536,-0.0206105394062573,0.275473009498201,0.965263427504787,-0.20067198583701,0.98683342383699,0.0390199878201725,-1
"SWE",1998,8850975,2961968002.13187,2161385665.82083,334.648781872265,244.197465908652,0.0523337993088306,0.0444330874003169,0.0174795874558713,0.0204575910758287,0.0348542118529593,0.0239754963244883,-0.0588222625942464,0.237590608715906,0.982935418258907,-0.179186107183387,0.805681790295023,0.087312084621431,0
"SWE",1999,8857879,3103048636.88795,2273552990.6318,350.315085235185,256.67013408422,0.0457514235015433,0.0498145509990922,0.0160177399246013,0.0251573996252556,0.029733683576942,0.0246571513738365,-0.052775406259828,0.378568581166084,1.05100415793086,-0.127306083849649,0.962821699957998,0.209634488226961,1
"SWE",2000,8872112,3268407708.66692,2377770933.09574,368.391168716865,268.005062728665,0.0503123390619509,0.0432141356036215,0.0252088601522411,0.0275642349097227,0.0251034789097098,0.0156499006938988,-0.024561530502603,0.366474933860881,0.864523905334052,-0.0415397666323511,0.91555626000101,0.164666382833868,2
"SWE",2001,8895963,3318830279.55779,2405031800.55517,373.071502158653,270.350922160442,0.0126247639696944,0.00871495569855973,0.00102400552994553,0.00920533032873294,0.0116007584397488,-0.000490374630173207,-0.0790742113486845,0.37679516997499,0.99376943443584,-0.189363753725343,0.932307011331041,0.144388929759684,3
"SWE",2002,8924960,3376647593.33392,2470263041.62683,378.337560429842,276.781413208219,0.0140167180592581,0.0235072458651064,0.00425210514906205,0.0134560726341038,0.00976461291019604,0.0100511732310027,-0.108158802129114,0.326035353811366,0.9145218331057,-0.235331312225897,0.953001783870142,0.0311242746394055,4
"SWE",2003,8958232,3437536729.15002,2523499427.28843,383.72937083456,281.696145767204,0.0141507265462639,0.0176009200664771,0.0106311721123795,0.0171283465560563,0.00351955443388441,0.000472573510420737,-0.0787116863232435,0.29421149113154,0.918850703086403,-0.239177155643204,0.871378672242078,0.0542032723671688,5
"TUR",1993,57913000,10278104818.8844,7487167639.32135,177.474916148092,129.283021762322,0.0712580989665037,0.067907277408513,0.00191849612916695,0.00789719321884785,0.0693396028373368,0.0600100841896651,0.153007121980466,-1.64744962350523,-2.54558094825809,-1.20380290589949,-4.40679425646486,-1.33918728782612,-5
"TUR",1994,58837000,9776064440.06474,7077247929.61327,166.155045975572,120.285669385136,-0.0659079171137975,-0.0721344763757301,0.0160077203411308,0.013109206089438,-0.0819156374549284,-0.0852436824651681,0.139022756079909,-1.51809005145804,-2.30106918607073,-1.08302286072418,-3.90322455286308,-1.2138593899328,-4
"TUR",1995,59756000,10373048830.2,7462626534.99176,173.590080162662,124.884974479412,0.0437752943335594,0.0375236175856024,0.0164189616558748,0.00788541834596757,0.0273563326776847,0.0296381992396348,0.132548312725493,-1.78537668648457,-2.4522809618177,-1.34034700105231,-3.81190395086784,-1.47752078062943,-3
"TUR",1996,60671000,10890915329.6394,7781055428.278,179.50776037381,128.249994697269,0.0335217816006423,0.0265883332142138,0.0143345315062628,0.0123294709505197,0.0191872500943795,0.0142588622636941,0.152270935007963,-1.90681141979736,-2.67199137052763,-1.45840396721812,-3.84608606106433,-1.62136328438964,-2
"TUR",1997,61582000,11530748742.4217,8400728373.54639,187.242193212654,136.415322229651,0.0421844894658943,0.0617226294583899,0.019515162429383,0.0168126444876115,0.0226693270365113,0.0449099849707784,0.179191034201027,-1.95607870420407,-2.85549101217828,-1.49105531551618,-3.55197623495218,-1.68222696701564,-1
"TUR",1998,62464000,11217935017.6719,8275275671.46652,179.590404355659,132.480719637976,-0.0417242031630094,-0.0292669494903022,0.0174795874558713,0.0204575910758287,-0.0592037906188807,-0.0497245405661308,0.179858234650988,-2.0261189348599,-3.01626272697529,-1.53911197133571,-3.27919721242971,-1.77234514668594,0
"TUR",1999,63364000,10162555596.4117,7977608755.4227,160.383744656456,125.901280781243,-0.113109378820853,-0.0509390086692614,0.0160177399246013,0.0251573996252556,-0.129127118745455,-0.076096408294517,0.249665237059612,-1.92701738671011,-3.02567110984725,-1.3812157042543,-3.00835410600232,-1.6876193191694,1
"TUR",2000,64268751,10483466293.9699,8229156646.88161,163.11918515376,128.042890500262,0.0169117831185064,0.016867175822596,0.0252088601522411,0.0275642349097227,-0.00829707703373472,-0.0106970590871267,0.282855548594138,-2.07662509504916,-3.36253089176084,-1.54777631968887,-2.85839179539798,-1.87020136104626,2
"TUR",2001,65166331,9795008433.86442,7418377000.06146,150.307809010521,113.837573578624,-0.0817958793075366,-0.117592650583886,0.00102400552994553,0.00920533032873294,-0.0828198848374821,-0.126797980912619,0.294822178063807,-1.7632438006752,-3.24272297244022,-1.27083454859391,-2.45770402856202,-1.56556545754038,3
"TUR",2002,66002506,9895196485.78255,7524937591.17899,149.921527006604,114.009877006473,-0.00257324765255973,0.00151244580750642,0.00425210514906205,0.0134560726341038,-0.00682535280162178,-0.0119436268265973,0.300039623355362,-1.93647334058819,-3.47753463062409,-1.52586400559438,-2.45503821044515,-1.76638246192823,4
"TUR",2003,66794551,10614177512.0983,8185871569.79293,158.907835342712,122.552984446185,0.058212378309948,0.0722583775145544,0.0106311721123795,0.0171283465560563,0.0475812061975684,0.0551300309584981,0.317869216741113,-2.19400093984449,-3.63946963947437,-1.73983748017057,-2.80940330115553,-1.99335281384584,5
"USA",1993,259918588,112530380152.033,90650682026.5171,432.944719413578,348.765675914326,0.00829920510463644,0.00955913774129424,0.00191849612916695,0.00789719321884785,0.0063807089754695,0.00166194452244639,0.008693108200864,-0.00495775000884047,0.887596021462258,-0.362215527834455,0.753191224960954,-0.183235419266767,-5
"USA",1994,263125821,116525469192.908,93208817527.8564,442.850757671965,354.236681043387,0.0226227720925802,0.0155649992610627,0.0160077203411308,0.013109206089438,0.00661505175144939,0.0024557931716247,-0.0102491782959856,-0.0834122445663957,0.866445066459829,-0.436695286384904,0.590792848981274,-0.234936729320885,-4
"USA",1995,266278393,118828643932.424,94946785882.88,446.257176910423,356.569621790079,0.00766259252305357,0.00656423308128584,0.0164189616558748,0.00788541834596757,-0.00875636913282118,-0.00132118526468172,-0.00953636352130949,-0.012512261807515,0.906616463939804,-0.371629005058237,0.619752671181349,-0.157549598105722,-3
"USA",1996,269394284,121993439079.531,96974992251.8035,452.843457805255,359.974201426647,0.0146510823249626,0.00950285285246899,0.0143345315062628,0.0123294709505197,0.000316550818699746,-0.00282661809805074,-0.0165405500986379,-0.0101312613473479,0.846860916543872,-0.391242919776917,0.626893290692776,-0.169918601759211,-2
"USA",1997,272646925,126655118762.725,99777758713.3837,464.538959178525,365.959596695924,0.0254989301008406,0.0164905695880746,0.019515162429383,0.0168126444876115,0.00598376767145758,-0.00032207489953695,-0.0183191929962878,-0.0519514190069509,0.660148879368563,-0.41386714851845,0.539477532083083,-0.208147596991453,-1
"USA",1998,275854104,131774951232.251,103887461366.753,477.697990790997,376.602921110622,0.0279332862784454,0.0286684369601717,0.0174795874558713,0.0204575910758287,0.0104536988225741,0.00821084588434307,-0.016981050229181,-0.127617845740107,0.503514674257145,-0.531921986704425,0.503240965348596,-0.317136251299895,0
"USA",1999,279040168,137040459864.908,108639868912.491,491.113737664136,389.334158200803,0.0276970315249114,0.0332466206575148,0.0160177399246013,0.0251573996252556,0.0116792916003101,0.00808922103225918,0.0267800571830841,-0.126452890722747,0.397293081442129,-0.574478382203784,0.520414911917411,-0.336401324772538,1
"USA",2000,282162411,141094644104.264,112930845820.311,500.047627195333,400.233487586379,0.0180276023703314,0.0276101023920168,0.0252088601522411,0.0275642349097227,-0.0071812577819097,4.58674822940708e-05,0.0680137439732089,-0.306076453320506,0.135913668451049,-0.626964179252113,0.202709731485699,-0.481182151779279,2
"USA",2001,284968955,141647057658.182,115277437742.541,497.061364660518,404.526302672308,-0.00598985965974119,0.0106686637560776,0.00102400552994553,0.00920533032873294,-0.00701386518968672,0.00146333342734462,0.0802765783469289,-0.474250123219281,-0.0509374255883646,-0.706921366591339,-0.087715769838008,-0.595921059095195,3
"USA",2002,287625193,144010252574.805,118521809780.794,500.687200146634,412.070335510541,0.00726806647518252,0.018477292505227,0.00425210514906205,0.0134560726341038,0.00301596132612048,0.00502121987112325,0.0878268705775509,-0.598056180426181,-0.123406461980081,-0.749810234604886,-0.311745145700321,-0.669323195276144,4
"USA",2003,290107933,147608072669.383,122234782960.492,508.803985961261,421.342435198049,0.0160812909466976,0.0222518362947897,0.0106311721123795,0.0171283465560563,0.00545011883431812,0.00512348973873333,0.0734046848502666,-0.56135643090046,0.0639807260176048,-0.858722891766692,-0.191502177104365,-0.662610721022344,5
