"iso","year","Population","GDP","GNI","GDP_pc","GNI_pc","gdp_log_diff","GNI_log_diff","gdp_log_diff_total","gni_log_diff_total","gdp_dev","gni_dev","EHB_dev","ehb_crude_dev","eq_ehb_crude_dev","debt_ehb_crude_dev","fdi_ehb_crude_dev","eq_debt_ehb_crude_dev","time"
"AUS",1998,18607584,6750216366.79606,6540086533.1769,362.766943134372,351.474244758315,0.0353301828587824,0.0356621422227059,0.0160721867973272,0.0185109436921715,0.0192579960614552,0.0171511985305344,0.00564824555557275,0.367091674641201,1.62754273786791,-0.473551371571202,1.81315171282677,-0.0929346293629072,-8
"AUS",1999,18812264,7088576716.77848,6884710581.74845,376.806147137765,365.969273116115,0.0379702584865029,0.0404129404565969,0.022100958245586,0.0217763250343435,0.0158693002409169,0.0186366154222535,0.00922138540425022,0.41339059650758,1.65908058793867,-0.441422103272973,1.77543347057812,0.0211771523514466,-7
"AUS",2000,19028802,7245292831.84536,7042980651.15467,380.754018663149,370.122125983269,0.010422689688447,0.0112836447596907,0.027176839470922,0.0304112720134464,-0.016754149782475,-0.0191276272537557,-0.0114294762861026,0.419029933908544,2.04090913944662,-0.408123813592526,1.60859161585559,0.0656813117241606,-6
"AUS",2001,19274701,7418443658.46537,7217700143.2453,384.879830741103,374.464960221448,0.0107776113030642,0.0116652130160597,0.00425996143719942,0.00501754747428595,0.00651764986586478,0.00664766554177376,-0.0129765696903141,0.588710339340443,1.99841305273919,-0.365156638940565,1.83987009894821,0.135592318156111,-5
"AUS",2002,19495210,7648220908.81523,7433551920.17197,392.312824987021,381.301454058303,0.0191283868450141,0.0180920458613567,0.00879217545746691,0.00696410568192984,0.0103362113875471,0.0111279401794269,-0.0151038247877775,0.510630765516964,2.12715151485457,-0.333799581947409,1.60186130062746,0.124981808765842,-4
"AUS",2003,19720737,8009564148.30997,7782114519.06414,406.149331452976,394.615805639725,0.0346613589706664,0.0343223673464461,0.012585298916461,0.0115803435488413,0.0220760600542054,0.0227420237976048,-0.0151497317051072,0.577623276777138,2.04002936612861,-0.267249446337549,1.67876538551438,0.185146303632578,-3
"AUS",2004,19932722,8381930115.19901,8072055603.43692,420.511062924522,404.965042076888,0.0347498846069882,0.0258880998955853,0.0246779883891426,0.0264975503942484,0.0100718962178457,-0.000609450498663122,-0.011260327633441,0.54316273029204,1.88242794397228,-0.281492734824546,1.63042803875184,0.154109888422429,-2
"AUS",2005,20176844,8817171787.11359,8475407085.70628,436.994595741217,420.056133937809,0.0384500402510168,0.0365876070580544,0.0188036959858069,0.0200701105171639,0.0196463442652099,0.0165174965408905,-0.0488683056594607,0.547011178700567,1.64897953921225,-0.138155552036344,1.47088415838181,0.257913241555635,-1
"AUS",2006,20450966,9277607127.96001,8865297755.73666,453.651290993297,433.490415843274,0.0374079931088334,0.031481332615189,0.0215959247870119,0.0249290847028139,0.0158120683218215,0.00655224791237519,-0.0499099032630628,0.61020424262781,1.62146730148489,0.00702725479622379,1.41718724152533,0.3882028378884,0
"AUS",2007,20827622,9824285338.51402,9423648203.90962,471.695008605112,452.459152749633,0.0390037871163429,0.0428278017040089,0.0188704715638783,0.0132338816895707,0.0201333155524646,0.0295939200144382,-0.0607466464645943,0.630719193332992,1.55381835174491,0.045779470648482,1.29588290350374,0.458045302711702,1
"AUS",2008,21249199,10077891746.8752,9724863122.93103,474.271606514448,457.657868559235,0.00544755859256618,0.0114244041835549,-0.0164765476218198,-0.0213462539686944,0.021924106214386,0.0327706581522493,-0.0619843485897544,0.422590429708819,1.52229436745536,0.0201189489707405,0.906849919647097,0.317186414623742,2
"AUS",2009,21691653,10239289837.7014,9842756064.329,472.038246126352,453.757768683143,-0.00472015488043898,-0.00855838658510866,-0.0360218566465242,-0.0344345673637694,0.0313017017660853,0.0258761807786607,-0.0320748411665633,0.631062933675613,1.5189701980174,0.282658028823539,1.0349558998269,0.55088841984205,3
"AUS",2010,22031750,10818690382.6448,10385402954.2625,491.049979354559,471.383478582616,0.0394859013288018,0.0381084358356674,0.0180292744118695,0.0236437759667893,0.0214566269169323,0.014464659868878,-0.035974769517504,0.604606533744436,1.43217622024091,0.292970935726048,1.00407338299441,0.524465957247004,4
"AUS",2011,22340024,11082281945.774,10745915052.2913,496.072965086071,481.016271615969,0.0101771093737959,0.0202291559240706,0.00215282971305086,0.00608690654137689,0.00802427966074504,0.0141422493826937,-0.0698898902244768,0.513925906430821,1.48157105791405,0.262089667101299,0.787114334215432,0.508540339635441,5
"AUS",2012,22733465,11164712556.0492,10887510953.9118,491.113543670056,478.919995430166,-0.0100476720365386,-0.00436753895032549,0.000816190968870423,0.00279724825182903,-0.010863863005409,-0.00716478720215452,-0.0415357116288709,0.52198171506174,1.47695871619181,0.284035365587079,0.747555626776936,0.539466603068089,6
"AUS",2013,23128129,11339642426.0125,11044121609.6122,490.296574617538,477.519024976564,-0.00166488856392366,-0.00292955729675093,0.00782599294324005,0.00494184003574993,-0.00949088150716371,-0.00787139733250086,-0.0685284327814449,0.491931894654741,1.61306470558292,0.270770701180814,0.673440871314915,0.534926947571403,7
"AUS",2014,23475686,11232919223.3975,11004429300.1405,478.491628461784,468.758582822265,-0.0243717469713651,-0.01851611487211,0.0160312331289489,0.0184295778762786,-0.0404029801003141,-0.0369456927483887,-0.0762993556461603,0.551254293033004,1.61161069871601,0.327344946948134,0.698986042080097,0.599736033761358,8
"CAN",1998,30155173,10451025752.976,10099398074.2686,346.5748895878,334.914280686387,0.0181926829354619,0.0154798606902391,0.0160721867973272,0.0185109436921715,0.0021204961381347,-0.00303108300193244,-0.00553128398826475,1.2552498069059,2.56361791678782,0.223398174115059,2.77449183161162,0.714757234504267,-8
"CAN",1999,30401286,11008732009.6853,10638197999.3566,362.114024047708,349.925920875734,0.0438602189426529,0.0438468569062271,0.022100958245586,0.0217763250343435,0.0217592606970669,0.0220705318718837,0.00430338859724522,1.25569704737372,2.57501467260983,0.0466667557145031,2.735651204713,0.747706712787771,-7
"CAN",2000,30685730,11760845938.8887,11452265829.662,383.267595031591,373.211451370459,0.0567742809748779,0.0644236753341403,0.027176839470922,0.0304112720134464,0.0295974415039559,0.0340124033206939,-0.121157583391209,1.19064298384667,2.81975678946909,-0.0564219994895863,2.56553897263981,0.655287027429007,-6
"CAN",2001,31020855,11870183367.3086,11535953548.6139,382.651715025539,371.877356333792,-0.00160821154579871,-0.00358104013523874,0.00425996143719942,0.00501754747428595,-0.00586817298299813,-0.0085985876095247,-0.155130524286341,1.13876591557971,2.67445521458032,-0.0228442477796975,2.4127099127749,0.661493373110757,-5
"CAN",2002,31359199,12106520658.0077,11800189764.1986,386.059626650785,376.291172622063,0.008866615508488,0.0117991263324333,0.00879217545746691,0.00696410568192984,7.44400510210852e-05,0.00483502065050345,-0.0380080477074476,0.987654798030126,2.68035234856156,-0.0956460464342557,2.1556279390273,0.524743326545501,-4
"CAN",2003,31642461,12384101148.7746,12079479661.0518,391.376042109197,381.749057415343,0.0136770116065712,0.0144002360086501,0.012585298916461,0.0115803435488413,0.00109171269011021,0.00281989245980885,-0.115747537355959,1.04699905118007,2.62433041400138,-0.108958448942623,2.22851715302636,0.57133163968717,-3
"CAN",2004,31938807,12943011648.205,12664041327.5702,405.244054613717,396.509529224751,0.0348206472679449,0.0379365991591492,0.0246779883891426,0.0264975503942484,0.0101426588788023,0.0114390487649008,-0.109540966245587,1.04216201464474,2.46497522476287,-0.141649117100097,2.24601994131103,0.528359853523799,-2
"CAN",2005,32242732,13476657046.0548,13201102216.3517,417.975035305779,409.428773478366,0.0309322169941915,0.0320628786850232,0.0188036959858069,0.0200701105171639,0.0121285210083846,0.0119927681678593,-0.110069970244255,1.04701591323737,2.20636456168752,-0.0580724884769246,2.15384692378125,0.588604464677603,-1
"CAN",2006,32571193,13909321663.1178,13687977603.6814,427.043665951009,420.247965853796,0.0214645635882071,0.0260819791280547,0.0215959247870119,0.0249290847028139,-0.000131361198804747,0.0011528944252408,-0.13756956344035,0.956857599232587,2.07567273497076,-0.0287689357535357,1.9136893335831,0.609885648446866,0
"CAN",2007,32888886,14355679705.3756,14144365646.2729,436.490299652459,430.065209453215,0.0218798818337476,0.0230919151282167,0.0188704715638783,0.0132338816895707,0.00300941026986923,0.009858033438646,-0.101618864637604,0.990432018017426,1.93974643929243,0.0910915877141574,1.82069928026993,0.68501692062673,1
"CAN",2008,33247298,14728872154.2775,14512468865.8446,443.009598983878,436.500700473303,0.0148252859312494,0.0148531329470813,-0.0164765476218198,-0.0213462539686944,0.0313018335530693,0.0361993869157757,-0.126225394651452,0.796033930749897,1.93883824947603,0.158817955081863,1.43564639398053,0.572648886207533,2
"CAN",2009,33630069,13925350061.2114,13685576549.497,414.074382696371,406.944646753387,-0.0675458119099375,-0.0701128068977965,-0.0360218566465242,-0.0344345673637694,-0.0315239552634132,-0.0356782395340272,-0.0888880145643517,0.971376588669046,1.87059831624085,0.329631113533321,1.57156908261795,0.734805332186168,3
"CAN",2010,34005902,14506945700.1268,14220228445.8737,426.600820649509,418.169423821598,0.0298031036976516,0.0272094974216897,0.0180292744118695,0.0236437759667893,0.0117738292857821,0.00356572145490031,-0.0776585856725555,0.959449067346895,1.89347676972283,0.315389466359402,1.5280071102235,0.74561265150336,4
"CAN",2011,34339221,15010354847.523,14726835051.109,437.119841697138,428.86339940877,0.024358665059375,0.025251781374112,0.00215282971305086,0.00608690654137689,0.0222058353463241,0.0191648748327351,-0.0917717839306072,0.899364762577336,1.98268204164107,0.363522629173872,1.32794637569471,0.786907707667737,5
"CAN",2012,34713395,15229130068.4356,14958903172.1725,438.710476703175,430.925963080606,0.00363229434164136,0.00479784402642291,0.000816190968870423,0.00279724825182903,0.00281610337277094,0.00200059577459388,-0.0776713856222554,0.913109305385833,1.99140889894537,0.392877973428867,1.28148179015842,0.835851086884204,6
"CAN",2013,35080992,15707235812.8772,15468008185.7758,447.742065357706,440.92277053556,0.0203776305053687,0.0229334406561703,0.00782599294324005,0.00494184003574993,0.0125516375621286,0.0179916006204204,-0.11886268643522,0.966825181625594,2.190192124149,0.343983549613286,1.37855055266136,0.859416373031782,7
"CAN",2014,35434066,16164082665.4825,15902891765.1348,456.173521420954,448.802340807707,0.0186559469236922,0.0177128332895293,0.0160312331289489,0.0184295778762786,0.00262471379474327,-0.000716744586749307,-0.124330877316989,1.02265481826053,2.19528151180076,0.441067991403795,1.36620433512373,0.949365780224474,8
"CZE",1998,10294943,2454721237.619,2418722392.86522,238.439517112334,234.942766838556,-0.0109012002847972,-0.0106275418269544,0.0160721867973272,0.0185109436921715,-0.0269733870821245,-0.0291384855191259,0.0681818578436523,0.13106817347093,-1.04040631795139,0.506883260102541,-1.12696486936754,0.33893381693251,-8
"CZE",1999,10282784,2512427347.00665,2466109878.56979,244.333377712364,239.829007258131,0.0244179136977039,0.0205842605426829,0.022100958245586,0.0217763250343435,0.00231695545211785,-0.00119206449166054,-0.0315764541628102,0.0961881083982796,0.0614850746830089,0.462163055199627,-1.34262360178585,0.303097905753025,-7
"CZE",2000,10272503,2562429450.24716,2512871208.29383,249.44548083823,244.621121872033,0.0207067827878893,0.0197843725744802,0.027176839470922,0.0304112720134464,-0.00647005668303269,-0.0106268994389662,-0.107790034120388,0.136809728086491,0.713890557653636,0.472301421842996,-1.39731104900022,0.350813786874899,-6
"CZE",2001,10224192,2644032238.47996,2569926972.08896,258.605495522772,251.35746395304,0.0360633395272068,0.0271655129228909,0.00425996143719942,0.00501754747428595,0.0318033780900073,0.022147965448605,-0.130729149226483,0.142195366040916,0.255500650007142,0.493971251414125,-1.12544953568077,0.358000208998948,-5
"CZE",2002,10200774,2707682575.2692,2610788470.4988,265.438933875919,255.940232623407,0.0260810928263773,0.0180678657528643,0.00879217545746691,0.00696410568192984,0.0172889173689104,0.0111037600709345,-0.155008785732814,-0.117579813561235,0.638279604933312,0.167737017565833,-1.23063845750691,0.100714804462779,-4
"CZE",2003,10201651,2833202804.53331,2738277610.05502,277.720028310448,268.415142809239,0.0452287038307464,0.0475908714111695,0.012585298916461,0.0115803435488413,0.0326434049142854,0.0360105278623282,0.00209459686689029,-0.203703319083186,-0.195512906939067,0.140745676737011,-1.02634389726119,-0.000394122309458567,-3
"CZE",2004,10206923,3004846068.55589,2862915226.592,294.392939826811,280.487589314821,0.0583018911767361,0.0439946567985592,0.0246779883891426,0.0264975503942484,0.0336239027875935,0.0174971064043108,-0.019185081652012,-0.0835586107618023,0.0671406929167562,0.165246664669576,-0.267380430882093,0.0475835547362167,-2
"CZE",2005,10234092,3141824519.25048,2996791055.80072,306.995922965172,292.824322450953,0.0419190622546539,0.0430433680002205,0.0188036959858069,0.0200701105171639,0.023115366268847,0.0229732574830566,-0.0545835647187833,-0.0693623139633055,0.193106067569969,0.14021847396626,-0.211591971053836,0.0527648851469606,-1
"CZE",2006,10266646,3289446610.25065,3084688982.67541,320.401288819216,300.457323908451,0.0427397704627248,0.0257328798291203,0.0215959247870119,0.0249290847028139,0.0211438456757129,0.000803795126306461,-0.0948759489017584,-0.11132250672619,0.266643922745738,0.0753152778256994,-0.188074490840597,0.0218302069115377,0
"CZE",2007,10322689,3493876028.19609,3268702729.29692,338.465687399483,316.65225304152,0.054848482877432,0.0524984512332605,0.0188704715638783,0.0132338816895707,0.0359780113135537,0.0392645695436897,-0.0514226876653656,-0.0726681220954967,0.22839806028575,0.0808730624086642,-0.0520552939595631,0.0390788215902667,1
"CZE",2008,10429692,3439110865.73577,3229321188.15116,329.742322758503,309.627665721208,-0.0261112112750936,-0.0224336808917025,-0.0164765476218198,-0.0213462539686944,-0.00963466365327381,-0.00108742692300812,-0.0582212591048709,-0.109221021416114,0.218988573553754,0.00775310846728661,-0.00598376711007598,-0.0241760012394565,2
"DNK",1998,5301304,2244414893.02621,2212468635.67495,423.370343037527,417.34422996209,0.0137285301310994,0.0176783999537324,0.0160721867973272,0.0185109436921715,-0.00234365666622782,-0.000832543738439107,-0.1626529922873,1.14874193713918,2.27619282869522,1.04349324735839,1.7933568484766,1.13429591090419,-8
"DNK",1999,5319111,2292741993.59254,2268581904.75129,431.038568962471,426.496439865852,0.0179502617905927,0.0216926467879368,0.022100958245586,0.0217763250343435,-0.00415069645499333,-8.36782464066488e-05,-0.236993780694619,1.16016917323733,2.36683576660604,0.898048950477213,1.94796571799406,1.0912345332036,-7
"DNK",2000,5337344,2380669450.15691,2326439402.90744,446.040099749409,435.879606580996,0.0342112844785447,0.0217620539508845,0.027176839470922,0.0304112720134464,0.00703444500762274,-0.00864921806256191,-0.237735962308794,1.37208803412361,2.88598426207437,0.999069625915843,2.22517426743223,1.22859171363893,-6
"DNK",2001,5355082,2407501481.71904,2372010283.53152,449.573224409829,442.945651164915,0.00788988482699438,0.0160810053955487,0.00425996143719942,0.00501754747428595,0.00362992338979495,0.0110634579212627,-0.278291788267935,1.34795398113588,2.60380994917392,0.986026227752598,2.22359134050589,1.17564472133173,-5
"DNK",2002,5374255,2417662377.14915,2387605153.91437,449.860004251595,444.267187529131,0.000637690141625846,0.0029790762350439,0.00879217545746691,0.00696410568192984,-0.00815448531584106,-0.00398502944688595,-0.221588423886575,1.30931786073476,2.39002242847921,1.09035988849228,2.07204099892114,1.15558025281349,-4
"DNK",2003,5387174,2414515364.65762,2392934133.73575,448.197025872492,444.190986542433,-0.00370350706937206,-0.00017153533865244,0.012585298916461,0.0115803435488413,-0.016288805985833,-0.0117518788874937,-0.208329853184241,1.35659390441991,2.36882685518045,1.21022420405461,2.00217097040214,1.26347261077833,-3
"DNK",2004,5401177,2504378911.51676,2507449511.76901,463.672809003808,464.24131476695,0.0339462248501894,0.0441498721482967,0.0246779883891426,0.0264975503942484,0.0092682364610468,0.0176523217540483,-0.236679748514808,1.3711277139237,2.28260867594738,1.23128946070922,1.99476453444265,1.2835582756361,-2
"GBR",1998,58474943,20308355962.2526,20398172183.9684,347.300141228913,348.83611915566,0.0239921535353966,0.0450615773499976,0.0160721867973272,0.0185109436921715,0.00791996673806938,0.0265506336578261,-0.108790624771262,1.92597099569972,2.7806178172121,2.01451691947495,2.13230438857233,2.01031492742639,-8
"GBR",1999,58684427,20818289588.3874,20747624187.6597,354.749814433519,353.545655096192,0.0212234265510336,0.0134103893143003,0.022100958245586,0.0217763250343435,-0.000877531694552403,-0.00836593572004318,-0.114740747821762,1.96856006644008,2.71697319301063,1.9597759818982,2.57832486961569,1.95606970157886,-7
"GBR",2000,58886065,21733002384.0265,21792766424.1861,369.06868176752,370.083591494628,0.0395699632227053,0.0457162744668809,0.027176839470922,0.0304112720134464,0.0123931237517834,0.0153050024534345,-0.148332958937749,2.07951124858237,2.95751269400576,2.08003845990638,2.65650455142081,2.04412597965987,-6
"GBR",2001,59113016,22269572946.1149,22389346163.7728,376.728755408367,378.754928758377,0.0205426906495729,0.0231604668823708,0.00425996143719942,0.00501754747428595,0.0162827292123735,0.0181429194080849,-0.168345770858447,2.10650051253936,2.80172327258249,2.13288316330277,2.58280725239559,2.09704206609915,-5
"GBR",2002,59365677,22787233003.7254,23050250798.0246,383.845247881623,388.27571692688,0.0187140242315689,0.0248263279330256,0.00879217545746691,0.00696410568192984,0.00992184877410196,0.0178622222510958,-0.188393593159187,2.06919167525417,2.86818205907543,2.08106683342434,2.50448296883915,2.05401119404703,-4
"GBR",2003,59636662,23767579219.7152,24038651561.133,398.539730807119,403.085128425414,0.0375677231036189,0.0374320785315891,0.012585298916461,0.0115803435488413,0.0249824241871579,0.0258517349827478,-0.20844220184821,2.11481128182734,2.79734137416772,2.17148005518663,2.47919869588137,2.12594883066012,-3
"GBR",2004,59950364,24631244942.5318,24833303321.8394,410.860640354608,414.231068252386,0.0304468882778348,0.0272761775737864,0.0246779883891426,0.0264975503942484,0.00576889988869222,0.000778627179538027,-0.262194059663575,2.09604555182977,2.74338027948047,2.18369607643748,2.32498126710662,2.14292737392954,-2
"GBR",2005,60413276,25518931037.668,25782986011.9933,422.406012838436,426.776823226624,0.027712884795756,0.0298372603596304,0.0188036959858069,0.0200701105171639,0.00890918880994906,0.00976714984246652,-0.289204437338128,2.13471618002072,2.61163172194699,2.25660265640407,2.20023007318308,2.21509729039,-1
"GBR",2006,60827067,26219341186.7587,26116864234.2014,431.04727023512,429.362544049698,0.0202507925791258,0.00604043870421123,0.0215959247870119,0.0249290847028139,-0.00134513220788612,-0.0188886459986026,-0.31435328087906,2.13529818964773,2.5471960411747,2.31337899792096,2.06367521000604,2.26736773872188,0
"GBR",2007,61319075,26897945825.9563,26653481921.5094,438.655440023456,434.66868868308,0.0174964704286191,0.0122824526213314,0.0188704715638783,0.0132338816895707,-0.00137400113525921,-0.000951429068239307,-0.344531322659016,2.14792575799594,2.31939256820117,2.40053183984065,1.92374638773377,2.31736127810945,1
"GBR",2008,61823772,26838751480.1568,26486461008.6544,434.11701699723,428.418715840477,-0.0104001080621074,-0.0144830802970555,-0.0164765476218198,-0.0213462539686944,0.00607643955971238,0.00686317367163891,-0.365994819672983,2.14415544317176,2.36783617295099,2.39594018104555,1.90531067051828,2.33205081573494,2
"GBR",2009,62260486,25616411235.1182,25402662566.2405,411.439307350062,408.006172104735,-0.0536526041880006,-0.0488187233914408,-0.0360218566465242,-0.0344345673637694,-0.0176307475414763,-0.0143841560276714,-0.34122408361281,2.14054777669101,2.39458156433317,2.44935045420663,1.79205630950347,2.36266727033135,3
"GBR",2010,62759456,25895335040.4237,25906665378.3309,412.612484092018,412.793020040372,0.00284733932199632,0.0116640032100452,0.0180292744118695,0.0236437759667893,-0.0151819350898732,-0.0119797727567441,-0.39389730456585,2.16346580145609,2.44491622498789,2.48732162848234,1.78988245149374,2.39501170011866,4
"GBR",2011,63285145,25761702365.6637,25868840638.4388,407.073450896947,408.766395943927,-0.0135152191155639,-0.00980247139944179,0.00215282971305086,0.00608690654137689,-0.0156680488286147,-0.0158893779408187,-0.296771164623201,2.18578522817523,2.44908772497538,2.54130420740779,1.7482023643706,2.44833540013296,5
"GBR",2012,63710843,25896227618.3752,25656127972.2841,406.46499714931,402.696413423444,-0.00149582078769139,-0.0149608723139867,0.000816190968870423,0.00279724825182903,-0.00231201175656182,-0.0177581205658157,-0.298147233435303,2.08980273032975,2.47175935412293,2.43094645424637,1.66669141279599,2.3549746948026,6
"GBR",2013,64138721,26306590856.8187,25842384232.7422,410.151472412721,402.913931394769,0.00902871897286861,0.000540007903349959,0.00782599294324005,0.00494184003574993,0.00120272602962856,-0.00440183213239997,-0.299237319094846,2.0146486948435,2.62199796468993,2.33427962008066,1.64224140010606,2.26418291618599,7
"GBR",2014,64619493,27183505410.3188,26701149273.515,420.670360417696,413.205799579935,0.0253229987227135,0.0252228035190374,0.0160312331289489,0.0184295778762786,0.00929176559376454,0.00679322564275875,-0.331534763851349,1.86059154611477,2.44357456140395,2.18398673527553,1.41526234563387,2.1218584161187,8
"HUN",2002,10158610,2204549852.79362,2080616498.9033,217.012942990589,204.81310916585,0.0751396165833222,0.0763638509106004,0.00879217545746691,0.00696410568192984,0.0663474411258553,0.0693997452286705,0.123487335810269,-0.401499643592305,-1.25038278190931,-0.344043614575485,0.24049634539186,-0.496470097069014,-4
"HUN",2003,10129554,2307797882.45127,2180819194.55519,227.828183003049,215.292716200061,0.0486347646681589,0.0499006721490369,0.012585298916461,0.0115803435488413,0.0360494657516979,0.0383203286001956,0.107701971076085,-0.258372455194783,-1.39670589096293,-0.283104343699837,0.590997225070077,-0.458342005865468,-3
"HUN",2004,10107140,2385992341.83197,2241667866.24793,236.069980413052,221.790522961781,0.0355365266962258,0.0297347732837547,0.0246779883891426,0.0264975503942484,0.0108585383070832,0.00323722288950634,0.0598526823599235,-0.148329170683168,-0.939157655143857,-0.158604426874775,0.642625619645355,-0.319682444921322,-2
"HUN",2005,10087064,2466036746.00392,2312688599.53972,244.475175928687,229.272719945043,0.0349854855723262,0.0331788656174421,0.0188036959858069,0.0200701105171639,0.0161817895865193,0.0131087551002782,0.0240571163106843,-0.147025711319153,-0.868806384650366,-0.180690051823798,0.63827447265962,-0.340458427015498,-1
"HUN",2006,10071374,2556685605.22574,2399451633.64316,253.856683827424,238.24471553168,0.0376560970606992,0.0383861501726726,0.0215959247870119,0.0249290847028139,0.0160601722736873,0.0134570654698587,-0.0542716124006509,1.04404631479683,-0.407006389174855,0.0409865867407024,2.45399426406371,-0.0976637828298463,0
"HUN",2007,10055778,2505332166.90692,2316167171.69993,249.143543831906,230.331971499364,-0.0187406592612316,-0.0337767393050177,0.0188704715638783,0.0132338816895707,-0.0376111308251099,-0.0470106209945884,-0.0799307570096268,1.26086420563615,-0.160051322723296,0.136920419454904,2.59243192430947,0.0213093961910646,1
"HUN",2008,10038186,2500573638.0668,2338244168.26815,249.106127149547,232.934931497399,-0.000150192502307966,0.0112375279710086,-0.0164765476218198,-0.0213462539686944,0.0163263551195119,0.032583781939703,-0.225227845030881,1.45152735576894,0.24653738648918,-0.178183716485967,2.71533371049097,-0.175548048441952,2
"HUN",2009,10022647,2332074448.23578,2232228782.77176,232.680493310378,222.718487718041,-0.0682127799495573,-0.0448505635406811,-0.0360218566465242,-0.0344345673637694,-0.0321909233030331,-0.0104159961769117,-0.23564971391434,1.43346070326364,0.375165795302125,-0.0129108883834026,2.58694570118831,-0.0133935108601066,3
"HUN",2010,10000020,2304732687.02655,2198809546.99872,230.472807757039,219.880514938842,-0.00953335437167535,-0.012824302165698,0.0180292744118695,0.0236437759667893,-0.0275626287835449,-0.0364680781324873,-0.274376598461656,1.33358041677303,0.461844362584912,-0.00919882634682545,2.45052409934322,0.00604926727524635,4
"HUN",2011,9958824,2303650085.0825,2196542335.36909,231.317481369538,220.562421363114,0.00365826035930272,0.00309646000839159,0.00215282971305086,0.00608690654137689,0.00150543064625186,-0.0029904465329853,-0.243298410039162,1.32036878676273,0.123379098839302,-0.145713666193972,2.41898706888206,-0.175856326886566,5
"HUN",2012,9913588,2213096729.78346,2124125615.85207,223.238723435295,214.264060182052,-0.0355494375988608,-0.0289715644615285,0.000816190968870423,0.00279724825182903,-0.0363656285677312,-0.0317688127133575,-0.21211878261734,1.40408524799381,0.0537404963876984,-0.154509540193947,2.48911918065252,-0.197934720917464,6
"HUN",2013,9872737,2282522199.53771,2219599756.91232,231.194470139103,224.821116668287,0.0350175108759547,0.0480958685199528,0.00782599294324005,0.00494184003574993,0.0271915179327147,0.0431540284842029,-0.234312929367968,1.28319672977745,0.00127303193572947,-0.287365174720357,2.38480627603881,-0.357266651578381,7
"HUN",2014,9833034,2474964893.1963,2367224868.60902,251.699006959225,240.742060752461,0.0849747383699517,0.0684210240249383,0.0160312331289489,0.0184295778762786,0.0689435052410028,0.0499914461486597,-0.296957607579514,1.12358793841832,-0.0569032160881235,-0.442016659388899,2.19685466428892,-0.474832729535474,8
"ISR",1998,5970700,1637125535.46861,1608778574.06652,274.193232865261,269.445554803711,0.0283530031318113,0.0292007911247927,0.0160721867973272,0.0185109436921715,0.0122808163344841,0.0106898474326211,0.096908724297583,-0.168010633218497,-0.718160261849948,0.0326027617134681,0.188832674294963,-0.111837740459603,-8
"ISR",1999,6125300,1707556419.85163,1664358283.534,278.771067515326,271.718655989747,0.0165578111828308,0.00840083105705514,0.022100958245586,0.0217763250343435,-0.00554314706275516,-0.0133754939772883,0.122483785913669,-0.106672015098258,-0.805417316383472,0.135774691434913,0.239602252288671,-0.055964887776474,-7
"ISR",2000,6289200,1871526353.64945,1788723493.08599,297.577808568571,284.411927285821,0.0652848337479188,0.0456564574618712,0.027176839470922,0.0304112720134464,0.0381079942769968,0.0152451854484248,0.088843610928924,-0.0373471817606847,-0.0403663127310652,0.14382795697201,0.328267151349294,-0.0131409654957095,-6
"ISR",2001,6439037,1887743894.2139,1847735921.39763,293.171773079407,286.958425832563,-0.0149170387169333,0.00891371207367886,0.00425996143719942,0.00501754747428595,-0.0191770001541327,0.0038961645993929,0.111012654015009,0.0427860730705804,-0.387117317152993,0.25426496995633,0.288934200228742,0.0943743960705381,-5
"ISR",2002,6569957,1865814135.60101,1837003326.29918,283.991833675777,279.606598079589,-0.0318132103946942,-0.0259537391774547,0.00879217545746691,0.00696410568192984,-0.0406053858521611,-0.0329178448593845,0.103395496284244,0.158485753079927,-0.193742562340857,0.364904482737352,0.299950846995801,0.22491375312209,-4
"ISR",2003,6689748,1867097708.90964,1832470739.72204,279.098361987573,273.922237388021,-0.0173812114687024,-0.0205393474084516,0.012585298916461,0.0115803435488413,-0.0299665103851634,-0.0321196909572929,0.0876203878044579,0.234055621754879,0.180987263065283,0.420538610248589,0.452841231663169,0.285678134708653,-3
"ISR",2004,6808969,1966857292.7588,1937688007.0033,288.862718094149,284.578767652385,0.0343872797408373,0.0381658177452371,0.0246779883891426,0.0264975503942484,0.00970929135169474,0.0116682673509887,0.0678998828127905,0.361986573375134,0.299862142530777,0.516219720511502,0.66411352436919,0.388930665981331,-2
"ISR",2005,6930128,2046366873.34286,2054067327.30441,295.285581066159,296.39673716047,0.0219914081144328,0.0406888064310102,0.0188036959858069,0.0200701105171639,0.0031877121286259,0.0206186959138464,0.0411158192797489,0.490275432134329,0.436411323139229,0.626654501792382,0.786055126103301,0.510009742597237,-1
"ISR",2006,7053707,2144425800.53106,2161805940.13944,304.014017102079,306.477989536486,0.0291308497600644,0.0334470553878337,0.0215959247870119,0.0249290847028139,0.00753492497305253,0.0085179706850198,0.0339839241907504,0.602819220085286,0.571071912105151,0.701789469437929,0.99965967864457,0.599546690676542,0
"ISR",2007,7180160,2287113039.90272,2310708027.60327,318.532322385953,321.818459143427,0.0466501437899005,0.0488416545555488,0.0188704715638783,0.0132338816895707,0.0277796722260222,0.035607772865978,0.0675956214414263,0.5734054586908,0.432824251679368,0.687459623608359,0.910540608519369,0.577750348677878,1
"ISR",2008,7331353,2289239130.94487,2274393509.63134,312.253294984551,310.228345249689,-0.0199092516790698,-0.0366789711702067,-0.0164765476218198,-0.0213462539686944,-0.00343270405724994,-0.0153327172015123,0.00824736086391031,0.472511812939089,0.560260217644255,0.48336685649843,0.848786986765987,0.432685973802583,2
"ISR",2009,7485565,2341053348.59344,2315705112.38002,312.742371296414,309.356089003304,0.00156505536943019,-0.00281561890329307,-0.0360218566465242,-0.0344345673637694,0.0375869120159544,0.0316189484604763,0.00344744337826963,0.395876398644789,0.798482642006029,0.40295014268556,0.65056217639754,0.404193493469468,3
"ISR",2010,7623561,2434452463.02988,2418450946.70617,319.332719057391,317.233763421867,0.0208538089691199,0.0251459211568204,0.0180292744118695,0.0236437759667893,0.0028245345572504,0.001502145190031,-0.00070358612927468,0.415615810232436,0.961627385217543,0.356815730202037,0.698143250849661,0.407765003008293,4
"ISR",2011,7765832,2517968386.09271,2513766515.94958,324.236783140906,323.69571166999,0.0152404953614056,0.0201649868339544,0.00215282971305086,0.00608690654137689,0.0130876656483547,0.0140780802925775,-0.0611823305817248,0.400307934583816,1.01365061294216,0.327257896413591,0.671630557854529,0.396047583127494,5
"ISR",2012,7910525,2623214974.76332,2587428319.53713,331.610730610588,327.086801386397,0.0224877217994255,0.0104216703456128,0.000816190968870423,0.00279724825182903,0.0216715308305551,0.00762442209378378,-0.058558515371364,0.380191996249722,1.10268427347507,0.305472202411186,0.573598583060015,0.416146908036122,6
"ISR",2013,8059456,2738396076.93744,2713136760.78013,339.774306967795,336.640185240807,0.0243198113176595,0.0287890770358645,0.00782599294324005,0.00494184003574993,0.0164938183744194,0.0238472370001146,-0.0817268060850705,0.324941415897203,1.2889044053508,0.247366019069215,0.461575836313844,0.391331566777243,7
"ISR",2014,8215668,2848862856.79786,2859786247.97615,346.759734789412,348.089315193378,0.0203505390159897,0.033444439326356,0.0160312331289489,0.0184295778762786,0.00431930588704077,0.0150148614500774,-0.117346036188589,0.321330717593916,1.20445559973075,0.287144650448553,0.381919819548452,0.413095213047736,8
"JPN",1998,126486000,52464156016.3368,53103957144.4379,414.782315958579,419.840592195484,-0.0286933614809657,-0.0293645916831107,0.0160721867973272,0.0185109436921715,-0.0447655482782929,-0.0478755353752822,0.0409036657644766,0.749185806887908,0.992542614326053,0.982058109425607,0.588211450137355,0.884766034607887,-8
"JPN",1999,126686000,51755911823.5274,52384193689.6366,408.536948230486,413.496311270674,-0.015171483998218,-0.0152265031653753,0.022100958245586,0.0217763250343435,-0.037272442243804,-0.0370028281997188,0.0839047404945853,0.527605532820648,0.845662573643414,0.779049649107133,0.285429850905124,0.664823087411873,-7
"JPN",2000,126925843,53021228875.6448,53777017916.3661,417.733911569488,423.688483332477,0.0222622958776535,0.0243498824035351,0.027176839470922,0.0304112720134464,-0.00491454359326848,-0.00606138960991132,0.0665521784225446,0.403418717926899,1.01068355415673,0.641165936202427,0.164758413089216,0.53330501452318,-6
"JPN",2001,127291000,53003231559.9902,53815374173.356,416.394179949802,422.774384468313,-0.00321229505479437,-0.00215980937681959,0.00425996143719942,0.00501754747428595,-0.00747225649199379,-0.00717735685110554,0.0520312528170406,0.47442004034882,0.881202767259593,0.701766900813524,0.296655753366459,0.602102899632919,-5
"JPN",2002,127435000,52783925842.692,53542831819.9608,414.20273741666,420.157977164521,-0.00527680171287148,-0.00620789004063926,0.00879217545746691,0.00696410568192984,-0.0140689771703384,-0.0131719957225691,0.0579626630637999,0.494856319602811,1.0106405466737,0.726533859499044,0.18957126145829,0.640713017458947,-4
"JPN",2003,127619000,52705507664.7029,53547027498.2606,412.991072369341,419.585073525577,-0.00292958167619783,-0.00136447387652527,0.012585298916461,0.0115803435488413,-0.0155148805926588,-0.0129448174253666,0.0531813551236466,0.505646174256331,1.00037672281708,0.751672495292135,0.176971771190901,0.658669823312835,-3
"JPN",2004,127687000,53149740462.8279,54165883572.9788,416.250209205541,424.208287241292,0.00786056770215549,0.0109582753195472,0.0246779883891426,0.0264975503942484,-0.0168174206869871,-0.0155392750747012,0.0268112682360528,0.492197553744288,1.03450072166952,0.725645105290809,0.119310288057574,0.650218288675736,-2
"JPN",2005,127767994,53577531010.0872,54755551311.7308,419.334524498265,428.554519778488,0.00738244531371546,0.0101933858614291,0.0188036959858069,0.0200701105171639,-0.0114212506720914,-0.00987672465573475,0.0250068961622932,0.542553648139414,0.8568933732695,0.792572599896722,0.123176290892616,0.706650569985283,-1
"JPN",2006,127900515,53758218016.6003,55181408676.4157,420.312756493595,431.440081976337,0.00233010327091865,0.00671067706888095,0.0215959247870119,0.0249290847028139,-0.0192658215160932,-0.0182184076339329,-0.000497366169368352,0.525465930253524,0.847811024943248,0.798005822341925,0.0805286150977884,0.721448144447871,0
"JPN",2007,128032743,54132888564.5806,55776752867.114,422.805036400576,435.644441884011,0.00591207346657896,0.00969776934647371,0.0188704715638783,0.0132338816895707,-0.0129583980972994,-0.00353611234309703,-0.00267116766375397,0.609642183771636,0.743390912472252,0.928266075644512,0.0950669578082337,0.828760868555865,1
"JPN",2008,128083960,52296967767.5625,53688150098.1116,408.302239933575,419.163727434033,-0.0349034816317024,-0.0385648091863775,-0.0164765476218198,-0.0213462539686944,-0.0184269340098826,-0.0172185552176831,0.0332192325243947,0.747308071047138,0.843078377660977,1.07466030629434,0.249620254547124,0.988410803778613,2
"JPN",2009,128031514,49625869629.0295,50862606566.9492,387.606676501767,397.266305598395,-0.0520165792049152,-0.053654750432405,-0.0360218566465242,-0.0344345673637694,-0.015994722558391,-0.0192201830686356,-0.0175998273340686,0.574230428140489,0.74151325332001,0.950003891733119,0.0125200359493753,0.840027158674213,3
"JPN",2010,128057352,51075695033.4097,52424415227.3048,398.850157649751,409.382315099759,0.0285946965127968,0.0300426244128564,0.0180292744118695,0.0236437759667893,0.0105654221009273,0.00639884844606708,-0.017520188363095,0.651030598958395,0.779690301966169,1.05846252984298,0.0404808853995859,0.929879858400568,4
"JPN",2011,127834233,50311928219.7246,51764657513.4678,393.571636008678,404.93580083097,-0.0133227020224584,-0.0109209371011101,0.00215282971305086,0.00608690654137689,-0.0154755317355093,-0.017007843642487,-0.0241869361539111,0.720073997330561,0.8677827795014,1.13205298769773,0.124521598888297,1.015252114308,5
"JPN",2012,127592657,50759471044.4103,52147816532.0722,397.824390822195,408.705467526021,0.0107475792289229,0.00926623025289697,0.000816190968870423,0.00279724825182903,0.00993138826005247,0.00646898200106794,0.0101201515654755,0.647418548094272,0.73628591166382,1.08038971150129,0.078457983890877,0.944681083881478,6
"JPN",2013,127413888,51508549288.2285,53260499425.3921,404.26165543452,418.011727460919,0.016051651461007,0.0225147199301601,0.00782599294324005,0.00494184003574993,0.00822565851776691,0.0175728798944101,-0.0615706197668804,0.753443993919946,1.48805712573316,1.06750124685343,0.279198179575132,1.02709939444964,7
"JPN",2014,127237150,51456389496.0406,53335368983.8037,404.413251130197,419.180789445564,0.000374923708458041,0.00279281699468115,0.0160312331289489,0.0184295778762786,-0.0156563094204909,-0.0156367608815975,-0.0488120093399307,0.757239984977868,1.43923510953047,1.04226684196216,0.33743567664034,1.01236670968607,8
"KOR",1998,46286503,10055160168.9812,9929592318.56856,217.237413009603,214.524573579658,-0.0863158140627398,-0.0936750733871623,0.0160721867973272,0.0185109436921715,-0.102388000860067,-0.112186017079334,0.123379659362554,-0.305045386567124,-2.24849183913487,-0.121796508346603,0.263832351050807,-0.298372952309912,-8
"KOR",1999,46616677,10982297207.2457,10865435844.1646,235.587302956959,233.08044552735,0.0810907333007087,0.0829593598020386,0.022100958245586,0.0217763250343435,0.0589897750551227,0.0611830347676952,0.153605288024927,-0.750964931468709,-2.45066448867872,-0.557666100149756,-0.0903258358387187,-0.778263243675742,-7
"KOR",2000,47008111,11837397938.1054,11761016507.8034,251.816073573035,250.191217166828,0.0666173963029815,0.0708418404152926,0.027176839470922,0.0304112720134464,0.0394405568320595,0.0404305684018462,0.151622433155239,-0.906464004273256,-2.40779456491191,-0.744407526012633,-0.288698633838987,-0.955351142532262,-6
"KOR",2001,47370164,12334171655.5288,12253625842.3088,260.378487512283,258.678138465149,0.0334373394263432,0.0333590861015018,0.00425996143719942,0.00501754747428595,0.0291773779891438,0.0283415386272159,0.153952565664552,-0.997452223349639,-2.35859267863766,-0.866738804589439,-0.37855212972896,-1.05497300791117,-5
"KOR",2002,47644736,13321323561.2943,13273614334.7105,279.596964527083,278.595610955017,0.0712128601350877,0.0741767270232145,0.00879217545746691,0.00696410568192984,0.0624206846776207,0.0672126213412847,0.15808069107342,-1.12283203870534,-1.89391153965172,-0.999237595454427,-0.648749061904228,-1.15131101952523,-4
"KOR",2003,47892330,13737534219.1571,13691297797.8053,286.842052143987,285.87662779834,0.025582569487975,0.0257990391266931,0.012585298916461,0.0115803435488413,0.012997270571514,0.0142186955778518,0.141794793913794,-1.06222246749512,-1.56082307298907,-0.920274399532238,-0.614846041549082,-1.07782364302955,-3
"KOR",2004,48082519,14403629753.9457,14379575974.1163,299.560631462459,299.060371069917,0.0433851160407599,0.0450851165244517,0.0246779883891426,0.0264975503942484,0.0187071276516173,0.0185875661302033,0.111123723920407,-0.98281585728954,-0.883187245240432,-0.886128606703536,-0.555402580454694,-0.994699940245643,-2
"KOR",2005,48184561,14794997438.8295,14694464205.0626,307.048505408808,304.962085367191,0.0246888938356156,0.0195419956662946,0.0188036959858069,0.0200701105171639,0.00588519784980868,-0.000528114850869343,0.103910732417669,-0.937677865935511,-0.918899015810295,-0.830731915861859,-0.585075108755183,-0.935877147012198,-1
"KOR",2006,48438292,15204643932.3314,15161940891.524,313.897193822016,313.015597071919,0.0220597909072362,0.02606556159059,0.0215959247870119,0.0249290847028139,0.00046386612022431,0.00113647688777618,0.0711898823976463,-0.872554058888187,-0.345336869012684,-0.794827490822394,-0.707706089443446,-0.798657163990566,0
"KOR",2007,48683638,16089198612.535,16050017273.9213,330.484722865926,329.679907527069,0.0514949098261708,0.051869186338191,0.0188704715638783,0.0132338816895707,0.0326244382622924,0.0386353046486203,0.0398164356742953,-0.660332518191208,0.366463567922167,-0.84510677418382,-0.573630827415156,-0.5674480790709,1
"KOR",2008,49054708,16297896439.6349,16301868718.0096,332.239189755953,332.320166252129,0.00529472667382969,0.00797665386738089,-0.0164765476218198,-0.0213462539686944,0.0217712742956495,0.0293229078360753,0.0567652007043695,-0.528694593032684,0.274873418517989,-0.68279934870421,-0.162588657384313,-0.562904280443422,2
"KOR",2009,49307835,16550680816.2459,16526053331.7836,335.660262030281,335.160798112178,0.0102443629333449,0.00851155062442466,-0.0360218566465242,-0.0344345673637694,0.0462662195798691,0.042946117988194,0.0695403955470302,-0.455639018997617,0.31868435583288,-0.654371864186727,-0.130701069876854,-0.48637840795029,3
"KOR",2010,49554112,17668287085.3093,17693592081.274,356.545327364746,357.055981172137,0.0603618537335153,0.063282168462889,0.0180292744118695,0.0236437759667893,0.0423325793216458,0.0396383924960997,0.0813956141993499,-0.504350355860926,0.240237559990454,-0.712616675012217,-0.155723774039562,-0.551373456218489,4
"KOR",2011,49936638,17835474751.1738,17941333265.7505,357.16210512958,359.281961788268,0.00172837745634791,0.00621490960487403,0.00215282971305086,0.00608690654137689,-0.000424452256702956,0.00012800306349714,0.0979667291926618,-0.395088476502839,0.200661375494935,-0.533310468452432,-0.0432513474037421,-0.451156763750392,5
"KOR",2012,50199853,18129674632.2637,18311344400.6228,361.14995460771,364.768884893404,0.0111035040971057,0.0151564718617685,0.000816190968870423,0.00279724825182903,0.0102873131282353,0.0123592236099395,0.118146656150389,-0.344416333181024,0.347011214700479,-0.523003374781423,-0.0224276509401566,-0.388386870316979,6
"KOR",2013,50428893,18684929229.5875,18798704824.0262,370.520313217811,372.776472091627,0.0256150109233788,0.0217150085187674,0.00782599294324005,0.00494184003574993,0.0177890179801388,0.0167731684830175,0.0924695721301471,-0.310572583535603,0.507609163934716,-0.476535089260141,0.0123691327195345,-0.353080413374366,7
"KOR",2014,50746659,19243031429.5586,19331869643.1585,379.197996651535,380.948618571293,0.0231502175429288,0.0216855371617939,0.0160312331289489,0.0184295778762786,0.00711898441397985,0.00325595928551525,0.094736502451611,-0.27507560359054,0.462455866143962,-0.388603128898502,-0.0244991978647497,-0.285720563016574,8
"MEX",1998,96799183,13326530821.9801,13001956635.8947,137.671934916849,134.318867504229,0.0300812812899958,0.0297891943791013,0.0160721867973272,0.0185109436921715,0.0140090944926685,0.0112782506869298,0.0792774295221422,-1.01964601922755,-1.15624060688397,-0.944132772827736,-0.29485742999843,-1.05882099900592,-8
"MEX",1999,98085415,13654717673.0348,13399071309.8264,139.212518732115,136.606154032447,0.0111281055550769,0.0168854161966632,0.022100958245586,0.0217763250343435,-0.0109728526905091,-0.00489090883768029,0.123723362689702,-1.18132059309332,-1.59619621633854,-1.03298321274784,-0.537332291886091,-1.2036648092806,-7
"MEX",2000,99368858,14905624373.5249,14652064759.7025,150.002975514973,147.451274520056,0.074653453389077,0.0763957813640079,0.027176839470922,0.0304112720134464,0.047476613918155,0.0459845093505615,0.124100016617994,-1.16296485720988,-1.60813591016985,-0.934525382723931,-0.88573098221852,-1.11818229611756,-6
"MEX",2001,100739263,14824690017.3737,14613466555.5888,147.159008075866,145.062273838442,-0.019141440898828,-0.016334653997383,0.00425996143719942,0.00501754747428595,-0.0234014023360274,-0.0213522014716689,0.0613683648669643,-0.977004800448656,-0.776785128593308,-1.04359842448675,-0.130950684520684,-1.13377621437521,-5
"MEX",2002,102167274,15216272231.4172,15047589826.3015,148.934895056681,147.283853597792,0.0119955747612854,0.0151985767246128,0.00879217545746691,0.00696410568192984,0.00320339930381852,0.00823447104268293,0.0637602422170632,-1.02648547704389,-0.764760395710094,-1.13522344167896,-0.205408775978796,-1.21272767271246,-4
"MEX",2003,103587899,16015849247.7301,15837343127.5807,154.611198820917,152.887965490841,0.0374043063941407,0.0373436997761853,0.012585298916461,0.0115803435488413,0.0248190074776797,0.025763356227344,0.0327015347061239,-0.904334082781522,-0.596223069545776,-1.06791528274534,-0.0070930220111669,-1.13475432542675,-3
"MEX",2004,104970581,17130182939.5821,16976894168.2549,163.190322244497,161.730020035375,0.0540035698766532,0.0562230005419355,0.0246779883891426,0.0264975503942484,0.0293255814875106,0.0297254501476871,0.0355425429612083,-0.882125260890945,-0.613582861061698,-1.05193419595124,0.00191176246428348,-1.1104035097927,-2
"MEX",2005,106370948,17811273864.9729,17551312450.0347,167.444910474737,165.000996795052,0.025737263680675,0.0200231130511677,0.0188036959858069,0.0200701105171639,0.00693356769486808,-4.69974659962347e-05,0.0402733030578859,-0.854338049623035,-0.891325114664491,-1.01756316879877,0.0033170246710239,-1.09492309841811,-1
"MEX",2006,107885646,19113424421.9353,18826969326.6799,177.16373892719,174.508565548005,0.0564199791570106,0.0560223116083121,0.0215959247870119,0.0249290847028139,0.0348240543699987,0.0310932269054982,0.0543267748731796,-0.911174900912773,-1.07094105720211,-1.1075979368517,-0.0355839411300907,-1.18616308206397,0
"MEX",2007,109538665,19916099877.4864,19598410060.2327,181.817989816531,178.917737040457,0.0259317470971396,0.0249523039271118,0.0188704715638783,0.0132338816895707,0.0070612755332613,0.011718422237541,0.0860378865741563,-0.890911112897236,-1.28308213519052,-1.00546112835981,-0.151539797164367,-1.11840130040827,1
"MEX",2008,111275915,20330669776.6701,20057374520.323,182.705033489683,180.249019029167,0.0048668828433529,0.00741320327111694,-0.0164765476218198,-0.0213462539686944,0.0213434304651727,0.0287594572398113,0.0703771465117553,-0.855555375341342,-1.31826456540632,-0.809184937934636,-0.43649348571036,-0.920015975398642,2
"MEX",2009,113030218,19041054216.9939,18751016379.4675,168.459855726315,165.893835394244,-0.0811755371175327,-0.0829912959289354,-0.0360218566465242,-0.0344345673637694,-0.0451536804710084,-0.048556728565166,0.115304996892713,-0.825086392173299,-1.24822813943444,-1.02282287682688,-0.152916740118077,-1.13518122813196,3
"MEX",2010,114756059,20029145211.2843,19808335178.1339,174.53671192459,172.612543082661,0.0354376265770835,0.0397014094611432,0.0180292744118695,0.0236437759667893,0.017408352165214,0.0160576334943539,0.10868968384261,-0.748720774651533,-1.01910474852183,-1.02327422094691,-0.043199163438884,-1.10754860044112,4
"MEX",2011,116446180,21172230463.225,20855408391.6085,181.819879906966,179.0991202254,0.0408814231514345,0.0368899494537276,0.00215282971305086,0.00608690654137689,0.0387285934383836,0.0308030429123507,0.125256950761216,-0.797223359954598,-1.05381562920558,-1.07764394352825,-0.126093240832842,-1.15244606977005,5
"MEX",2012,118060514,22015225157.5608,21553049312.9991,186.474075130325,182.559338281376,0.0252756958889391,0.0191358645864481,0.000816190968870423,0.00279724825182903,0.0244595049200687,0.0163386163346191,0.149944799485063,-0.718480348701025,-0.807085268395032,-1.10914415480448,-0.0260553715097152,-1.13234699638484,6
"MEX",2013,119597654,21753118112.6919,21122993964.116,181.885826227761,176.617126320187,-0.0249130602722563,-0.0330909999450935,0.00782599294324005,0.00494184003574993,-0.0327390532154963,-0.0380328399808434,0.125596762641769,-0.774766425071755,-0.611230977556463,-1.02747760868868,-0.167641952596625,-1.06889136661167,7
"MEX",2014,121048604,22372738439.9316,21840626390.9934,184.824423418643,180.428568932471,0.0160271500262379,0.0213506979625917,0.0160312331289489,0.0184295778762786,-4.08310271104995e-06,0.00292112008631307,0.12757950901149,-0.751408455230846,-0.646379301850462,-1.00812910864859,-0.166233821766813,-1.04661602013703,8
"POL",1998,38283500,5778620974.47269,5717292573.35378,150.942859834464,149.340905960891,0.0404591889490513,0.0447237305618113,0.0160721867973272,0.0185109436921715,0.0243870021517241,0.0262127868696398,0.131011966926,-1.66771362363412,-5.89678382821275,-1.36324663853623,-1.6831714605103,-1.54991703711992,-8
"POL",1999,38270000,5995032895.2071,5917664965.91739,156.65097714155,154.629343243203,0.0371189016091966,0.0347992671783004,0.022100958245586,0.0217763250343435,0.0150179433636106,0.0130229421439569,0.157281592338412,-1.49244537404022,-5.07009943671527,-1.11537429342196,-1.76468544228407,-1.35216898174644,-7
"POL",2000,38258478,6054816368.13755,6033462130.84436,158.260774726521,157.702617726831,0.0102238903299003,0.0196801740413939,0.027176839470922,0.0304112720134464,-0.0169529491410216,-0.0107310979720525,0.157661616417098,-1.23608353655767,-4.25375597917427,-0.837637744299329,-1.94031391901035,-1.06220026954741,-6
"POL",2001,38248076,6001194718.09972,5986912072.59494,156.901871824866,156.528450544674,-0.00862355572800055,-0.00747330716476391,0.00425996143719942,0.00501754747428595,-0.0128835171652,-0.0124908546390499,0.156013365899736,-1.07751454344283,-3.64170373316646,-0.673670107892632,-2.01470514053692,-0.878585418646571,-5
"POL",2002,38232301,6109875826.32271,6101109508.82925,159.809262495676,159.579971627375,0.0183604049862174,0.019307400008838,0.00879217545746691,0.00696410568192984,0.00956822952875047,0.0123432943269082,0.160421104459453,-1.22778346675229,-2.96440346769936,-0.856048464284412,-2.03576009262473,-1.02974846126766,-4
"POL",2003,38195177,6330926234.67137,6279966062.50967,165.751980535955,164.417776163458,0.0365115832252858,0.0298654182071765,0.012585298916461,0.0115803435488413,0.0239262843088248,0.0182850746583352,0.150127249702631,-1.12415848121482,-3.05934971881853,-0.873498939332519,-0.922150422986654,-1.06833313266329,-3
"POL",2004,38180249,6753001249.16338,6547069576.94438,176.87158743159,171.477917206469,0.0649313966089284,0.0420438913792047,0.0246779883891426,0.0264975503942484,0.0402534082197858,0.0155463409849563,0.130321558065796,-0.775431644264919,-2.21162548895242,-0.494433658332346,-0.741777294089619,-0.683465726665687,-2
"POL",2005,38161313,7003183201.73122,6889994944.97255,183.515258024042,180.549210792945,0.0368738394942465,0.0515488809156182,0.0188036959858069,0.0200701105171639,0.0180701435084396,0.0314787703984543,0.110980596200278,-0.823971650815237,-1.88084958497376,-0.579408616245634,-0.646089114229052,-0.770988936013253,-1
"POL",2006,38132277,7471809638.29565,7315234895.82989,195.944491809279,191.83839705743,0.0655336000330591,0.06064995903556,0.0215959247870119,0.0249290847028139,0.0439376752460472,0.0357208743327462,0.0935157339007472,-0.770812953198509,-1.1480453249111,-0.630073243394478,-0.370439150743206,-0.775457914009272,0
"POL",2007,38115967,8080975626.97021,7811423843.71955,212.010248276535,204.938362018194,0.0788032003649857,0.0660559252231598,0.0188704715638783,0.0132338816895707,0.0599327288011073,0.0528220435335891,0.0925314758718143,-0.782719746462647,-0.753967938481101,-0.725424965801586,-0.396204589960472,-0.799755064545514,1
"POL",2008,38115909,8416554157.80938,8276160744.3159,220.814730085786,217.131401597058,0.0406894100921376,0.0577934467451318,-0.0164765476218198,-0.0213462539686944,0.0571659577139574,0.0791397007138261,0.125036208031561,-1.01580186278344,-1.43906529372802,-1.02376657690307,-0.522890282665768,-1.12697630149388,2
"POL",2009,38153389,8644340950.53678,8387356795.82161,226.568102522604,219.832550021221,0.0257215485960671,0.0123634126835617,-0.0360218566465242,-0.0344345673637694,0.0617434052425914,0.046797980047331,0.113779692874276,-0.963672007302815,-0.990809063505122,-1.08121638412694,-0.42755259739483,-1.14296621418543,3
"POL",2010,38516689,8831199543.12356,8534970120.23564,229.282416853732,221.591480000673,0.0119089319632213,0.00796938620969634,0.0180292744118695,0.0236437759667893,-0.00612034244864823,-0.015674389757093,0.112179629268223,-0.764273495615292,-0.85731740238352,-1.05654820667467,-0.0750026100711947,-1.10364233021386,4
"POL",2011,38525670,9190664906.61318,8861015644.79143,238.559508675986,230.002895336835,0.0396642863915684,0.0372563907813763,0.00215282971305086,0.00608690654137689,0.0375114566785175,0.0311694842399994,0.129824864925418,-0.78501206824414,-1.19203882683163,-1.05234496941547,-0.104566865519898,-1.15224612939902,5
"POL",2012,38533789,9205566771.88726,8848856478.70843,238.895966651171,229.638888579278,0.00140937971503163,-0.00158387181666608,0.000816190968870423,0.00279724825182903,0.000593188746161211,-0.00438112006849511,0.164589203868118,-0.694988791140602,-1.03273424364166,-0.91615852129803,-0.0698665883684928,-1.01891722202821,6
"POL",2013,38502396,9202370187.52107,8858075248.77495,239.007727922207,230.065558745356,0.000467714622599757,0.00185628088254486,0.00782599294324005,0.00494184003574993,-0.00735827832064029,-0.00308555915320508,0.154424446606033,-0.775508047326567,-0.85397354691329,-0.956001247826637,-0.174404194546762,-1.06271458581168,7
"POL",2014,38483957,9604107635.85726,9236405573.46904,249.561333722966,240.006649354406,0.043208825714828,0.0423023222706949,0.0160312331289489,0.0184295778762786,0.027177592585879,0.0238727443944162,0.151528611818505,-0.881812020639471,-0.90912877610877,-1.04281384139722,-0.33760220267562,-1.13160549082339,8
"USA",1998,275854104,131774951232.251,132848132517.998,477.697990790997,481.58838527919,0.0279332862784454,0.0345245573549526,0.0160721867973272,0.0185109436921715,0.0118610994811181,0.0160136136627811,0.00890184941498251,0.792097136951608,2.15109356176254,0.217333184670066,1.99795133462897,0.528818373252679,-8
"USA",1999,279040168,137040459864.908,137897320950.254,491.113737664136,494.18448225079,0.0276970315249114,0.0258191165675878,0.022100958245586,0.0217763250343435,0.00559607327932543,0.00404279153324438,0.0161539924958398,0.821737917197941,2.06331662252388,0.16872521309329,2.0508093758268,0.532777447507483,-7
"USA",2000,282162411,141094644104.264,142942399366.193,500.047627195333,506.596179340816,0.0180276023703314,0.0248053024459134,0.027176839470922,0.0304112720134464,-0.00914923710059057,-0.00560596956753301,0.0282501115026613,0.737306221344055,2.24157398907002,0.194977263818098,1.7858195146816,0.486070664224627,-6
"USA",2001,284968955,141647057658.182,143883736193.101,497.061364660518,504.910214493718,-0.00598985965974119,-0.00333357538554147,0.00425996143719942,0.00501754747428595,-0.0102498210969406,-0.00835112285982742,0.0354416454135704,0.634445276805062,1.95704716537361,0.205837040352547,1.54758047604931,0.441396363538026,-5
"USA",2002,287625193,144010252574.805,145689815338.225,500.687200146634,506.52661478866,0.00726806647518252,0.00319624839483978,0.00879217545746691,0.00696410568192984,-0.00152410898228439,-0.00376785728709006,0.0338235678835301,0.517046941795485,1.92467367215875,0.219130780633436,1.23015818471677,0.388744095162689,-4
"USA",2003,290107933,147608072669.383,148673473515.983,508.803985961261,512.476415169187,0.0160812909466976,0.0116778219901832,0.012585298916461,0.0115803435488413,0.00349599203023665,9.74784413418917e-05,0.00345631037805894,0.633752188839768,2.09528578869164,0.183809502134135,1.43022581275441,0.464808383367272,-3
"USA",2004,292805298,153305386533.059,154620614469.051,523.574496705516,528.066314117891,0.0286164792202186,0.0299671799685548,0.0246779883891426,0.0264975503942484,0.003938490831076,0.00346962957430641,-0.0206376200028676,0.717868382339948,2.06836584428364,0.270712277100793,1.50422545838062,0.549113734451359,-2
"USA",2005,295516599,158251055517.015,159850606172.851,535.506486107791,540.919213045122,0.0225336768017552,0.0240480680187503,0.0188036959858069,0.0200701105171639,0.00372998081594833,0.00397795750158636,-0.0638628500519179,0.801620175958222,1.95843690768744,0.363249964828305,1.46846218701921,0.674507590687258,-1
"USA",2006,298379912,162433708033.998,165446535111.301,544.385535022203,554.48282024864,0.0164446978681632,0.0247658851325339,0.0215959247870119,0.0249290847028139,-0.00515122691884873,-0.000163199570279993,-0.0845086195761101,0.801345437729565,1.88628023340851,0.403175858935075,1.36427727303225,0.725492912087937,0
"USA",2007,301231207,165457605271.515,166410611890.858,549.271129373773,552.434834186545,0.00893448009769937,-0.0037003446294932,0.0188704715638783,0.0132338816895707,-0.00993599146617896,-0.0169342263190639,-0.0951919677087041,0.870920252989944,1.80655988414737,0.5156174409489,1.31451502128652,0.827185020063451,1
"USA",2008,304093966,162594880007.82,162088695510.116,534.686308138783,533.021742069409,-0.0269119450224027,-0.0357732640529758,-0.0164765476218198,-0.0213462539686944,-0.0104353974005829,-0.0144270100842814,-0.0588838913638745,0.717997130619199,1.72176663490638,0.626415733524093,0.867741402659929,0.785081667804856,2
"USA",2009,306771529,159951334274.977,159493103111.126,521.402148355747,519.908427066341,-0.0251586131530246,-0.0249095209367107,-0.0360218566465242,-0.0344345673637694,0.0108632434934997,0.00952504642705865,-0.0810777134296222,0.712623966932951,1.64053346434449,0.549717977354393,0.887469790425333,0.760533161138846,3
"USA",2010,309327143,163575878419.051,165056194601.866,528.811913602587,533.597514272668,0.0141111959383453,0.0259891419087879,0.0180292744118695,0.0236437759667893,-0.00391807847352421,0.00234536594199852,-0.0978608719645275,0.811841351888016,1.79634000961635,0.63805829923261,0.949195571840519,0.877208932112892,4
"USA",2011,311583481,164373393643.951,167136452491.48,527.54206710962,536.409863433934,-0.00240420754371851,0.00525670326388195,0.00215282971305086,0.00608690654137689,-0.00455703725676937,-0.000830203277494945,-0.0998548305541916,0.816001516657986,1.86150018311023,0.686366664361166,0.886779726303116,0.915581630756192,5
"USA",2012,313877662,167794832809.804,171783048953.567,534.586729557721,547.293005367062,0.0132653700267449,0.0200857783694417,0.000816190968870423,0.00279724825182903,0.0124491790578745,0.0172885301176127,-0.0608781891140359,0.763378299446141,1.83109944176168,0.562022621135239,0.860252610706106,0.849564056721354,6
"USA",2013,316059947,171748748665.644,174394315102.249,543.405611169211,551.776068931156,0.0163620427048663,0.0081579739293467,0.00782599294324005,0.00494184003574993,0.00853604976162625,0.00321613389359676,-0.0572405445549753,0.774535449701631,1.99928671596913,0.479439630145379,0.942217092508006,0.824910539536881,7
"USA",2014,318386329,176290248686.644,180055699993.352,553.699178103354,565.525852064308,0.0187655164788216,0.0246137181774841,0.0160312331289489,0.0184295778762786,0.00273428334987269,0.00618414030120551,-0.0315018561380197,0.736972562538431,1.89803801232396,0.435373311401408,0.874479153984059,0.790831865517993,8
