iso,year,Population,consumption,GDP,GNI,NNI,consumption_pc,GDP_pc,GNI_pc,NNI_pc,gdp_log_diff,consumption_log_diff,gdp_log_diff_total,consumption_log_diff_total,gdp_dev,consumption_dev,EHB_dev,ehb_crude_dev,time,resid_stage1
AUS,1993,17634808,451126.43,653301.082,550607.461,453159.099,0.025581590114278532,0.0370461125519484,0.03122276471623621,0.02569685470916383,0.030121874977886876,0.009834813415192212,7.506699939936468e-4,4.024419786907707e-4,0.02937120498389323,0.009432371436501441,0.0563579225182711,0.756982985996284,-5,-0.00987132927363425
AUS,1994,17805468,470921.659,678715.617,568504.537,468696.764,0.02644814834409295,0.03811838121862341,0.031928648940875916,0.026323192628242068,0.028533190612413772,0.033313193337297875,0.02192266706654955,0.016872771348837468,0.006610523545864222,0.016440421988460407,0.05332958296341772,0.5729438954671293,-4,0.009823715240622567
AUS,1995,18004882,487820.696,704952.555,593555.459,491918.001,0.02709380133677077,0.039153411558042986,0.03296636206779917,0.02732136767127938,0.026790946855335562,0.02411881880241884,0.013371735050302203,0.00923424394204897,0.01341921180503336,0.01488457486036987,0.051120469869953,0.539101393439418,-3,0.004385876218118225
AUS,1996,18224767,500914.32,732572.301,621488.359,518062.478,0.02748536208995155,0.04019652492676587,0.0341013061511294,0.02842628813855343,0.026292987949574798,0.014348606557250232,0.02098947950889274,0.01611839226672851,0.005303508440682059,-0.0017697857094782776,0.07142589000300315,0.33372506852958495,-2,-0.0077231367563774115
AUS,1997,18423037,525278.854,766833.343,651102.337,541189.547,0.028512066387317143,0.04162361194845345,0.035341748323037075,0.029375696688879255,0.03488705388028679,0.036673804365814355,0.026335157855756908,0.018975927724345087,0.008551896024529881,0.017697876641469268,0.13593080075989128,0.06394199449920457,-1,0.009700141423272685
AUS,1998,18607584,553627.714,805391.414,677625.13,562710.024,0.029752799396203185,0.04328296537583815,0.03641661002309596,0.0302408966150576,0.03909154710780083,0.0425958452312698,0.023230864628554837,0.0263528230874015,0.01586068247924599,0.016243022143868302,0.4247080742508651,-0.020036149637486123,0,0.0026933270246166205
AUS,1999,18812264,575539.979,836931.004,711785.74,592023.766,0.030593871051352466,0.04448858489334404,0.03783626149409768,0.03147009663483353,0.027473488746109886,0.027876471541535608,0.025309875083651345,0.029891484046359107,0.002163613662458541,-0.002015012504823499,0.31412265565815156,-0.006942953143087571,1,-0.006318600583655604
AUS,2000,19028802,592649.07,853932.913,729409.322,604174.679,0.03114484401067392,0.04487581052133497,0.03833185725512305,0.031750536844095595,0.008666271387291147,0.01784901374895176,0.03087750969983727,0.028969714362745425,-0.022211238312546122,-0.011120700613793666,0.1336792177022681,-0.0647511811723489,2,-4.89927108132476e-4
AUS,2001,19274701,610559.912,887661.601,761259.566,631757.602,0.0316767514058973,0.046053196934157374,0.03949527237802548,0.03277651891980062,0.02589827499828168,0.016934307475846122,0.0061081024849212184,0.015292912361159594,0.01979017251336046,0.001641395114686528,0.14771565760807392,-0.009571538222777898,3,-0.013471573273194162
AUS,2002,19495210,634468.309,915101.707,787509.004,654465.493,0.03254483070456794,0.04693982301293498,0.04039499979738612,0.033570579285886123,0.019069236519754895,0.027035527440755214,0.004057365313375083,0.012811404001128235,0.015011871206379812,0.014224123439626979,0.14526035125981518,0.07907138071574304,4,0.002001090470081301
AUS,2003,19720737,666862.557,953709.313,834923.913,696029.074,0.03381529589893116,0.048360733830586554,0.042337358537868026,0.035294272927020934,0.02982178004107361,0.03829469638827998,0.009662788536100031,0.013412611296469645,0.020158991504973578,0.024882085091810335,0.16561750791532515,0.008724303454573423,5,0.009270416618282512
AUT,1993,7905632,270395.242,342343.802,NA,294116.619,0.03420286221266055,0.04330378671812703,NA,0.03720342902376433,-0.0029918871200980135,0.0021913776167798993,7.506699939936468e-4,4.024419786907707e-4,-0.0037425571140916603,0.0017889356380891286,0.029899165293471697,-0.5070588775128777,-5,0.006771726788919886
AUT,1994,7936118,276564.814,350567.307,NA,301315.606,0.0348488787591112,0.044173651021822,NA,0.037967631781684705,0.019888396339899028,0.0187116323538703,0.02192266706654955,0.016872771348837468,-0.0020342707266505222,0.0018388610050328325,-0.003076911792063597,-0.3951190044782345,-4,0.005871407543741923
AUT,1995,7948278,280215.784,359920.386,372320.086,307823.32,0.035254904773084184,0.04528281295646679,0.04684286156070535,0.03872830316201824,0.024799074963145262,0.011583698728447889,0.013371735050302203,0.00923424394204897,0.01142733991284306,0.002349454786398919,-0.02345557839078838,-0.5357800831272499,-3,-9.958450763470174e-4
AUT,1996,7959016,287381.448,367895.383,380255.344,314248.771,0.03610766054497189,0.04622372702856735,0.047776677920989226,0.039483369677859675,0.02056568273939874,0.023900384210989944,0.02098947950889274,0.01611839226672851,-4.2379676949400036e-4,0.007781991944261435,-0.035352915820752395,-0.6699920387419009,-2,0.010931737636614267
AUT,1997,7968041,290285.378,375789.811,386592.247,318856.717,0.03643121038157309,0.04716213320187484,0.048517853635542285,0.04001695234750926,0.02009806963282923,0.00892078903774296,0.026335157855756908,0.018975927724345087,-0.006237088222927678,-0.010055138686602128,-0.09194793333912454,-0.2934869181298838,-1,-0.0037686787664435975
AUT,1998,7976789,298825.283,388915.699,399169.907,329161.28,0.03746185125368115,0.04875592158699447,0.05004142732119403,0.041264884905442535,0.033235350583883605,0.027897279947348697,0.023230864628554837,0.0263528230874015,0.010004485955328768,0.0015444568599471964,-3.547013132604431,-0.21614241452433935,0,0.007486860201087731
AUT,1999,7992323,306860.113,403546.413,408911.088,336460.559,0.038394358311094286,0.05049175477517613,0.051162983277827985,0.042097968137674115,0.03498339265400574,0.024587414544328556,0.025309875083651345,0.029891484046359107,0.009673517570354395,-0.005304069502030551,-0.14850725534364284,-0.04584886779107089,1,-0.0075668992805052165
AUT,2000,8011566,314079.385,416417.618,423371.053,348487.322,0.03920324503349283,0.05197705642067981,0.05284498099372832,0.04349802797605362,0.028992347362489568,0.020848995018763805,0.03087750969983727,0.028969714362745425,-0.0018851623373477011,-0.00812071934398162,-0.4990914630739464,0.3212418498554803,2,-0.0043480131122118
AUT,2001,8042293,317312.785,421901.787,426401.08,349636.264,0.03945551163082469,0.05246038499219066,0.05301983899368004,0.043474698571663584,0.009255914653006236,0.006414224504200039,0.0061081024849212184,0.015292912361159594,0.003147812168085018,-0.008878687856959555,-0.4289893386865185,-0.010130884188024549,3,-0.007459366542116133
AUT,2002,8080292,318887.551,428164.365,437422.036,358677.336,0.03946485485920558,0.05298872429362701,0.05413443425064342,0.04438915524339962,0.010020828553125138,2.367761033075233e-4,0.004057365313375083,0.012811404001128235,0.005963463239750055,-0.012574627897820712,-0.3174277765971498,-0.006731779382353809,4,-0.012684934057113698
AUT,2003,8114402,325049.439,433052.14,443361.86,362926.604,0.040058335660471345,0.053368336939678365,0.05463888281601035,0.04472622924030631,0.007138487161511886,0.014926257761261219,0.009662788536100031,0.013412611296469645,-0.002524301374588145,0.0015136464647915737,-0.25485056333303313,-0.005385340431234731,5,0.005762004664373665
BEL,1993,10084479,337119.877,415997.09,NA,378825.528,0.03342957796828175,0.04125122279495054,NA,0.0375652056987773,-0.01357137249910334,-0.007604896985372811,7.506699939936468e-4,4.024419786907707e-4,-0.014322042493096987,-0.008007338964063582,-0.29098900299311614,2.117280282071464,-5,0.0032356146409589395
BEL,1994,10115601,344219.234,429421.197,NA,393270.602,0.03402854995961189,0.04245137753060841,NA,0.03887763089904396,0.028678607037716297,0.017758800944516206,0.02192266706654955,0.016872771348837468,0.006755939971166747,8.86029595678739e-4,-0.2769112454767786,1.9359421823540317,-4,0.002098100064401748
BEL,1995,10136814,349576.764,439661.85,468808.858,397313.923,0.034485861534008615,0.04337278458497906,0.04624814640971019,0.0391951478048231,0.021472798218982625,0.013349552477674997,0.013371735050302203,0.00923424394204897,0.008101063168680422,0.004115308535626028,-0.23753602916575975,1.6661494113487432,-3,0.004565043286230624
BEL,1996,10156641,355994.418,445471.683,473174.438,399018.434,0.03505040869318902,0.04386013870136791,0.0465876895717787,0.039286456418022454,0.01117374423865014,0.016237844269765933,0.02098947950889274,0.01611839226672851,-0.009815735270242598,1.1945200303742354e-4,-0.19207939800026963,1.4647953567243126,-2,0.009600836814712067
BEL,1997,10181246,361126.474,462371.416,490710.171,413686.391,0.03546977197093558,0.045414030463461943,0.04819745746247561,0.04063219678613011,0.034815192998740585,0.011893566274842726,0.026335157855756908,0.018975927724345087,0.008480035142983677,-0.007082361449502361,-0.08257836167653965,1.2561958929531294,-1,-0.007219432222259902
BEL,1998,10203012,371004.503,471442.368,501467.764,421906.062,0.03636225293080122,0.046206195582245715,0.04914899286602819,0.041351128666711354,0.017292794259061495,0.024850389204777557,0.023230864628554837,0.0263528230874015,-0.005938070369493342,-0.0015024338826239436,0.25523766327696534,1.3075003250600306,0,0.006701888692183309
BEL,1999,10226419,379129.584,488144.242,515531.59,432126.791,0.03707354294792732,0.04773364381021353,0.050411741392563714,0.04225592467901032,0.03252257763276356,0.019372357945451668,0.025309875083651345,0.029891484046359107,0.007212702549112215,-0.010519126100907439,0.03638263624718652,1.242887863456683,1,-0.010244325555865113
BEL,2000,10251251,389310.615,506287.124,530131.616,444228.844,0.03797688838172043,0.049387838030694985,0.051713846046692255,0.0433341105392893,0.03406772993140583,0.02407418708801501,0.03087750969983727,0.028969714362745425,0.0031902202315685635,-0.004895527274730416,-0.12185184363746472,1.2047445256717522,2,-0.0021752029446322403
BEL,2001,10286571,394301.922,511854.275,532379.463,443806.564,0.038331716370790615,0.04975946552062879,0.05175480371447395,0.043144266830997424,0.007496507055715362,0.009299882957516381,0.0061081024849212184,0.015292912361159594,0.001388404570794144,-0.005993029403643213,-0.10219545538993025,1.0658529789073117,3,-0.0023009714504585587
BEL,2002,10332786,399768.818,520591.087,542251.681,451623.981,0.03868935425547379,0.050382451257579515,0.05247874880985631,0.0437078616551238,0.012442217883284368,0.009286821181429428,0.004057365313375083,0.012811404001128235,0.008384852569909285,-0.003524582819698807,-0.16098519000984146,1.0502574059155814,4,-0.003638675018541272
BEL,2003,10376131,404018.675,525994.589,546810.512,453016.804,0.03893731439975073,0.05069274751831873,0.05269888284949371,0.04365951085235913,0.006139928277378637,0.006388551561396838,0.009662788536100031,0.013412611296469645,-0.003522860258721394,-0.007024059735072807,-0.16327475636193878,0.9963817074981568,5,-6.228763067296035e-4
CAN,1993,28684764,795576.854,1020953.897,954407.81,803405.15,0.02773517167510948,0.03559220138607381,0.033272290823100376,0.028008079480800332,0.01524072565136425,0.0013972038503231587,7.506699939936468e-4,4.024419786907707e-4,0.014490055657370604,9.94761871632388e-4,0.05460930420183385,1.3047974113960483,-5,-0.0015562593286004658
CAN,1994,29000663,809188.602,1066836.068,993880.008,837313.9,0.027902417334389907,0.03678660960268391,0.034270940909178524,0.028872233024465684,0.03300735779461261,0.006011984559392669,0.02192266706654955,0.016872771348837468,0.011084690728063062,-0.010860786789444798,0.04385105303890535,1.2617124379267295,-4,-0.01153230423606553
CAN,1995,29302311,819859.548,1095452.114,1031955.605,870740.213,0.02797934770400874,0.03738449550958626,0.03521755007651103,0.029715752214902098,0.016122150434081828,0.0027533281443612445,0.013371735050302203,0.00923424394204897,0.0027504153837796252,-0.006480915797687725,0.04401000974843838,1.258365653259273,-3,-0.0024980514538589737
CAN,1996,29610218,833039.198,1113953.875,1055960.26,889677.508,0.028133504386897792,0.037620590128718406,0.03566202248156363,0.03004630050342757,0.006295450418540405,0.005494536990235943,0.02098947950889274,0.01611839226672851,-0.014694029090352334,-0.010623855276492566,0.05112644092961627,1.2485768340107808,-2,0.0032992495391242515
CAN,1997,29905948,861485.152,1161632.959,1099699.957,926488.326,0.02880648197475633,0.0388428736316936,0.036771947740964435,0.03098006878096625,0.03197311676548864,0.02363923736737794,0.026335157855756908,0.018975927724345087,0.005637958909731733,0.0046633096430328536,0.12409773621549014,1.0684459858140387,-1,0.0068542596179120095
CAN,1998,30155173,883241.011,1206854.012,1121996.752,939358.405,0.02928986714816725,0.0400214587394342,0.03720743873696231,0.031150821286948016,0.02989115166787304,0.016641194703379547,0.023230864628554837,0.0263528230874015,0.006660287039318202,-0.009711628384021953,0.4096162595554987,0.9160390292824254,0,-0.00862361760218788
CAN,1999,30401286,913961.707,1268898.42,1186373.39,997668.544,0.03006325808059567,0.041738313964744776,0.03902378965152987,0.032816655979618754,0.04200372832806787,0.026062139277115204,0.025309875083651345,0.029891484046359107,0.016693853244416523,-0.003829344769243903,0.3048753555608399,0.9089911315280792,1,-0.009088341697793463
CAN,2000,30685730,949626.846,1334101.262,1280059.671,1083803.663,0.030946855297234253,0.043476275845482575,0.041715144824646506,0.03531946813714387,0.040795899376754985,0.028967623696989353,0.03087750969983727,0.028969714362745425,0.009918389676917716,-2.0906657560715303e-6,0.01963476686255694,0.7140964688501226,2,-2.3113415811856634e-4
CAN,2001,31020855,974898.254,1359116.97,1294935.01,1090523.792,0.0314271883866515,0.04381300805538725,0.04174401414790147,0.03515453690750948,0.0077153543994019635,0.015402002386308844,0.0061081024849212184,0.015292912361159594,0.0016072519144807451,1.0909002514924993e-4,0.001342855068248272,0.6664706236183455,3,0.004710454822735195
CAN,2002,31359199,1009409.748,1399880.358,1323703.539,1114951.364,0.03218863300685709,0.04464018223169539,0.04221101243689293,0.03555420417466658,0.018703639459721977,0.023939987567986876,0.004057365313375083,0.012811404001128235,0.014646274146346894,0.01112858356685864,0.11787896235696428,0.6322722144227313,4,0.007666173133577527
CAN,2003,31642461,1037464.236,1425167.589,1372490.45,1163650.102,0.03278709061219986,0.04503972017220784,0.04337495904632702,0.03677495571535981,0.008910370623343322,0.01842148100377239,0.009662788536100031,0.013412611296469645,-7.524179127567088e-4,0.005008869707302743,0.06077925744736312,0.5930253513273409,5,0.010999571363275888
CHE,1993,6938265,280145.899,410135.701,NA,NA,0.04037693847092897,0.0591121412918071,NA,NA,-0.010367787126023487,-0.01134425948634199,7.506699939936468e-4,4.024419786907707e-4,-0.011118457120017133,-0.01174670146503276,-0.23961355012250884,2.304055349987106,-5,-0.0020948046755127786
CHE,1994,6993795,284162.539,415343.431,NA,NA,0.04063066461055836,0.05938741856173937,NA,NA,0.004646055486558165,0.006264275442944278,0.02192266706654955,0.016872771348837468,-0.017276611579991386,-0.01060849590589319,-0.23823858620117264,2.224939086154121,-4,0.0021199231733458924
CHE,1995,7040687,286696.186,417340.678,NA,NA,0.04071991639452229,0.05927556188763966,NA,NA,-0.0018852839665255416,0.002194251563333971,0.013371735050302203,0.00923424394204897,-0.015257019016827744,-0.007039992378714999,-0.18784299827280848,2.1002875320721595,-3,0.0049548457930431436
CHE,1996,7071851,290832.916,419678.482,NA,NA,0.04112543038590604,0.05934492709193109,NA,NA,0.0011695317190922871,0.009909355281108922,0.02098947950889274,0.01611839226672851,-0.01981994778980045,-0.006209036985619587,-0.20590739872020725,2.0334746426122408,-2,0.008104304630922165
CHE,1997,7088906,295814.701,428481.729,NA,NA,0.04172924581028441,0.06044398515088224,NA,NA,0.018350427922522616,0.014575547016491441,0.026335157855756908,0.018975927724345087,-0.007984729933234291,-0.004400380707853646,-0.08300330382242604,2.042666384201181,-1,0.004180010697503488
CHE,1998,7110002,301859.949,440376.869,NA,NA,0.04245567708701067,0.06193765754214978,NA,NA,0.024411284769340735,0.01725841831165953,0.023230864628554837,0.0263528230874015,0.0011804201407858983,-0.009094404775741971,0.17683439547699847,1.949859156695506,0,-0.005566214761095888
CHE,1999,7143991,308739.622,447775.533,NA,NA,0.043216686863127345,0.0626786250150651,NA,NA,0.01189212501213932,0.017766050977109593,0.025309875083651345,0.029891484046359107,-0.013417750071512025,-0.012125433069249514,0.03950324120419679,1.832270930803116,1,-7.329566341419308e-5
CHE,2000,7184250,316253.499,464044.19,NA,NA,0.04402039169015555,0.06459187667467028,NA,NA,0.030068174145879034,0.018426283416349776,0.03087750969983727,0.028969714362745425,-8.093355539582348e-4,-0.010543430946395649,-0.0985794446474848,1.8026083299872389,2,-0.005847435204299666
CHE,2001,7226647,322443.089,471432.691,NA,NA,0.04461863005069986,0.0652353285002021,NA,NA,0.009912515537022326,0.013498511885835729,0.0061081024849212184,0.015292912361159594,0.0038044130521011077,-0.0017944004753238652,-0.22956332232631824,1.667592206218987,3,4.5875993661181967e-4
CHE,2002,7284754,323907.046,473226.069,NA,NA,0.0444636903318904,0.06496115984149911,NA,NA,-0.0042116199515978,-0.0034785774412107173,0.004057365313375083,0.012811404001128235,-0.008268985264972883,-0.016289981442338952,-0.10345050764091056,1.600781787860052,4,-0.007409608189870096
CHE,2003,7339002,326087.539,471881.054,NA,NA,0.04443213654935644,0.06429771432137503,NA,NA,-0.010265466886626218,-7.099047270524572e-4,0.009662788536100031,0.013412611296469645,-0.01992825542272625,-0.014122516023522103,-0.14534902703204433,1.5607920952138026,5,0.001173514262766114
DEU,1993,81156368,2613149.69,3477882.888,NA,2903185.766,0.03219894820822933,0.042854097265663735,NA,0.035772741407057544,-0.016351916351727613,-0.0020654219951996566,7.506699939936468e-4,4.024419786907707e-4,-0.01710258634572126,-0.0024678639738904273,-0.08561740776866089,0.5286855339765189,-5,0.00832633315446305
DEU,1994,81438346,2666937.257,3568198.488,NA,2975763.778,0.032747930035317764,0.04381472197384755,NA,0.036540081229056394,0.022168619757174657,0.016905967379106546,0.02192266706654955,0.016872771348837468,2.459526906251064e-4,3.3196030269078136e-5,-0.10549990891645222,0.5965566955028989,-4,0.0017421425741729253
DEU,1995,81678046,2708613.726,3621899.656,3622931.356,3029315.199,0.0331620779223832,0.04434361292139628,0.044356244222590734,0.037088487633506806,0.011998804051559286,0.012567236770353762,0.013371735050302203,0.00923424394204897,-0.0013729309987429161,0.0033329928283047927,-0.09571046290914564,0.4252955246940035,-3,0.005898692596396946
DEU,1996,81914834,2761332.657,3659490.467,3662233.853,3057285.876,0.033709799826976396,0.04467433172116299,0.04470782243177103,0.03732273785722376,0.007430419174616176,0.016381599312423667,0.02098947950889274,0.01611839226672851,-0.013559060334276563,2.632070456951574e-4,-0.08742095968632002,0.3359987725364477,-2,0.00937990463358177
DEU,1997,82034775,2789116.965,3727349.218,3710578.462,3093081.084,0.03399920295996423,0.04543620943679068,0.045231774719928224,0.03770451109300903,0.016910249590711413,0.00854849084934095,0.026335157855756908,0.018975927724345087,-0.009424908265045495,-0.010427436875004137,-0.024429479904022555,0.40097000252654214,-1,-0.0033418518088150235
DEU,1998,82047197,2840054.861,3805460.007,3793678.617,3162267.069,0.034614891974920244,0.04638135300344264,0.04623776016382376,0.03854204877955794,0.020588151684416633,0.017946911378525776,0.023230864628554837,0.0263528230874015,-0.0026427129441382036,-0.008405911708875724,0.2218051779389157,0.5150350515682169,0,-0.0049252150605031296
DEU,1999,82100243,2927682.298,3886499.948,3877125.118,3231318.327,0.03565984936244342,0.0473384707034302,0.047224283099868536,0.03935820661334705,0.020425795498473676,0.0297413947876759,0.025309875083651345,0.029891484046359107,-0.00488407958517767,-1.5008925868320588e-4,0.12592254915539813,0.49247385939680655,1,0.004631402037157438
DEU,2000,82211501,2991443.72,3998296.018,3947431.885,3279497.896,0.03638716826250381,0.04863426612293577,0.048015567615046946,0.0398909867367584,0.027005047691844197,0.020190804078343394,0.03087750969983727,0.028969714362745425,-0.0038724620079930716,-0.00877891028440203,-0.08120082610629042,0.6128611017103334,2,-0.004786298191691117
DEU,2001,82349926,3016022.136,4063713.807,4006945.65,3327275.633,0.036624466863516066,0.04934690295896562,0.04865755009907355,0.04040411199640908,0.0145466605296245,0.006500318371797764,0.0061081024849212184,0.015292912361159594,0.008438558044703282,-0.00879259398936183,-0.07963653809167037,0.4422660742724567,3,-0.011692269275649548
DEU,2002,82488493,3013884.894,4054438.147,3999207.101,3313419.064,0.03653703425034083,0.049151560412189856,0.048481999798444614,0.04016825794114095,-0.003966413204655961,-0.0023901274158455443,0.004057365313375083,0.012811404001128235,-0.008023778518031044,-0.01520153141697378,-0.1643700173777337,0.38203507381774227,4,-0.008989753054472019
DEU,2003,82534175,3035613.639,4032957.678,3994455.1,3308531.09,0.03678008096646026,0.04886409391018933,0.04839758924106287,0.04008680149768262,-0.00586574314530397,0.006630037357810981,0.009662788536100031,0.013412611296469645,-0.015528531681404001,-0.006782573938658665,-0.1207187831092118,0.28937491756107625,5,0.0037569123953587096
DNK,1993,5189377,170422.402,234215.862,NA,179360.158,0.03284062846079597,0.04513371489487081,NA,0.03456294618795281,-0.004265326647643786,0.003680556263522039,7.506699939936468e-4,4.024419786907707e-4,-0.005015996641637432,0.0032781142848312683,-0.007736924294369563,0.5346519976382975,-5,0.00924401246720644
DNK,1994,5204994,179037.686,246616.881,NA,189409.283,0.03439728960302355,0.04738081945915787,NA,0.036389913802013986,0.04858796817619382,0.04631134921206037,0.02192266706654955,0.016872771348837468,0.026665301109644268,0.029438577863222903,-0.009873958692562246,0.4532679644883588,-4,0.018101346627883638
DNK,1995,5227861,182398.474,254109.155,235953.882,196327.364,0.03488969465714563,0.04860671601635927,0.0451339241804631,0.037554052030075016,0.025544216949534793,0.014213732908418653,0.013371735050302203,0.00923424394204897,0.01217248189923259,0.004979488966369683,-0.008918421202806281,0.3366484290832097,-3,0.0015088984676876064
DNK,1996,5261503,187211.329,261467.522,243429.927,203051.76,0.035581340350846515,0.049694454607362194,0.04626623362183772,0.03859196887277267,0.02213163856455358,0.019629849422713175,0.02098947950889274,0.01611839226672851,0.0011421590556608407,0.0035114571559846652,-0.03155382243113769,0.4774842313919781,-2,0.0061259130960854774
DNK,1997,5284220,191077.837,269752.072,251692.838,209408.013,0.036160083607419825,0.05104860736305453,0.047631029366680414,0.039628935396330965,0.026884914816045935,0.016134494676838695,0.026335157855756908,0.018975927724345087,5.497569602890273e-4,-0.002841433047506392,0.025886972005878195,0.5755170547942652,-1,8.892970751970992e-5
DNK,1998,5301304,196270.079,276027.322,257962.114,214639.595,0.037022981326858447,0.05206781614485794,0.048660124754211415,0.0404880751981022,0.01976876116294779,0.023582989099652618,0.023230864628554837,0.0263528230874015,-0.003462103465607047,-0.002769833987748882,0.25684831437722094,0.6286139411898244,0,0.0026556371598929853
DNK,1999,5319111,198209.51,284217.895,266001.581,221409.869,0.037263653644377795,0.05343334534661902,0.05000865388971954,0.04162535224401221,0.025887970235218383,0.006479581681517743,0.025309875083651345,0.029891484046359107,5.780951515670374e-4,-0.023411902364841364,0.0685748676120308,0.7008122255242863,1,-0.020508955752026114
DNK,2000,5337344,200630.074,294802.195,274105.03,228614.626,0.037589871291788576,0.05523387568798264,0.05135607335783492,0.04283303193498489,0.03314145927710621,0.008716215114286552,0.03087750969983727,0.028969714362745425,0.002263949577268942,-0.020253499248458873,-0.09208109647661278,0.7803239414554053,2,-0.01826404333012052
DNK,2001,5355082,202583.251,297602.911,278681.682,231525.516,0.037830093171309045,0.055573922304084235,0.05204060031200269,0.04323472843179619,0.006137612870829479,0.0063702679678154794,0.0061081024849212184,0.015292912361159594,2.951038590826016e-5,-0.008922644393344115,-0.11668969455098666,0.5958253582119493,3,-0.005695685221116912
DNK,2002,5374255,206017.148,298961.558,281226.795,232820.305,0.03833408500340977,0.05562846534077747,0.0523285171619136,0.043321410130334345,9.809688842534747e-4,0.013234546750821252,0.004057365313375083,0.012811404001128235,-0.0030763964291216084,4.2314274969301735e-4,-0.05969891236773994,0.3419422943403776,4,0.005422438392693551
DNK,2003,5387174,207966.969,300280.25,283830.146,234070.822,0.038604093537724975,0.05573984616052869,0.05268627781467612,0.04344964948227029,0.002000225295418989,0.007018872760495842,0.009662788536100031,0.013412611296469645,-0.007662563240681042,-0.006393738535973803,-0.025946141787277277,0.3375217925064107,5,0.0013215083842941294
ESP,1993,39356082,961871.831,1197214.404,1164500.238,1025350.275,0.024440233430756648,0.03042006071640973,0.029588825381550936,0.0260531593312566,-0.0156712065144875,-0.014162160595430073,7.506699939936468e-4,4.024419786907707e-4,-0.016421876508481148,-0.014564602574120844,0.11234234683768762,-1.0668161324892225,-5,-0.003294344825709313
ESP,1994,39547353,971078.596,1225746.362,1173524.184,1031147.61,0.02455483167229928,0.03099439707127807,0.02967389964127308,0.02607374531488871,0.018704165747220447,0.004677958903976265,0.02192266706654955,0.016872771348837468,-0.0032185013193291034,-0.012194812444861203,0.11899015234314514,-0.9894538937209952,-4,-0.008460176677291206
ESP,1995,39718895,989335.39,1259546.244,1225309.084,1079925.596,0.024908431868509936,0.03171151271957591,0.030849526000156852,0.02718921551065305,0.02287334371044114,0.014297731067761443,0.013371735050302203,0.00923424394204897,0.009501608660138938,0.005063487125712474,0.1217544825120962,-1.0562274987308231,-3,0.0013914048265427973
ESP,1996,39884246,1009674.356,1292387.794,1254847.026,1104327.028,0.025315117051479423,0.03240346561898149,0.03146222260287934,0.027688301491270512,0.021585588402882827,0.016195353804346446,0.02098947950889274,0.01611839226672851,5.961088939900883e-4,7.696153761793667e-5,0.13410381142788397,-1.16326440600491,-2,0.001597637889129145
ESP,1997,40049974,1036272.86,1338749.618,1303371.841,1145477.728,0.0258744951994226,0.03342697845446791,0.032543637631325305,0.028601210277939253,0.031097931468568873,0.021856012983678674,0.026335157855756908,0.018975927724345087,0.004762773612811966,0.002880085259333587,0.1757236786172196,-0.6555455626336242,-1,0.0018674253746617225
ESP,1998,40214066,1078829.478,1396342.324,1369331.294,1207149.439,0.02682716733990539,0.034722734179627596,0.034051053032041076,0.03001808966544194,0.03803132400934306,0.03615733858184633,0.023230864628554837,0.0263528230874015,0.014800459380788222,0.009804515494444832,0.44655034158488144,-0.47748365283489314,0,0.0016601817294106445
ESP,1999,40369667,1127182.149,1457905.179,1434643.153,1260850.878,0.027921512183887966,0.03611387676296661,0.03553765140049334,0.03123263013291638,0.039282553238199736,0.03998235696552577,0.025309875083651345,0.029891484046359107,0.01397267815454839,0.01009087291916666,0.2713195061915227,-0.27918676575021095,1,0.0030439038356211896
ESP,2000,40554387,1176285.304,1533725.597,1495365.62,1311410.648,0.02900513091222412,0.03781898113760171,0.036873091436445585,0.03233708471539713,0.046133933746564715,0.03807530460274888,0.03087750969983727,0.028969714362745425,0.015256424046727446,0.009105590240003458,0.10603769337005796,-0.04744621533978943,2,0.0017883122961985978
ESP,2001,40766049,1221512.329,1593833.665,1552494.869,1360034.34,0.029963961653482776,0.03909708456171458,0.03808303495391471,0.03336193654675733,0.03323677748272136,0.032522638987584784,0.0061081024849212184,0.015292912361159594,0.02712867499780014,0.01722972662642519,0.1592851203245239,-0.4261798447889742,3,0.0022836254268763334
ESP,2002,41423520,1261233.598,1637751.052,1613692.811,1411664.459,0.030447282075497205,0.03953674270076517,0.03895595572273916,0.03407881462029301,0.01118253392762858,0.01600135023588578,0.004057365313375083,0.012811404001128235,0.0071251686142534965,0.003189946234757546,0.19277179414524115,-0.6390364070958394,4,5.547969103767245e-4
ESP,2003,42196231,1297199.144,1685889.298,1674225.374,1462723.509,0.03074206186803746,0.03995355172835223,0.03967713073710304,0.034664790535439055,0.01048713809982793,0.009635078725229729,0.009662788536100031,0.013412611296469645,8.243495637278997e-4,-0.0037775325712399166,0.2075710787830216,-0.6463573495334207,5,-0.0024327667858166343
FIN,1993,5066452,134900.903,168015.941,NA,129722.135,0.026626306338242225,0.03316244602731853,NA,0.025604137767415935,-0.012668644604154622,-0.03588433717192396,7.506699939936468e-4,4.024419786907707e-4,-0.013419314598148269,-0.036286779150614734,0.15471071271932813,-2.245355935035823,-5,-0.02300879161052045
FIN,1994,5088324,137411.674,174676.719,NA,138992.34,0.02700529172277551,0.034328930115299264,NA,0.027315937428512807,0.03457035032691591,0.014133149360177732,0.02192266706654955,0.016872771348837468,0.01264768326036636,-0.002739621988659735,0.15515494032276078,-2.1920734032909444,-4,-0.004707574220128606
FIN,1995,5107787,143382.077,182073.173,190431.26,154972.347,0.028071271766030963,0.035646195309240576,0.037282537427657025,0.03034040906560904,0.03765397545353322,0.03871385976220676,0.013371735050302203,0.00923424394204897,0.024282240403231015,0.02947961582015779,0.12667595581915836,-2.0284927915352324,-3,0.020738719898646278
FIN,1996,5124573,148045.681,188741.89,196293.451,160228.66,0.028889369124022627,0.03683075448432485,0.03830435257727815,0.0312667338332384,0.032690798116882025,0.02872698076951563,0.02098947950889274,0.01611839226672851,0.011701318607989286,0.012608588502787121,0.10550410309174972,-1.5069020137299645,-2,0.011232874012649996
FIN,1997,5139839,153128.398,200817.031,211154.729,174051.166,0.02979245030826841,0.03907068509344359,0.041081973384769446,0.033863155246691576,0.05903922810030027,0.030781338988882023,0.026335157855756908,0.018975927724345087,0.03270407024454336,0.011805411264536936,0.13084421256862522,-1.0466729225952078,-1,-0.0021902932942000158
FIN,1998,5153499,159222.452,211770.134,224155.998,185747.15,0.03089598969554471,0.041092495409429594,0.043495884640707215,0.03604291957755303,0.05045306744676781,0.03637137611152985,0.023230864628554837,0.0263528230874015,0.02722220281821297,0.010018553024128352,0.3144513316068827,-0.9178315678291162,0,-0.002064934786447196
FRA,1993,58961049,1822865.42,2314212.922,2327248.662,1967482.521,0.030916434678765637,0.039249860055915894,0.03947095076276543,0.03336919126048792,-0.007835898930136587,0.009271543310279018,7.506699939936468e-4,4.024419786907707e-4,-0.008586568924130233,0.008869101331588247,0.03831897327783218,0.19052701970564456,-5,0.014995484256185724
FRA,1994,59175335,1847062.029,2369375.909,2375719.289,2012887.617,0.031213376806400843,0.040039923880447824,0.04014712023176547,0.03401565224768056,0.01992917458980692,0.009558837586479907,0.02192266706654955,0.016872771348837468,-0.001993492476742631,-0.007313933762357561,0.03403712235012479,0.06804492548590435,-4,-0.004833738669898014
FRA,1995,59383991,1872086.715,2423985.114,2424701.647,2061028.966,0.03152510775168345,0.04081883135810121,0.04083089745517441,0.03470681123469792,0.019266474464483707,0.009937553094849338,0.013371735050302203,0.00923424394204897,0.005894739414181505,7.033091528003688e-4,0.03843921727142252,-0.13380023472129254,-3,-0.0012477469322823291
FRA,1996,59589289,1912819.754,2457850.122,2465564.131,2098728.845,0.032100060029244516,0.04124650861331807,0.04137596155913187,0.03521990076102435,0.010422941699432808,0.018073600383317956,0.02098947950889274,0.01611839226672851,-0.01056653780945993,0.0019552081165894464,0.03484595884029573,-0.1504570290073497,-2,0.009313226897709284
FRA,1997,59795263,1931463.242,2519961.51,2537622.049,2165931.685,0.032301275136125754,0.04214316291242,0.04243851304742986,0.03622246272250697,0.02150599328572156,0.006248807143864887,0.026335157855756908,0.018975927724345087,-0.004829164570035349,-0.0127271205804802,0.07973450345999256,-0.06314294759563266,-1,-0.008546133026361157
FRA,1999,60315406,2039708.275,2695584.349,2742982.271,2350102.959,0.03381736790431287,0.04469147317022122,0.045477307588711255,0.03896356030497415,0.028368536173442038,0.023905826446843914,0.025309875083651345,0.029891484046359107,0.003058661089790693,-0.005985657599515193,0.300024515936144,-0.08759642531528034,1,-0.006591114031082781
FRA,2000,60724780,2106915.243,2807208.496,2823921.512,2414200.078,0.03469613628900755,0.04622838478789054,0.046503610420655296,0.03975642362146063,0.033811272171297535,0.025653820775695557,0.03087750969983727,0.028969714362745425,0.002933762471460266,-0.0033158935870498674,0.11540768210119412,-0.022428014652936312,2,-0.0037212134117873765
FRA,2001,61163237,2150273.194,2860530.496,2885633.673,2462238.644,0.035156301390653996,0.04676878851261584,0.047179217689214195,0.04025683997071639,0.011622069539086066,0.013175539001066827,0.0061081024849212184,0.015292912361159594,0.005513967054164848,-0.002117373360092767,0.10395082538396394,-0.08551544169132508,3,-0.004092397954011334
FRA,2002,61604550,2193508.788,2891073.818,2906855.299,2471835.34,0.03560627888686794,0.04692955013874787,0.0471857240901849,0.040124233356140085,0.0034314756524733703,0.01271812191635524,0.004057365313375083,0.012811404001128235,-6.258896609017128e-4,-9.328208477299427e-5,0.07689847434188113,-0.05834881014437765,4,0.0016536420579093387
FRA,2003,62037544,2233099.776,2919054.416,2941358.33,2497917.191,0.03599594103854273,0.04705302995231404,0.0474125527922253,0.04026460478512818,0.002627718551627023,0.010884187637419718,0.009662788536100031,0.013412611296469645,-0.007035069984473008,-0.0025284236590499276,0.0459032421334683,0.08549542416792177,5,0.0030699908136186463
GRC,2001,10862129,296391.982,343823.816,NA,NA,0.027286730069215715,0.0316534462074608,NA,NA,0.040256466279856795,0.0460985039607662,0.0061081024849212184,0.015292912361159594,0.03414836379493558,0.030805591599606608,0.2915007968875031,-2.113139422910805,3,0.0053280004815925205
GRC,2002,10902022,311400.36,359925.557,NA,NA,0.028563541698961897,0.033014568948769314,NA,NA,0.04210191976291622,0.04573063288421242,0.004057365313375083,0.012811404001128235,0.038044554449541135,0.032919228883084184,0.2887205199298234,-2.107114960659625,4,0.004753408199377318
GRC,2003,10928072,323544.306,380789.805,NA,NA,0.02960671434082791,0.03484510396710417,NA,NA,0.053963691250817014,0.03587003259524835,0.009662788536100031,0.013412611296469645,0.04430090271471698,0.0224574212987787,0.29485861335619545,-2.033647222465767,5,-0.010081408680969834
ITA,1993,56831823,1905216.186,2398329.951,NA,NA,0.03352375632926644,0.04220047544489291,NA,NA,-0.00917618155159916,-0.02756613850073686,7.506699939936468e-4,4.024419786907707e-4,-0.009926851545592807,-0.02796858047942763,-0.05169841959922217,-0.13622102301259575,-5,-0.01692644930119544
ITA,1994,56843400,1918507.886,2449918.595,NA,NA,0.033750758856789,0.043099438017430346,NA,NA,0.021078470540797145,0.006748570047043323,0.02192266706654955,0.016872771348837468,-8.441965257524053e-4,-0.010124201301794145,-0.0189700943712402,-0.14562255120510503,-4,-0.003903551409345302
ITA,1995,56844301,1925542.915,2520643.745,2475087.674,2092965.482,0.03387398351507568,0.04434294556634622,0.04354152712687944,0.03681926675463913,0.028443675352224584,0.0036443701032493614,0.013371735050302203,0.00923424394204897,0.015071940301922382,-0.005589873838799608,-0.04407583533198356,-0.16230308082794576,-3,-0.008012083690948926
ITA,1996,56860279,1946301.836,2554561.143,2522453.017,2137102.456,0.03422955128306704,0.04492698924322901,0.04436230460634919,0.037585155992639424,0.013085077554911173,0.010442071762419403,0.02098947950889274,0.01611839226672851,-0.007904401953981566,-0.005676320504309107,-0.05943594902555038,-0.32646894621477296,-2,0.004382240992376322
ITA,1997,56890371,2000588.62,2603754.87,2586729.382,2193593.922,0.03516568067379979,0.04576793619433419,0.04546866783484327,0.038558263611956405,0.018545051961306847,0.02698128256606136,0.026335157855756908,0.018975927724345087,-0.007790105894450061,0.008005354841716272,-0.013251102078972066,-0.18686258079726903,-1,0.01812527598116338
ITA,1999,56916316,2113144.843,2695215.459,2701152.497,2288647.708,0.03712722452029397,0.04735400406097963,0.04745831576660725,0.040210749198876475,0.016472497323622992,0.024008416586491776,0.025309875083651345,0.029891484046359107,-0.008837377760028353,-0.0058830674598673305,0.17285487987514925,0.19145070015957044,1,0.005306197241790098
ITA,2000,56942108,2174391.86,2799846.387,2763932.66,2338887.054,0.03818600920078336,0.04917005157237944,0.04853934561045756,0.04107482381930785,0.03763335116323541,0.028118682171446086,0.03087750969983727,0.028969714362745425,0.006755841463398138,-8.51032191299339e-4,-0.03889893316175885,0.47042993415349565,2,0.001080331439573318
ITA,2001,56976976,2213423.352,2856023.438,2831111.429,2394250.124,0.03884768036829473,0.05012592170563773,0.04968869230616942,0.04202136182165933,0.019253543318131783,0.017179170413546885,0.0061081024849212184,0.015292912361159594,0.013145440833210564,0.0018862580523872907,-0.080627830166765,0.25897433741223086,3,2.7063458400363545e-4
ITA,2002,57089823,2220521.338,2863732.692,2845531.354,2395876.407,0.03889522197327534,0.050161877222845826,0.04984305791244089,0.04196678639203348,7.170467221899735e-4,0.0012230469785645681,0.004057365313375083,0.012811404001128235,-0.0033403185911851097,-0.011588357022563667,-0.1175836353224572,0.32599175626312227,4,-0.003968152449040671
ITA,2003,57399187,2239804.675,2865638.615,2851424.934,2396998.721,0.03902154006118588,0.04992472480490011,0.04967709619301751,0.04176015108018864,-0.004738953205828178,0.003242388294335985,0.009662788536100031,0.013412611296469645,-0.014401741741928209,-0.01017022300213366,-0.12512046580725444,0.225238108286812,5,0.0036455566116235893
JPN,1993,124938000,3150819.911,4561427.911,NA,NA,0.025219067945701067,0.03650953201587988,NA,NA,-0.00816654757558366,0.011501951750466421,7.506699939936468e-4,4.024419786907707e-4,-0.008917217569577307,0.01109950977177565,0.1228505740422775,-0.3099972593515865,-5,0.01318475621786966
JPN,1994,125265000,3230942.125,4606725.917,4875173.692,3757193.163,0.02579285614497266,0.03677584254979444,0.038918881507204725,0.029993958112800864,0.00726779954997081,0.02249718707669013,0.02192266706654955,0.016872771348837468,-0.01465486751657874,0.005624415727852661,0.12552119603434295,-0.4176514785894776,-4,0.011083702426669957
JPN,1995,125570246,3320152.453,4714617.993,4987626.347,3858857.352,0.026440598459924976,0.0375456618361646,0.03971981027257046,0.03073066649881374,0.020716664043099797,0.024803089389218158,0.013371735050302203,0.00923424394204897,0.007344928992797595,0.015568845447169188,0.121323109198318,-0.4604370108156961,-3,0.008242628278830004
JPN,1996,125864000,3387403.024,4859614.529,5140150.084,3984176.333,0.026913200152545606,0.038610043610563784,0.04083892204283989,0.03165461397222399,0.02795459858274363,0.017716228869613992,0.02098947950889274,0.01611839226672851,0.0069651190738508895,0.001597836602885483,0.12109924382264958,-0.5284412551133548,-2,-0.005537924959966229
JPN,1997,126166000,3413424.649,4925849.67,5197041.94,4014495.621,0.027055027891825057,0.03904260791338395,0.04119209565176038,0.03181915588193333,0.011141120583601172,0.005255983786100593,0.026335157855756908,0.018975927724345087,-0.015194037272155736,-0.013719943938244494,0.17151164984873457,-0.7220388186010553,-1,-0.007570158204845405
JPN,1998,126486000,3407478.568,4838532.043,5119981.824,3915877.006,0.026939570924845436,0.03825349875084989,0.04047864446658128,0.030958975744351153,-0.02041853367402169,-0.004276618235171448,0.023230864628554837,0.0263528230874015,-0.043649398302576525,-0.030629441322572948,0.45291999018506673,-0.6550362731793458,0,-0.00405849601799013
JPN,1999,126686000,3464868.516,4821713.287,5094181.162,3880103.863,0.027350050644901567,0.03806034831788832,0.04021108221902972,0.030627724160522868,-0.0050620130636995775,0.015122136809913034,0.025309875083651345,0.029891484046359107,-0.030371888147350923,-0.014769347236446073,0.3806137489392259,-0.8203609674383388,1,0.0023932893728590495
JPN,2000,126925843,3539223,4965319.67,5227806.314,3995202.02,0.027884179583506884,0.03911984787841827,0.04118787939820892,0.03147666326707005,0.027456942934447337,0.019341107382231826,0.03087750969983727,0.028969714362745425,-0.003420566765389932,-0.009628606980513599,0.20446171516481185,-1.094976766462231,2,-0.010526013640046888
JPN,2001,127291000,3613004.316,4979451.395,5249836.55,4008277.551,0.02838381594928157,0.03911864464101939,0.041242794463080656,0.031489088395880306,-3.0758194853319765e-5,0.01775963381225809,0.0061081024849212184,0.015292912361159594,-0.006138860679774538,0.002466721451098497,0.20626299279870175,-1.1267818237023794,3,0.003302911417339597
JPN,2002,127435000,3664720.23,4983683.371,5246312.829,3994005.455,0.028757564483854515,0.03910764994703182,0.04116853948287362,0.0313415110056107,-2.8109970228973324e-4,0.013081723323324468,0.004057365313375083,0.012811404001128235,-0.004338465015664816,2.70319322196233e-4,0.21159197848959443,-1.0374395874651314,4,-5.117657719935023e-6
JPN,2003,127619000,3698095.481,5052463.651,5308753.487,4050267.919,0.02897762465620323,0.03959021502284142,0.04159845702442426,0.0317371858343977,0.012263893671125459,0.007623123481664162,0.009662788536100031,0.013412611296469645,0.0026011051350254277,-0.005789487814805483,0.22736167539120225,-1.03092833985696,5,-0.010509577232999699
MEX,1993,89364560,1153328.253,1545300.402,1471895.655,1279625.361,0.012905879612678674,0.017292094338068692,0.016470686533901137,0.01431915919465166,0.014322686063860779,-0.07745030378896445,7.506699939936468e-4,4.024419786907707e-4,0.013572016069867132,-0.07785274576765522,0.15957019869683775,-2.271733104145905,-5,-0.08078497681592088
MEX,1994,90953505,1208048.839,1613202.878,1538355.937,1336141.476,0.013282048217932886,0.017736566369817193,0.01691365205771894,0.01469037917780079,0.025378982768856417,0.028730373975376367,0.02192266706654955,0.016872771348837468,0.003456315702306867,0.011857602626538899,0.152746038731588,-2.3665078294720807,-4,0.014821214593968636
MEX,1995,92506744,1144905.664,1517857.755,1401277.096,1198784.054,0.012376456185724149,0.01640807674519384,0.015147837178227782,0.012958882803182435,-0.07785470708721132,-0.07061739232797137,0.013371735050302203,0.00923424394204897,-0.09122644213751352,-0.07985163627002034,0.14347909386775026,-1.9718275023327456,-3,-0.02113444020443821
MEX,1996,94005638,1179203.891,1612242.66,1477942.957,1273817.8,0.012543969873381425,0.01715048899513878,0.01572185443813487,0.013550440453369403,0.04425298797902677,0.013444088823913347,0.02098947950889274,0.01611839226672851,0.02326350847013403,-0.0026743034428151624,0.15506013248633432,-2.280420700971859,-2,-0.011554933579529596
MEX,1997,95438019,1264727.087,1728306.012,1601061.816,1384391.803,0.013251816207543034,0.018109198305970707,0.01677593303775511,0.014505663649619553,0.05439331684358706,0.054894553376505506,0.026335157855756908,0.018975927724345087,0.02805815898783015,0.03591862565216042,0.23402417286893895,-2.5594857518808904,-1,0.023508607620246254
MEX,1998,96799183,1340373.245,1835203.103,1665792.174,1437021.055,0.01384694791277319,0.01895886975616313,0.01720874208204836,0.014845384128913569,0.045851880148163104,0.04393022573402394,0.023230864628554837,0.0263528230874015,0.022621015519608267,0.017577402646622442,0.49962125835213805,-2.8038194943893666,0,0.006963764652018589
MEX,1999,98085415,1399462.89,1885763.506,1756279.423,1513848.881,0.014267798020735294,0.019225727963734465,0.01790561239915231,0.015433985582871828,0.013977497115366777,0.029940270254241064,0.025309875083651345,0.029891484046359107,-0.011332377968284568,4.8786207881956756e-5,0.43014535377461416,-3.262219757420296,1,0.012715960103204683
MEX,2000,99368858,1508948.126,1980603.91,1899696.738,1639147.423,0.015185322206279153,0.01993183729655019,0.01911762675183406,0.016495584793779154,0.03606893731073768,0.06232420569929875,0.03087750969983727,0.028969714362745425,0.005191427610900412,0.03335449133655333,0.2708553729208889,-3.713796230788816,2,0.03500874277138059
MEX,2001,100739263,1539371.186,1971674.45,1912343.685,1641644.091,0.015280746951662727,0.01957205553508963,0.01898310180212456,0.016295970827183835,-0.018215506560071315,0.0062643498210492865,0.0061081024849212184,0.015292912361159594,-0.024323609044992534,-0.009028562540110308,0.22376035876992303,-2.78476971955528,3,0.011427419580638188
MEX,2002,102167274,1561751.778,1967009.705,1941385.153,1661306.266,0.015286223433934432,0.019252835355086404,0.019002025570340655,0.01626064982413057,-0.016444469838496456,3.583267992359751e-4,0.004057365313375083,0.012811404001128235,-0.02050183515187154,-0.01245307720189226,0.2263631528779736,-2.812840529848926,4,0.005679004110273797
MEX,2003,103587899,1590224.033,1990329.488,1958362.557,1668964.458,0.01535144595412636,0.01921391887675992,0.018905321721024576,0.01611157745365605,-0.0020233831723461826,0.0042576749487146515,0.009662788536100031,0.013412611296469645,-0.011686171708446214,-0.009154936347754994,0.21589634266772273,-2.6275281322198154,5,0.003349637168157933
NLD,1993,15290368,485466.24,656518.945,639365.077,531578.84,0.03174980746048754,0.04293676548530421,0.04181489137475305,0.03476560145576614,0.005527630649729609,0.005469360445449656,7.506699939936468e-4,4.024419786907707e-4,0.004776960655735962,0.005066918466758885,-0.23437783846224813,1.6347206853467526,-5,5.4612342436715e-4
NLD,1994,15382834,495091.282,675959.024,663252.58,554165.809,0.03218465999178045,0.04394242465335061,0.04311641014913117,0.03602494891383473,0.023151783203950504,0.013603280182397537,0.02192266706654955,0.016872771348837468,0.001229116137400954,-0.0032694911664399307,-0.19591382139963365,1.580025784233584,-4,-0.006078873927997385
NLD,1995,15459004,508030.633,697021.761,690804.036,579457.999,0.032863089562561724,0.04508840032643759,0.04468619297853859,0.03748352733462,0.025744768018121977,0.02086018891233099,0.013371735050302203,0.00923424394204897,0.012373032967819775,0.01162594497028202,-0.1997442930104234,1.5772370483644285,-3,0.0031870626437344807
NLD,1996,15530500,522835.023,720864.335,718708.398,604868.662,0.03366504768037088,0.04641604165995943,0.04627722211132932,0.038947146711310006,0.02902011045614028,0.024110008136567274,0.02098947950889274,0.01611839226672851,0.008030630947247541,0.007991615869838764,-0.1767226680446653,1.4961231618188338,-2,0.001662933767949662
NLD,1997,15610650,542372.239,751490.068,751066.976,634706.212,0.03474373193941315,0.04813957573835811,0.0481124729591657,0.04065853836963868,0.03645949432359563,0.03153904158190013,0.026335157855756908,0.018975927724345087,0.010124336467838724,0.012563113857555042,-0.08374619406307049,1.405784930904605,-1,0.004879623670258612
NLD,1998,15707205,569984.459,786417.096,778515.952,658255.315,0.03628808938318434,0.050067284153991753,0.04956425742199201,0.04190785789069411,0.039263164651269555,0.043490391366301395,0.023230864628554837,0.0263528230874015,0.01603230002271472,0.017137568278899895,0.1724311520016351,1.3882130605757386,0,0.005170668548497537
NLD,1999,15812085,598070.09,826078.801,823558.001,698000.623,0.03782360707016184,0.052243508746632715,0.052084086380765095,0.04414349043785181,0.04254786472499861,0.0414438620930051,0.025309875083651345,0.029891484046359107,0.017237989641347262,0.011552378046645995,0.025400217649751533,1.3811666858991605,1,-6.061129131562995e-4
NLD,2000,15925505,619906.18,860936.852,857662.887,725559.157,0.03892537034147426,0.05406025441579403,0.05385467443575573,0.04555956982211867,0.034183598398770165,0.028712798550436514,0.03087750969983727,0.028969714362745425,0.0033060886989328964,-2.5691581230891103e-4,-0.1702081718713716,1.347194648559562,2,-0.004217907739297499
NLD,2001,16046182,636821.624,880941.448,869045.119,731418.008,0.039686800511174555,0.054900377423115355,0.054158996763217566,0.04558205858564985,0.01542097621810079,0.01937241967566372,0.0061081024849212184,0.015292912361159594,0.009312873733179572,0.004079507314504127,-0.2038538342882389,1.2203291341099298,3,-0.003058383009243806
NLD,2002,16148921,650572.417,883107.061,868443.83,727173.729,0.04028581333700252,0.05468520534591754,0.05377720468135301,0.04502924554525965,-0.003927019381261498,0.014980729017395333,0.004057365313375083,0.012811404001128235,-0.007984384694636582,0.0021693250162670985,-0.28976489249066106,1.1682674444228904,4,0.0040830834878758165
NLD,2003,16225303,655808.241,883971.224,881830.723,738203.053,0.040418859419759375,0.05448103027721578,0.05434910663917956,0.04549702726660944,-0.0037406310771794793,0.003297112762874921,0.009662788536100031,0.013412611296469645,-0.01340341961327951,-0.010115498533594725,-0.35509340177753923,1.2766496289056175,5,-0.005568217952988269
NOR,1993,4311984,121742.983,206264.927,NA,NA,0.0282336351433586,0.04783527188412573,NA,NA,0.02237401513767079,0.02100487949154628,7.506699939936468e-4,4.024419786907707e-4,0.021623345143677142,0.02060243751285551,-0.051459284239355974,0.25767897039563525,-5,0.0040905414062546285
NOR,1994,4336614,125132.932,216659.303,NA,NA,0.028854985018265403,0.04996047676828051,NA,NA,0.04346895530722561,0.021768766175044085,0.02192266706654955,0.016872771348837468,0.02154628824067606,0.004895994826206618,-3.685489278559828e-4,0.06759722919401989,-4,-0.011942410826252602
NOR,1995,4359187,128826.117,225656.937,NA,NA,0.029552785186779097,0.05176583087626202,NA,NA,0.03549806780490794,0.02389522381501763,0.013371735050302203,0.00923424394204897,0.022126332754605738,0.01466097987296866,0.002294027756835515,0.0031233346615042734,-3,-0.002610597506122418
NOR,1996,4381339,135705.892,236870.946,NA,NA,0.03097361149182932,0.05406359699626073,NA,NA,0.04343077972978637,0.04695760700347584,0.02098947950889274,0.01611839226672851,0.022441300220893634,0.030839214736747333,-0.0010365597659115489,0.023589907845429803,-2,0.013309741532130553
NOR,1997,4405158,139897.175,248932.626,NA,NA,0.03175758395045081,0.05650935244547414,NA,NA,0.044245078715659414,0.024995961622513718,0.026335157855756908,0.018975927724345087,0.017909920859902506,0.006020033898168631,0.05340008212000968,0.08830738766148416,-1,-0.009301012716866189
NOR,1998,4431465,144175.877,255718.301,NA,NA,0.03253458551517388,0.0577051383684628,NA,NA,0.020940068266445788,0.024172131809939046,0.023230864628554837,0.0263528230874015,-0.002290796362109049,-0.0021806912774624543,0.12850513392337354,0.510622870955252,0,-0.0058156166241072746
NOR,1999,4461915,149516.311,261299.64,NA,NA,0.033509448521542876,0.05856221824037437,NA,NA,0.014743525994795892,0.029523751276713472,0.025309875083651345,0.029891484046359107,-0.010566349088855453,-3.677327696456345e-4,0.048553481953880095,0.4374246104587034,1,7.938059032053226e-4
NOR,2000,4490973,155037.987,270297.274,NA,NA,0.03452213740763972,0.060186795600864214,NA,NA,0.02736323735397761,0.02977333776567681,0.03087750969983727,0.028969714362745425,-0.003514272345859659,8.03623402931386e-4,-0.16120945058826552,0.484132615596083,2,-0.0023164547011318877
NOR,2001,4513747,159533.436,276144.98,NA,NA,0.035343902970193054,0.06117865711126476,NA,NA,0.016345402604900805,0.023525119127594696,0.0061081024849212184,0.015292912361159594,0.010237300119979587,0.008232206766435102,-0.11471002137937247,0.39728009459374736,3,-0.002433643844361321
NOR,2002,4538157,165463.462,280169.734,NA,NA,0.03646049751033294,0.06173645689208196,NA,NA,0.009076241185546063,0.031103513155184004,0.004057365313375083,0.012811404001128235,0.00501887587217098,0.01829210915405577,-0.20176734696747112,0.6875469465975466,4,0.010595369983316208
NOR,2003,4564856,170056.458,283241.397,NA,NA,0.0372534112795672,0.06204826548745459,NA,NA,0.0050379279263581545,0.021514104076185703,0.009662788536100031,0.013412611296469645,-0.0046248606097418765,0.008101492779716057,-0.17020832239213113,0.6704922823438113,5,0.00563027739393498
NZL,1993,3572200,73306.92,103106.295,88211.718,74008.422,0.020521504954929735,0.028863528077935165,0.024693947147416156,0.020717883097250995,0.0512287574018675,0.01900385716498132,7.506699939936468e-4,4.024419786907707e-4,0.05047808740787385,0.01860141518629055,0.1432966299231091,-0.8417301001557043,-5,-0.009417408663159078
NZL,1994,3620000,76728.003,109090.083,93747.471,79182.613,0.02119558093922652,0.030135382044198893,0.02589709143646409,0.02187365,0.0431211707146244,0.032319355190352006,0.02192266706654955,0.016872771348837468,0.02119850364807485,0.015446583841514538,0.13078049265204672,-0.6980175666180335,-4,0.004373880193702655
NZL,1995,3673400,79868.467,113452.932,97878.784,82885.876,0.021742382261664944,0.030884992649861165,0.02664528338868623,0.022563803560733925,0.024570426552367408,0.025470741655927664,0.013371735050302203,0.00923424394204897,0.011198691502065206,0.016236497713878695,0.12903523736406777,-0.7462892165539015,-3,0.010930618915574893
NZL,1996,3732000,83136.034,117392.632,100090.222,84564.108,0.02227653644158628,0.03145568917470525,0.026819459271168272,0.022659192926045013,0.018309471480112194,0.024270491688337614,0.02098947950889274,0.01611839226672851,-0.002680008028780545,0.008152099421609105,0.05459956564193302,0.21693106267864912,-2,0.010933850177638855
NZL,1997,3781300,85466.828,121108.528,103930.636,88153.237,0.022602498611588605,0.032028278105413484,0.027485424589426915,0.023312944489990217,0.018039340725213737,0.014526511170654732,0.026335157855756908,0.018975927724345087,-0.00829581713054317,-0.004449416553690355,0.10969366689062564,-0.20189096239227133,-1,0.001692330591459174
NZL,1998,3815000,87685.373,122653.351,106418.195,90055.722,0.02298437038007864,0.03215028859764089,0.02789467758846658,0.023605693840104847,0.0038022238727482005,0.016753978037003403,0.023230864628554837,0.0263528230874015,-0.019428640755806637,-0.009598845050398097,0.3549672743193037,-0.24079234614615252,0,0.004364436324360022
NZL,1999,3835100,90139.97,128998.635,109638.432,93026.954,0.023503942530833617,0.0336363158718156,0.028588154676540377,0.02425672185862168,0.04518488556997591,0.022353738109225585,0.025309875083651345,0.029891484046359107,0.019875010486324562,-0.007537745937133522,0.2893169651061458,-0.6371096898914241,1,-0.019063808461356437
NZL,2000,3857700,91420.09,131975.899,113719.134,96037.987,0.0236980817585608,0.034211032221271746,0.029478480441713976,0.024895141405500684,0.016941858808518173,0.008225932059767516,0.03087750969983727,0.028969714362745425,-0.013935650891319096,-0.02074378230297791,-0.013979552140769735,-0.25664584972261606,2,-0.011509483070132841
NZL,2001,3880500,94241.968,137059.118,120201.373,101976.554,0.02428603736631877,0.035319963406777476,0.03097574358974359,0.02627923051153202,0.03190016806671414,0.024507484817426484,0.0061081024849212184,0.015292912361159594,0.025792065581792922,0.00921457245626689,-0.1375751522159444,0.3152520346451746,3,-0.0036487763075907387
NZL,2002,3948500,98152.485,143964.125,125294.269,106827.734,0.024858170191211858,0.03646045966822844,0.03173211827276181,0.027055270102570597,0.031780036950519897,0.023284887611217275,0.004057365313375083,0.012811404001128235,0.027722671637144813,0.01047348361008904,-0.11292379900995386,0.375641053998806,4,-0.0037393923391004285
NZL,2003,4027200,103837.508,150708.09,133722.687,114590.577,0.025784045490663487,0.03742254916567342,0.03320487857568534,0.028454155989272947,0.02604506496866188,0.036569429973044354,0.009662788536100031,0.013412611296469645,0.01638227643256185,0.02315681867657471,-0.08524142868501805,0.2422732996677144,5,0.015083752638603929
PRT,1997,10108977,245608.274,311515.46,293726.142,249747.569,0.02429605626761244,0.03081572546856126,0.029055970945428007,0.02470552351637559,0.03860319460902728,0.026554764028651423,0.026335157855756908,0.018975927724345087,0.012268036753270373,0.007578836304306336,0.1073128697904121,-0.5820899742605885,-1,1.7987520468245083e-4
PRT,1998,10160196,258368.667,326493.008,311132.528,265467.845,0.025429496340424927,0.032134518664797405,0.03062268956228797,0.02612822085321976,0.04190567333113737,0.045595729851757305,0.023230864628554837,0.0263528230874015,0.018674808702582535,0.019242906764355805,0.4320090942847992,-0.7091758515245914,0,0.0064981723476807704
PRT,1999,10217828,270931.766,339247.711,325261.834,277255.501,0.026515592746325343,0.03320154841126705,0.03183277639827172,0.02713448503928623,0.03266571355178849,0.04182319195788331,0.025309875083651345,0.029891484046359107,0.007355838468137144,0.011931707911524203,0.3114014316408805,-0.7793427882663164,1,0.006991867987209239
PRT,2000,10289898,281238.566,352194.006,329520.31,278527.718,0.02733152126483664,0.03422716201851563,0.03202367117730419,0.027068073755444417,0.030423026189077884,0.0303076957383821,0.03087750969983727,0.028969714362745425,-4.5448351075938476e-4,0.0013379813756366765,0.12591877312552902,-0.7885079507318657,2,0.001442335927605981
PRT,2001,10362722,285459.383,359039.503,336961.746,283544.751,0.027546756827018997,0.03464721942748247,0.032516721571803235,0.027361995332886475,0.012197935095266565,0.00784414793237831,0.0061081024849212184,0.015292912361159594,0.006089832610345347,-0.007448764428781285,0.094001503440158,-0.8428984743648456,3,-0.011298476566857025
PRT,2002,10419631,290029.434,361807.426,343135.572,288128.977,0.027834904518211825,0.0347236313838753,0.032931643356660135,0.027652512550588405,0.002202999859528987,0.010405982209590992,0.004057365313375083,0.012811404001128235,-0.0018543654538460963,-0.0024054217915372433,0.04109453040920752,-0.7018708332356092,4,-0.0014727385942139445
PRT,2003,10458821,290537.932,358440.733,342723.761,287227.413,0.02777922406359187,0.03427161943014418,0.032768871462662955,0.027462695173767673,-0.013102885064545156,-0.0020023858916538018,0.009662788536100031,0.013412611296469645,-0.022765673600645187,-0.015414997188123447,-0.0332541603049048,-0.8147478252617348,5,-0.002341036306107469
SWE,1993,8718558,264678.007,317817.103,315178.234,267445.852,0.03035800266511962,0.03645294359457149,0.036150270950769614,0.030675468580928174,-0.02668076253171714,-0.02411075237267779,7.506699939936468e-4,4.024419786907707e-4,-0.027431432525710786,-0.02451319435136856,0.009593732080791506,0.7741690300873478,-5,-0.001401078524730802
SWE,1994,8780741,267045.351,330579.894,334037.482,286509.739,0.030412621326605584,0.03764829118635887,0.03804206068713335,0.03262933492742811,0.03226535415268472,0.0017975354737211902,0.02192266706654955,0.016872771348837468,0.010342687086135172,-0.015075235875116277,-0.009584940523925556,0.7902470262855221,-4,-0.012625317290493383
SWE,1995,8826944,269445.887,344115.124,352751.134,304035.06,0.03052538760866728,0.03898462752227725,0.039962996706447894,0.03444397743998376,0.03487983593092414,0.0037010205207050895,0.013371735050302203,0.00923424394204897,0.02150810088062194,-0.00553322342134388,-0.018938257923706736,0.9798999563874732,-3,-0.009237382306462726
SWE,1996,8840999,273200.325,349981.322,356293.015,305681.347,0.030901521988634995,0.03958617368919508,0.040300085431521936,0.03457543055937457,0.015312505700572743,0.012246719997541344,0.02098947950889274,0.01611839226672851,-0.005676973808319996,-0.0038716722691871652,-0.00310035796829522,0.912634900199906,-2,0.007399321146232309
SWE,1997,8846059,278659.085,360708.221,366367.971,313459.873,0.03150092996214473,0.040776149130364155,0.04141595381627005,0.035434974263680585,0.02961742230750497,0.019211630017244907,0.026335157855756908,0.018975927724345087,0.0032822644517480626,2.357022928998198e-4,0.04143502745087857,0.9652634275047872,-1,0.0064610768002575794
SWE,1998,8850975,288203.26,376023.286,383079.409,326990.612,0.03256175280124506,0.04248382647109499,0.04328104067630967,0.03694402164733264,0.04102611954177737,0.03312130464389629,0.023230864628554837,0.0263528230874015,0.017795254913222536,0.0067684815564947876,0.27059187748053987,0.9829354182589074,0,0.0035979030905876935
SWE,1999,8857879,298204.546,391820.473,402816.285,340458.059,0.03366545715966542,0.04423411891266521,0.04547547838483682,0.03843561861705269,0.040372962526641576,0.03333392892979603,0.025309875083651345,0.029891484046359107,0.01506308744299023,0.0034424448834369237,0.14506268667431443,1.0510041579308569,1,0.0023986319861720924
SWE,2000,8872112,308885.449,409966.154,419741.541,353284.148,0.03481532345398706,0.04620840607061768,0.04731021666543434,0.03981962220494962,0.04366531871053203,0.0335853174242966,0.03087750969983727,0.028969714362745425,0.012787809010694762,0.004615603061551177,-0.024561530502603013,0.8645239053340524,2,0.00542783925189964
SWE,2001,8895963,310600.914,415545,423465.55,354116.938,0.034914816304878964,0.04671163762708995,0.04760199092554679,0.03980647603862561,0.010831602235966464,0.0028536560733440908,0.0061081024849212184,0.015292912361159594,0.004723499751045246,-0.012439256287815503,-0.07907421134868453,0.99376943443584,3,-0.00698564847502102
SWE,2002,8924960,317472.019,425009.988,429844.624,358812.453,0.03557125398881339,0.04762038014736201,0.04816207848550582,0.04020325614904716,0.019267490608485094,0.01862656437743926,0.004057365313375083,0.012811404001128235,0.01521012529511001,0.005815160376311024,-0.1081588021291141,0.9145218331056996,4,0.005419802583257804
SWE,2003,8958232,321166.355,433004.543,442330.557,371463.47,0.03585153353920729,0.048335937604652345,0.0493769928039372,0.04146615872417682,0.014914509814679011,0.00784850322531927,0.009662788536100031,0.013412611296469645,0.00525172127857898,-0.005564108071150375,-0.07871168632324355,0.918850703086403,5,-4.5514826169918327e-4
USA,1993,259918588,9342825.549,11258711.251,10895828.38,9272205.81,0.03594519969075856,0.04331629891356597,0.041920158399752466,0.03567350023461962,0.0139618035813176,0.014204819447477757,7.506699939936468e-4,4.024419786907707e-4,0.013211133587323953,0.013802377468786986,0.008693108200863997,0.8875960214622585,-5,0.004551937266525649
USA,1994,263125821,9643743.265,11712327.286,11363891.797,9691059.928,0.03665069140059805,0.04451226885103002,0.04318805259708815,0.03683051663713383,0.027235873182219095,0.01943674523622896,0.02192266706654955,0.016872771348837468,0.005313206115669544,0.002563973887391491,-0.010249178295985597,0.8664450664598293,-4,-0.0023671037697059966
USA,1995,266278393,9879068.837,12026736.6,11751685.083,10010572.955,0.03710052748065067,0.04516602516825314,0.04413307798128405,0.037594386995568205,0.01458029294366181,0.012198894209967559,0.013371735050302203,0.00923424394204897,0.0012085578933596075,0.0029646502679185893,-0.009536363521309488,0.906616463939804,-3,2.719169410808006e-4
USA,1996,269394284,10166074.184,12480478.034,12270180.555,10478046.743,0.03773678503141514,0.04632792444103974,0.04554729362780392,0.03889483691866306,0.025399750331617454,0.017004161695250986,0.02098947950889274,0.01611839226672851,0.004410270822724716,8.85769428522476e-4,-0.016540550098637863,0.8468609165438723,-2,-0.0035848131017728047
USA,1997,272646925,10513001.724,13035500.859,12910632.772,11048075.257,0.03855903280038826,0.04781092197903937,0.047352937400632705,0.04052154726116936,0.031509207716641896,0.021555037435414537,0.026335157855756908,0.018975927724345087,0.005174049860884988,0.0025791097110694494,0.0437263738608481,0.660148879368563,-1,-0.002414668356651171
USA,1998,275854104,11005789.769,13619899.746,13637995.496,11682983.16,0.039897139862744256,0.04937356214210973,0.0494391611298993,0.04235203678535811,0.03216099494265734,0.034114252238227394,0.023230864628554837,0.0263528230874015,0.008930130314102502,0.007761429150825894,0.3124330898456053,0.5035146742571452,0,-1.54002645737684e-5
USA,1999,279040168,11546272.105,14272078.437,14247787.059,12191143.159,0.041378530509628995,0.05114703929292359,0.05105998595514034,0.04368956357208042,0.03528950626127081,0.036457520906223895,0.025309875083651345,0.029891484046359107,0.0099796311776194635,0.006566036859864788,0.22461815011722652,0.3972930814421287,1,-0.001716918537148635
USA,2000,282162411,12055711.225,14854034.675,14884551.72,12718590.262,0.04272614194879416,0.052643563054187256,0.05275171723706317,0.045075423820361386,0.028839364039926263,0.032048796932576895,0.03087750969983727,0.028969714362745425,-0.002038145659911006,0.0030790825698314706,0.06801374397320892,0.13591366845104935,2,0.0022615173728213244
USA,2001,284968955,12377249.717,14995970.671,15118333.638,12868649.111,0.04343367759831944,0.05262317318389998,0.053052563701193343,0.045158073836499134,-3.8739437111745545e-4,0.016424165189145246,0.0061081024849212184,0.015292912361159594,-0.006495496856038674,0.0011312528279856515,0.08027657834692892,-0.05093742558836456,3,0.0030061503652320173
USA,2002,287625193,12721087.139,15250969.254,15332511.748,13033333.622,0.044228000358091026,0.05302376017527783,0.05330726278904226,0.04531360235193306,0.007583540732417848,0.01812295906018102,0.004057365313375083,0.012811404001128235,0.003526175419042765,0.005311555059052786,0.08782687057755101,-0.12340646198008076,4,0.0011448966810028492
USA,2003,290107933,13089631.825,15677326.26,15666369.006,13332398.887,0.04511986862834254,0.05403963310441428,0.054001863527116986,0.045956684979724424,0.018977605448095236,0.019964614803047898,0.009662788536100031,0.013412611296469645,0.009314816911995205,0.006552003506578252,0.07340468485026663,0.06398072601760485,5,-0.00113751459681027
