"iso","year","Population","GDP","GNI","GDP_pc","GNI_pc","gdp_log_diff","GNI_log_diff","gdp_log_diff_total","gni_log_diff_total","gdp_dev","gni_dev","EHB_dev","ehb_crude_dev_non_ppp","eq_ehb_crude_dev_non_ppp","debt_ehb_crude_dev_non_ppp","fdi_ehb_crude_dev_non_ppp","eq_debt_ehb_crude_dev_non_ppp","time"
"AUS",1993,17634808,560396823165.016,548092428413.893,31777.8806077739,31080.1471960394,0.022928838801457,0.0276648186664605,-0.00340563508537883,-0.00388240817350116,0.0263344738868359,0.0315472268399617,0.0563579225182711,-0.401856712001028,0.756982985996284,-1.18624871894108,0.574263179913134,-0.751273390004209,-5
"AUS",1994,17805468,584047149188.773,563964166501.439,32801.5612501044,31673.6502798713,0.03170564395848,0.0189158522464226,0.0187885389977023,0.0188164926266712,0.0129171049607777,9.93596197513824e-05,0.0533295829634177,-0.50069562812909,0.572943895467129,-1.32785337802796,0.484233971504781,-0.901652135710696,-4
"AUS",1995,18004882,595520098743.082,574506648571.781,33075.4791252218,31908.3817695545,0.00831608257358774,0.00738361290243184,0.015848771362899,0.0144459526849445,-0.00753268878931124,-0.00706233978251269,0.051120469869953,-0.489156965981911,0.539101393439418,-1.26800883766547,0.416171317222399,-0.849137349861227,-3
"AUS",1996,18224767,610735538564.649,590266428622.065,33511.2947432826,32388.1467797127,0.0130903426029985,0.014923789055743,0.0148317097559261,0.0178701593677086,-0.00174136715292761,-0.00294637031196565,0.0714258900030031,-0.517204723919751,0.333725068529585,-1.25373844770296,0.400628033872596,-0.896140169067514,-2
"AUS",1997,18423037,645127011627.57,624837173466.892,35017.4084559223,33916.0787370124,0.0439627837672578,0.0460966852389557,0.0186296603121452,0.0221912097628731,0.0253331234551126,0.0239054754760826,0.0738852339027554,-0.588265976398751,0.0639419944992046,-1.25634798335318,0.276102512621337,-0.95510922640484,-1
"AUS",1998,18607584,675021636679.606,654008653317.69,36276.6943134372,35147.4244758315,0.0353301828587824,0.035662142222705,0.018980453161662,0.0217722047165161,0.0163497296971205,0.0138899375061889,0.0952939341760789,-0.552623308050515,-0.0200361496374861,-1.22280654294569,0.318441343546392,-0.938889253915481,0
"AUS",1999,18812264,708857671677.848,688471058174.845,37680.6147137765,36596.9273116115,0.0379702584865029,0.0404129404565978,0.0203275958208504,0.0202952471772466,0.0176426626656525,0.0201176932793512,0.116284562724009,-0.534800211413108,-0.00694295314308757,-1.18462569857005,0.245039006668728,-0.848001619928575,1
"AUS",2000,19028802,724529283184.536,704298065115.467,38075.4018663149,37012.2125983269,0.010422689688447,0.0112836447596898,0.0261166437776854,0.0293960548351482,-0.0156939540892385,-0.0181124100754584,0.133679217702268,-0.624352740756018,-0.0647511811723489,-1.23006525666274,0.0254818326596979,-0.901571504279746,2
"AUS",2001,19274701,741844365846.537,721770014324.53,38487.9830741103,37446.4960221448,0.0107776113030642,0.0116652130160606,0.00303976255030847,0.00380190788157719,0.00773784875275574,0.00786330513448341,0.147715657608074,-0.5199850606839,-0.0095715382227779,-1.27791504588445,0.204573853060892,-0.90172510447711,3
"AUS",2002,19495210,764822090881.523,743355192017.197,39231.2824987021,38130.1454058303,0.0191283868450132,0.0180920458613567,0.00568943842718639,0.00382292913555382,0.0134389484178268,0.0142691167258029,0.145260351259815,-0.604472356704703,0.079071380715743,-1.30274059718573,0.0599579702103759,-0.93308548167299,4
"AUS",2003,19720737,800956414830.997,778211451906.414,40614.9331452976,39461.5805639725,0.0346613589706664,0.0343223673464461,0.0110416401145379,0.0103800031386658,0.0236197188561285,0.0239423642077803,0.165617507915325,-0.617485342963091,0.00872430345457342,-1.30978184023838,0.0570373956555976,-0.942272800757038,5
"AUT",1993,7905632,303411118114.332,304256986973.23,38379.1097428178,38486.1054717991,-0.011468343817155,-0.0111717835693916,-0.00340563508537883,-0.00388240817350116,-0.00806270873177617,-0.00728937539589047,0.0298991652934717,0.16375165796204,-0.507058877512878,0.523956008827177,-0.657720646700178,0.399412970649268,-5
"AUT",1994,7936118,309406421619.052,309890357174.109,38987.1246394084,39048.1035153597,0.0157181597226526,0.0144970302401681,0.0187885389977023,0.0188164926266712,-0.00307037927504972,-0.00431946238650305,-0.0030769117920636,0.142162357102617,-0.395119004478235,0.495961660319694,-0.706240532388925,0.378372793825616,-4
"AUT",1995,7948278,316327056460.466,315115815334.072,39798.1872879215,39645.7969052004,0.0205899115523369,0.0151906279903766,0.015848771362899,0.0144459526849445,0.00474114018943794,0.000744675305432096,-0.0234555783907884,0.0738653677092035,-0.53578008312725,0.448896804595385,-0.76817318887685,0.317466469335178,-3
"AUT",1996,7959016,320477515158.88,320292157734,40265.9719692585,40242.6829816651,0.0116853785411521,0.0149432605145385,0.0148317097559261,0.0178701593677086,-0.00314633121477392,-0.0029268988531701,-0.0353529158207524,-0.0138565639004137,-0.669992038741901,0.362902794671866,-0.833969665791387,0.208653317746794,-2
"AUT",1997,7968041,327214076690.926,325691957856.418,41065.8123735717,40874.7843863275,0.0196692153586309,0.0155851561877753,0.0186296603121452,0.0221912097628731,0.00103955504648567,-0.0066060535750978,-0.15399350019626,0.0242522377707928,-0.293486918129884,0.375583976562011,-0.660597880081286,0.230154759548776,-1
"AUT",1999,7992323,348633013171.342,343087742820.621,43620.986435526,42927.161830249,0.0315005471862566,0.0215970920586024,0.0203275958208504,0.0202952471772466,0.0111729513654062,0.00130184488135576,-0.346345348277785,0.0814443245350916,-0.0458488677910709,0.488629486639063,-0.690046721143556,0.292040159109568,1
"AUT",2000,8011566,356316585652.549,353195895805.098,44475.2730805124,44085.7500025711,0.0193949988109843,0.0266318325620958,0.0261166437776854,0.0293960548351482,-0.00672164496670113,-0.0027642222730524,-0.499091463073946,0.221923538903341,0.32124184985548,0.582499366309189,-0.557857845922398,0.4281080093175,2
"AUT",2001,8042293,358502684887.029,353573735247.817,44577.1728146474,43964.2941693142,0.00228853407864804,-0.00275879271684332,0.00303976255030847,0.00380190788157719,-0.000751228471660426,-0.00656070059842051,-0.428989338686519,0.183254614578261,-0.0101308841880245,0.569322527834734,-0.547969233532559,0.385986824599539,3
"AUT",2002,8080292,361300721558.684,359189141597.209,44713.8199409977,44452.4952312626,0.00306071707366762,0.0110432877457409,0.00568943842718639,0.00382292913555382,-0.00262872135351877,0.0072203586101871,-0.31742777659715,0.272818347397806,-0.00673177938235381,0.612519085710768,-0.319780085641085,0.455209568373643,4
"AUT",2003,8114402,365105997666.237,364183342156.586,44994.8126388411,44881.1067231555,0.00626458365768023,0.00959582444643736,0.0110416401145379,0.0103800031386658,-0.00477705645685766,-0.000784178692228465,-0.254850563333033,0.244131590914891,-0.00538534043123473,0.606825225992212,-0.36182818729926,0.443305711224214,5
"BEL",1993,10084479,362560805855.214,368588224095.842,35952.3586548412,36550.0512317832,-0.00158748262187736,0.00820441583333675,-0.00340563508537883,-0.00388240817350116,0.00181815246350148,0.0120868240068379,-0.290989002993116,1.51275117021946,2.11728028207146,1.67950898519582,1.24216845721268,1.68158872619339,-5
"BEL",1994,10115601,373225113331.549,382367904823.266,36895.9899991655,37799.8207741949,0.0259081817029667,0.033621773305704,0.0187885389977023,0.0188164926266712,0.00711964270526444,0.0148052806790329,-0.276911245476779,1.47706209282156,1.93594218235403,1.67255974134645,1.13361647257658,1.65255770304863,-4
"BEL",1995,10136814,381194721730.556,389565503128.657,37604.983353799,38430.7636628883,0.0190337045871161,0.0165539147181821,0.015848771362899,0.0144459526849445,0.00318493322421709,0.0021079620332376,-0.23753602916576,1.35061355024571,1.66614941134874,1.57844211966495,0.978528596253882,1.5351442730182,-3
"BEL",1996,10156641,380176492473.258,389018656191.175,37431.3212875456,38301.900814568,-0.00462875609741253,-0.00335875133079,0.0148317097559261,0.0178701593677086,-0.0194604658533386,-0.0212289106984986,-0.19207939800027,1.2850237692792,1.46479535672431,1.50717079509283,0.993435080359056,1.43799297108643,-2
"BEL",1997,10181246,391218976594.446,400738749211.607,38425.4517172501,39360.4819303656,0.0262122236504805,0.0272627916966091,0.0186296603121452,0.0221912097628731,0.00758256333833529,0.00507158193373591,-0.144623928533676,1.24853714561051,1.25619589295313,1.48637771298075,0.99490482985531,1.38894047942091,-1
"BEL",1998,10203012,402277915992.966,412047807612.8,39427.3687018075,40384.9184547465,0.0257401670848267,0.0256940934207641,0.018980453161662,0.0217722047165161,0.00675971392316477,0.00392188870424803,-0.0741764767978209,1.21424251069786,1.30750032506003,1.4037591036091,1.15236430824443,1.30897712250352,0
"BEL",1999,10226419,414379599783.597,424032477576.033,40520.4988944416,41464.4146280368,0.0273477793488972,0.0263791708532377,0.0203275958208504,0.0202952471772466,0.00702018352804679,0.00608392367599109,-0.161455456686956,1.18658888694004,1.24288786345668,1.40200665777283,1.13744235456788,1.27369325135223,1
"BEL",2000,10251251,427559927360.673,438578947473.484,41708.07322547,42782.9683882957,0.0288867209896484,0.0313045079888745,0.0261166437776854,0.0293960548351482,0.00277007721196298,0.00190845315372634,-0.121851843637465,1.14523989504112,1.20474452567175,1.30919601069744,1.17758645218664,1.18756478997882,2
"BEL",2001,10286571,430209348910.006,438256765829.302,41822.4254622854,42604.7480573752,0.00273797738667447,-0.00417438472738141,0.00303976255030847,0.00380190788157719,-0.000301785163633994,-0.0079762926089586,-0.10219545538993,1.08842907767406,1.06585297890731,1.2607778264695,1.06762184578943,1.14114360528255,3
"BEL",2002,10332786,437530091003.839,445091312367.211,42343.86456894,43075.6344288182,0.0123908462154212,0.0109918069645225,0.00568943842718639,0.00382292913555382,0.0067014077882348,0.00716887782896869,-0.160985190009841,1.11430342745444,1.05025740591558,1.26436138657178,1.11177735958705,1.15981148285191,4
"BEL",2003,10376131,443207887729.463,451670599034.738,42714.1761924038,43529.7703001956,0.00870732407709163,0.0104875679592897,0.0110416401145379,0.0103800031386658,-0.00233431603744627,0.000107564820623907,-0.163274756361939,1.09614793019203,0.996381707498157,1.26144581007118,1.12320806212242,1.14608237228459,5
"CAN",1993,28684764,885375847787.585,855282856207.282,30865.7183927881,29816.6251675378,0.0095699184072835,0.0114955246620738,-0.00340563508537883,-0.00388240817350116,0.0129755534926623,0.015377932835575,0.0546093042018339,0.210350104193077,1.30479741139605,-0.470165494983438,1.15245904783616,-0.107694787392191,-5
"CAN",1994,29000663,937080612096.658,903517268136.601,32312.3858270639,31155.0555977497,0.0458044879678283,0.0439104010717735,0.0187885389977023,0.0188164926266712,0.027015948970126,0.0250939084451023,0.0438510530389054,0.20942544889866,1.26171243792673,-0.391380366731882,1.06245849115533,-0.068367870620587,-4
"CAN",1995,29302311,963295312995.076,930111345626.909,32874.380215099,31741.9109239168,0.0172430186835602,0.0186613882807922,0.015848771362899,0.0144459526849445,0.00139424732066118,0.00421543559584769,0.0440100097484384,0.31367637264698,1.25836565325927,-0.317611252371144,1.16666791763809,0.00359898010974491,-3
"CAN",1996,29610218,980575222005.217,947995592748.587,33116.109513453,32015.8261836703,0.00732621868853656,0.00859242995244536,0.0148317097559261,0.0178701593677086,-0.00750549106738951,-0.00927772941526328,0.0511264409296163,0.365727237421592,1.24857683401078,-0.350456910860282,1.25755514601353,0.0121567953896456,-2
"CAN",1997,29905948,1017779468267.95,986207774677.972,34032.676986797,32976.9775122318,0.0273012946778159,0.029579318069322,0.0186296603121452,0.0221912097628731,0.00867163436567076,0.00738810830644887,0.0620521693583542,0.358074571781932,1.06844598581404,-0.423949991248799,1.2601834297826,-0.047255454054825,-1
"CAN",1998,30155173,1045102575297.6,1009939807426.86,34657.48895878,33491.4280686387,0.0181926829354619,0.0154798606902382,0.018980453161662,0.0217722047165161,-0.000787770226200024,-0.00629234402627787,0.0802021194807124,0.335534824214183,0.916039029282425,-0.525856997259432,1.27978146233124,-0.131197390048306,0
"CAN",1999,30401286,1100873200968.53,1063819799935.66,36211.4024047708,34992.5920875734,0.0438602189426529,0.043846856906228,0.0203275958208504,0.0202952471772466,0.0235326231218025,0.0235516097289814,0.107037262626697,0.30750623945303,0.908991131528079,-0.69653683958257,1.20525674080361,-0.12147205949225,1
"CAN",2000,30685730,1176084593888.87,1145226582966.2,38326.7595031591,37321.1451370459,0.0567742809748779,0.0644236753341403,0.0261166437776854,0.0293960548351482,0.0306576371971925,0.0350276204989921,0.0196347668625569,0.147260309182104,0.714096468850123,-0.878363442559797,0.98242918944391,-0.3119657885749,2
"CAN",2001,31020855,1187018336730.86,1153595354861.39,38265.1715025539,37187.7356333792,-0.00160821154579693,-0.00358104013523963,0.00303976255030847,0.00380190788157719,-0.0046479740961054,-0.00738294801681683,0.00134285506824827,0.0300705155553624,0.666470623618346,-0.935602654723584,0.777413666887575,-0.375824049522465,3
"CAN",2002,31359199,1210652065800.77,1180018976419.86,38605.9626650785,37629.1172622063,0.00886661550848622,0.0117991263324342,0.00568943842718639,0.00382292913555382,0.00317717708129983,0.00797619719688036,0.117878962356964,-0.127448324191541,0.632272214422731,-1.06458706167258,0.613724608610217,-0.533323963893332,4
"CAN",2003,31642461,1238410114877.46,1207947966105.18,39137.6042109197,38174.9057415343,0.0136770116065712,0.0144002360086493,0.0110416401145379,0.0103800031386658,0.0026353714920333,0.00402023286998343,0.0607792574473631,-0.148109568560159,0.593025351327341,-1.15149084284345,0.606789163167577,-0.556087464702446,5
"DEU",1993,81156368,3141888199518.32,3144628345318.6,38714.0070082771,38747.7707888382,-0.0229754118007026,-0.0233201298684218,-0.00340563508537883,-0.00388240817350116,-0.0195697767153238,-0.0194377216949206,-0.0856174077686609,0.261757226542256,0.528685533976519,0.494290725555337,-0.093293358525413,0.443723693816497,-5
"DEU",1994,81438346,3199957033409.45,3193404750467.65,39293.0012774259,39212.5443027495,0.0148449457221282,0.0119234772134966,0.0187885389977023,0.0188164926266712,-0.00394359327557403,-0.00689301541317455,-0.105499908916452,0.22641260619334,0.596556695502899,0.432173704327793,-0.100614393150048,0.399291168621426,-4
"DEU",1995,81678046,3252252156978.08,3247854607704.54,39817.9476156675,39764.1075755478,0.0132713372900621,0.0139679823684311,0.015848771362899,0.0144459526849445,-0.00257743407283684,-0.000477970316513421,-0.0957104629091456,0.158426797824432,0.425295524694004,0.381715885849353,-0.153626923424365,0.332866565367785,-3
"DEU",1996,81914834,3254084855442.36,3254471250178.28,39725.2206534699,39729.9376835492,-0.00233148883101819,-0.000859684369858726,0.0148317097559261,0.0178701593677086,-0.0171631985869443,-0.0187298437375674,-0.08742095968632,0.110498146566029,0.335998772536448,0.318957323788914,-0.148780378907631,0.25769018708103,-2
"DEU",1997,82034775,3256101257902.86,3249745241254.49,39691.7192483658,39614.2397081541,-0.000843684159391955,-0.0029163591129393,0.0186296603121452,0.0221912097628731,-0.0194733444715371,-0.0251075688758124,-0.0864750467611585,0.144113009667377,0.400970002526542,0.300149610028655,0.0386262553337802,0.253171821802293,-1
"DEU",1998,82047197,3317128178967.01,3298069917715.56,40429.5125276127,40197.2284039826,0.0184174436130906,0.0146094058598845,0.018980453161662,0.0217722047165161,-0.000563009548571358,-0.00716279885663162,-0.107608962135871,0.204763893813346,0.515035051568217,0.368908904574859,0.0536896416351584,0.320409278060524,0
"DEU",1999,82100243,3387396905166.34,3362777924655.04,41259.2798923426,40959.4150002094,0.0203160281813286,0.0187836503342229,0.0203275958208504,0.0202952471772466,-1.15676395218145e-05,-0.00151159684302371,-0.0719155437787443,0.216977367401354,0.492473859396807,0.387628335080164,0.0984184177804142,0.321071806539095,1
"DEU",2000,82211501,3423570364970.74,3403202495675.09,41643.4479765883,41395.6983424386,0.00926799018514579,0.010595272252969,0.0261166437776854,0.0293960548351482,-0.0168486535925396,-0.0188007825821792,-0.0812008261062904,0.296472192301625,0.612861101710333,0.43403413365247,0.17816172542597,0.382603152225513,2
"DEU",2001,82349926,3460803614738.73,3435663281037.32,42025.582569907,41720.2959118302,0.00913449690757595,0.00781075225177297,0.00303976255030847,0.00380190788157719,0.00609473435726748,0.00400884437019577,-0.0796365380916704,0.273059664569512,0.442266074272457,0.418363239860181,0.18953964707244,0.344935481707267,3
"DEU",2002,82488493,3455574725454.79,3419203035883.56,41891.5972371418,41450.6667721952,-0.0031932781089079,-0.00648375527980427,0.00568943842718639,0.00382292913555382,-0.00888271653609429,-0.0103066844153581,-0.164370017377734,0.299467868926152,0.382035073817742,0.460004781828157,0.190373723242844,0.377704200517499,4
"DEU",2003,82534175,3447045476564.52,3411599891320.34,41765.0685496586,41335.6029950059,-0.00302495402547898,-0.00277978103388499,0.0110416401145379,0.0103800031386658,-0.0140665941400169,-0.0131597841725508,-0.120718783109212,0.239129033011494,0.289374917561076,0.442801711496859,0.0782615787208663,0.346193585551929,5
"DNK",1993,5189377,194075039285.24,189577128171.592,37398.5238083954,36531.7702243626,-0.0102413798136496,-0.00341414244454974,-0.00340563508537883,-0.00388240817350116,-0.00683574472827075,0.000468265728951422,-0.00773692429436956,0.48630146151687,0.534651997638298,0.665836796052337,0.506395848768618,0.598528475504094,-5
"DNK",1994,5204994,203877725268.572,199378545330.494,39169.6369426308,38305.2401848098,0.046270645596012,0.0474044071734294,0.0187885389977023,0.0188164926266712,0.0274821065983097,0.0285879145467582,-0.00987395869256225,0.326656479845771,0.453267964488359,0.420821672301817,0.554539427148606,0.372421659325929,-4
"DNK",1995,5227861,208425118051.505,204661331887.337,39868.1445530982,39148.1969178861,0.0176757440174438,0.0217676593645457,0.015848771362899,0.0144459526849445,0.00182697265454479,0.00732170667960119,-0.00891842120280628,0.201079168713632,0.33664842908321,0.275899087937269,0.466795056611606,0.229184379353901,-3
"DNK",1996,5261503,214245019987.908,210045045314.766,40719.3571851823,39921.1110047388,0.0211259630079468,0.0195509161970744,0.0148317097559261,0.0178701593677086,0.00629425325202071,0.00168075682936575,-0.0315538224311377,0.220317261177131,0.477484231391978,0.304111473373785,0.387093607482087,0.265694522346768,-2
"DNK",1997,5284220,220667867534.745,216669445766.594,41759.7805418292,41003.1084562327,0.0252301024370247,0.0267425980000731,0.0186296603121452,0.0221912097628731,0.00660044212487954,0.00455138823719992,-0.0361585948512577,0.204073399113277,0.575517054794265,0.272848526667695,0.286375996195053,0.264183408004956,-1
"DNK",1998,5301304,224441489302.621,221246863567.495,42337.0343037527,41734.422996209,0.0137285301311003,0.0176783999537324,0.018980453161662,0.0217722047165161,-0.00525192303056166,-0.00409380476278365,-0.0725658256975653,0.229026954447466,0.628613941189824,0.2942380759839,0.298646479196228,0.288341286351612,0
"DNK",1999,5319111,229274199359.254,226858190475.129,43103.8568962471,42649.6439865852,0.0179502617905918,0.0216926467879368,0.0203275958208504,0.0202952471772466,-0.00237733403025864,0.00139739961069019,-0.129263225322112,0.211978365316638,0.700812225524286,0.15484535518014,0.417571254084675,0.222055760923576,1
"DNK",2000,5337344,238066945015.691,232643940290.744,44604.0099749409,43587.9606580996,0.0342112844785447,0.0217620539508836,0.0261166437776854,0.0293960548351482,0.0080946407008593,-0.00763400088426458,-0.0920810964766128,0.328705359459048,0.780323941455405,0.177128182845632,0.642064484236337,0.261338897635023,2
"DNK",2001,5355082,240750148171.904,237201028353.152,44957.3224409829,44294.5651164915,0.00788988482699438,0.0160810053955487,0.00303976255030847,0.00380190788157719,0.00485012227668591,0.0122790975139715,-0.116689694550987,0.239258581111537,0.595825358211949,0.0732678208087119,0.588295094618565,0.138327298698505,3
"DNK",2002,5374255,241766237714.915,238760515391.437,44986.0004251595,44426.7187529131,0.000637690141624958,0.00297907623504479,0.00568943842718639,0.00382292913555382,-0.00505174828556143,-0.000843852900509034,-0.0596989123677399,0.194214738513093,0.341942294340378,0.121418873253957,0.530137668504051,0.097512962374658,4
"DNK",2003,5387174,241451536465.762,239293413373.575,44819.7025872492,44419.0986542433,-0.00370350706937117,-0.000171535338653328,0.0110416401145379,0.0103800031386658,-0.0147451471839091,-0.0105515384773192,-0.0259461417872773,0.161485284679677,0.337521792506411,0.167691810153779,0.380442980543359,0.136053506388718,5
"ESP",1993,39356082,1056510363950.16,1047777731297.57,26844.9070705299,26623.0193162411,-0.0159756207232338,-0.0119750487527135,-0.00340563508537883,-0.00388240817350116,-0.0125699856378549,-0.00809264057921233,0.112342346837688,-0.30598909889981,-1.06681613248922,-0.0178269256887913,-0.5409292473315,-0.143089327050728,-5
"ESP",1994,39547353,1073027119980.06,1050260438754.8,27132.716568415,26557.0350246906,0.0106641310246722,-0.00248154411383972,0.0187885389977023,0.0188164926266712,-0.00812440797303005,-0.0212980367405109,0.118990152343145,-0.349834917803918,-0.989453893720995,-0.0972875313875734,-0.468593983184794,-0.214927603157577,-4
"ESP",1995,39718895,1105347407736.48,1096038893057.28,27829.2587882034,27594.898928011,0.025347688441288,0.03833624892237,0.015848771362899,0.0144459526849445,0.00949891707838901,0.0238902962374254,0.121754482512096,-0.293400368188458,-1.05622749873082,0.0039164781863128,-0.538944013702601,-0.131003774996822,-3
"ESP",1996,39884246,1133888127661.55,1117435799276.58,28429.4738243655,28016.9718960358,0.021338476101489,0.0151795314985712,0.0148317097559261,0.0178701593677086,0.00650676634556291,-0.00269062786913743,0.134103811427884,-0.451007290751163,-1.16326440600491,-0.179958691703806,-0.570459285524395,-0.331544705279495,-2
"ESP",1997,40049974,1180253815997.46,1165843810467.6,29469.5276455726,29109.7270242324,0.035930350575665,0.0382619146342549,0.0186296603121452,0.0221912097628731,0.0173006902635198,0.0160707048713817,0.113678111760084,-0.426223090707751,-0.655545562633624,-0.214340157494187,-0.449442587669903,-0.337191684993945,-1
"ESP",1998,40214066,1240704340603.81,1224672855538.21,30852.4967508586,30453.8430791407,0.0458609107264216,0.0451398153622833,0.018980453161662,0.0217722047165161,0.0268804575647597,0.0233676106457672,0.117136201510095,-0.298742260332381,-0.477483652834893,-0.0704936969662553,-0.327037598921886,-0.212500848213614,0
"ESP",1999,40369667,1299308003197.26,1287335218350.86,32185.2544188005,31888.6756819387,0.0422907313276202,0.0460387567810674,0.0203275958208504,0.0202952471772466,0.0219631355067698,0.0257435096038208,0.0734814132573802,-0.19510188086126,-0.279186765750211,0.000127053284994627,-0.0874042414864507,-0.152359130791677,1
"ESP",2000,40554387,1366606032941.61,1356830828840.45,33698.1060259057,33457.0666507781,0.0459332244065571,0.0480120719060952,0.0261166437776854,0.0293960548351482,0.0198165806288717,0.0186160170709471,0.106037693370058,-0.0960245756777765,-0.0474462153397894,0.0345946687266646,0.0199263349753747,-0.0820162236834199,2
"ESP",2001,40766049,1428012948713.01,1408247739344.67,35029.4665228168,34544.6216616348,0.0387479731744751,0.0319888454617239,0.00303976255030847,0.00380190788157719,0.0357082106241666,0.0281869375801467,0.159285120324524,-0.20469476840352,-0.426179844788974,-0.0541508007535921,-0.0734361380023325,-0.205666010798994,3
"ESP",2002,41423520,1481969108269.22,1465183536570.85,35776.0303390253,35370.8119582993,0.0210885176178373,0.0236350892467367,0.00568943842718639,0.00382292913555382,0.0153990791906509,0.0198121601111829,0.192771794145241,-0.147743759640503,-0.639036407095839,0.0627722314425324,-0.147440455341409,-0.103168668272619,4
"ESP",2003,42196231,1539816856510.76,1527190359438.37,36491.8102877662,36192.5774706839,0.0198097341752277,0.022967096478018,0.0110416401145379,0.0103800031386658,0.00876809406068979,0.0125870933393522,0.207571078783022,-0.175423583845493,-0.646357349533421,0.0601779760955517,-0.182313691639921,-0.114099130728227,5
"FIN",1993,5066452,130710133262.09,124617879150.297,25799.1456865851,24596.676165154,-0.0168382572010586,-0.0223279004862107,-0.00340563508537883,-0.00388240817350116,-0.0134326221156797,-0.0184454923127095,0.154710712719328,-0.0360376005021792,-2.24535593503582,0.0322014700405764,0.558946428485919,-0.121525594841411,-5
"FIN",1994,5088324,136908810920.067,131499629075.989,26906.4648634929,25843.407195766,0.0420252087748949,0.0494442090714724,0.0187885389977023,0.0188164926266712,0.0232366697771926,0.0306277164448012,0.155154940322761,-0.149312290903393,-2.19207340329094,-0.124881054374808,0.481868220546402,-0.275645762173266,-4
"FIN",1995,5107787,147534416605.912,143217205987.332,28884.2147501279,28038.9934011211,0.0709286562466254,0.0815406352026198,0.015848771362899,0.0144459526849445,0.0550798848837264,0.0670946825176753,0.126675955819158,-0.316380912889763,-2.02849279153523,-0.295158101523037,0.300687008621284,-0.452170612716652,-3
"FIN",1996,5124573,151858169571.633,148428676994.645,29633.3313178743,28964.1062766879,0.0256045423607176,0.0324611859422923,0.0148317097559261,0.0178701593677086,0.0107728326047916,0.0145910265745837,0.10550410309175,-0.225015255728089,-1.50690201372996,-0.168772360327733,0.327753193869055,-0.336917456063069,-2
"FIN",1997,5139839,162999398610.704,160560970931.151,31712.9385980191,31238.5214655851,0.0678249694372646,0.075594646816981,0.0186296603121452,0.0221912097628731,0.0491953091251194,0.0534034370541079,0.0687986457114893,-0.259736595050678,-1.04667292259521,-0.24566126665151,0.30854844912485,-0.402180768510022,-1
"FIN",1998,5153499,174779309792.133,171410884901.303,33914.6878251327,33261.0688197094,0.0671234344546008,0.0627356129322187,0.018980453161662,0.0217722047165161,0.0481429812929388,0.0409634082157027,-0.0149628084679035,-0.264848996431314,-0.917831567829116,-0.330966767103827,0.424864683857577,-0.49506146657974,0
"FRA",1993,58961049,1929285603660.48,1940202323073.57,32721.3581912439,32906.5095682672,-0.0132048934607152,-0.0121464478627367,-0.00340563508537883,-0.00388240817350116,-0.00979925837533635,-0.0082640396892355,0.0383189732778322,0.510773171984752,0.190527019705645,0.597124861011133,0.919103902314738,0.506988430492358,-5
"FRA",1994,59175335,1961619671412.89,1969644522032.97,33149.278688712,33284.8900987713,0.0129929369965325,0.011433045805088,0.0187885389977023,0.0188164926266712,-0.0057956020011698,-0.00738344682158321,0.0340371223501248,0.502227515925754,0.0680449254859044,0.609348114593234,0.837273915607698,0.511326563771051,-4
"FRA",1995,59383991,1994098670215.92,2002331662732.6,33579.734818024,33718.3747507404,0.0129017972149637,0.0129393903727486,0.015848771362899,0.0144459526849445,-0.00294697414793532,-0.00150656231219592,0.0384392172714225,0.444614343971034,-0.133800234721293,0.551968053555836,0.803326981536739,0.437097125789662,-3
"FRA",1996,59589289,2008762805768.89,2027453553881.88,33710.1321307743,34023.7916562803,0.00387569427278933,0.0090171009030886,0.0148317097559261,0.0178701593677086,-0.0109560154831367,-0.00885305846462003,0.0348459588402957,0.405632102993295,-0.15045702900735,0.417388915177894,0.958404496846047,0.293727804758756,-2
"FRA",1997,59795263,2052826479911.61,2079320623456.47,34330.9214964337,34774.0024733476,0.0182480005476755,0.0218100177333955,0.0186296603121452,0.0221912097628731,-0.000381659764469688,-0.000381192029477617,0.0176889366028566,0.508263696852646,-0.0631429475956327,0.491386930085647,1.09194481731725,0.356727898657844,-1
"FRA",1999,60315406,2194568255303.77,2240153018178.08,36384.8708123389,37140.6439372734,0.0252108784400953,0.0321410666271031,0.0203275958208504,0.0202952471772466,0.00488328261924487,0.0118458194498565,0.102186423002002,0.18981104121699,-0.0875964253152803,0.450480105958499,0.227949397421778,0.253333467062718,1
"FRA",2000,60724780,2279637093073.69,2318080744883.49,37540.4751252074,38173.5552583886,0.0312666363655012,0.0274311112789949,0.0261166437776854,0.0293960548351482,0.00514999258781579,-0.00196494355615329,0.115407682101194,0.276444195383309,-0.0224280146529363,0.463059008036853,0.451347921703281,0.268467018455081,2
"FRA",2001,61163237,2329054828818.18,2373588251343.16,38079.3258018404,38807.4334807223,0.0142518173993018,0.0164688076742525,0.00303976255030847,0.00380190788157719,0.0112120548489933,0.0126668997926753,0.103950825383964,0.282512760370549,-0.0855154416913251,0.469333325761297,0.393160541385035,0.28948555878687,3
"FRA",2002,61604550,2357176611014.23,2384239338775.71,38263.0278285326,38702.3253765462,0.00481259412416613,-0.0027121273541244,0.00568943842718639,0.00382292913555382,-0.000876844303020263,-0.00653505648967823,0.0768984743418811,0.29943886530388,-0.0583488101443776,0.483059833906637,0.328025109525117,0.33449173369645,4
"FRA",2003,62037544,2373064275333.61,2407115862647.14,38252.0667699806,38800.953542699,-0.000286507092086552,0.00254513669017875,0.0110416401145379,0.0103800031386658,-0.0113281472066245,-0.00783486644848708,0.0459032421334683,0.241778306353429,0.0854954241679218,0.428248786435741,0.24178334715951,0.300831052901671,5
"GBR",1993,57713889,1609328023905.05,1672973186874.77,27884.5881258331,28987.358430737,0.0237934060751499,0.0230444014427107,-0.00340563508537883,-0.00388240817350116,0.0271990411605287,0.0269268096162119,-0.0817573622932883,1.33029069592481,2.03101614099827,1.49259928792236,0.984323499671004,1.51090591999571,-5
"GBR",1994,57862145,1657960034445.26,1752033578881.31,28653.6220605935,30279.4439936733,0.0272057203469931,0.0436092474707248,0.0187885389977023,0.0188164926266712,0.00841718134929081,0.0247927548440536,-0.0847461399185705,1.22570970998542,1.87197707131724,1.38570204032069,0.895873087542892,1.3990396540161,-4
"GBR",1995,58024799,1853531602965.22,1800405785750.55,31943.7832600716,31028.2123640023,0.108697725118018,0.0244278006383318,0.015848771362899,0.0144459526849445,0.0928489537551194,0.0099818479533873,-0.0849216764048011,1.21660679786998,1.7891590747156,1.39944341991874,0.849246330183443,1.40036872192544,-3
"GBR",1996,58164374,1925830395773.54,1864861499514.64,33110.1370707357,32061.9198878448,0.0358619066683179,0.0327721627257027,0.0148317097559261,0.0178701593677086,0.0210301969123918,0.0149020033579941,-0.070885501689682,1.20088160064339,1.67318168843454,1.39620592076896,0.781446406666057,1.37468504009095,-2
"GBR",1997,58314249,1977242728075.52,1944581451144.29,33906.6825344097,33346.5916905539,0.0237726284589712,0.0392865393540802,0.0186296603121452,0.0221912097628731,0.00514296814682602,0.0170953295912071,-0.0546906354888336,1.13779643141137,1.41347074325811,1.38798919866916,0.575424881416453,1.32825805647658,-1
"GBR",1998,58474943,2030835596225.26,2039817218396.84,34730.0141228913,34883.611915566,0.0239921535353957,0.0450615773499976,0.018980453161662,0.0217722047165161,0.00501170037373377,0.0232893726334815,-0.0387624219150985,1.006256013008,1.1330389297067,1.26526174810046,0.637594019291956,1.16436030287382,0
"GBR",1999,58684427,2081828958838.74,2074762418765.96,35474.9814433519,35354.5655096192,0.0212234265510336,0.0134103893143003,0.0203275958208504,0.0202952471772466,0.000895830730183178,-0.00688485786294635,-0.0287645521980635,1.02036925851939,1.05094965192888,1.21657238660112,1.0479304057063,1.08689092929884,1
"GBR",2000,58886065,2173300238402.65,2179276642418.61,36906.868176752,37008.3591494628,0.0395699632227053,0.04571627446688,0.0261166437776854,0.0293960548351482,0.0134533194450199,0.0163202196317318,-0.0252022016080864,1.03612857391781,0.851852373386798,1.25809701683616,1.07339476822491,1.07687316365596,2
"GBR",2001,59113016,2226957294611.49,2238934616377.28,37672.8755408367,37875.4928758377,0.0205426906495738,0.0231604668823717,0.00303976255030847,0.00380190788157719,0.0175029280992653,0.0193585590007945,-0.0300034682474035,0.997805112515017,0.793738681620519,1.22012475635889,0.947511006508273,1.05972464346593,3
"GBR",2002,59365677,2278723300372.54,2305025079802.46,38384.5247881623,38827.571692688,0.0187140242315689,0.0248263279330256,0.00568943842718639,0.00382292913555382,0.0130245858043825,0.0210033987974718,-0.0523153778303802,0.954088553032507,0.820101924936597,1.11212581818602,0.962579638422068,0.995943903608195,4
"GBR",2003,59636662,2376757921971.52,2403865156113.3,39853.9730807119,40308.5128425414,0.0375677231036189,0.0374320785315891,0.0110416401145379,0.0103800031386658,0.026526082989081,0.0270520753929233,-0.051492882372081,0.919702662087115,0.76603631149368,1.1289476612858,0.857470706022591,0.998529726270502,5
"ITA",1993,56831823,1932498998071.84,1905239600444.26,34003.8185660848,33524.1683245715,-0.0162815073895537,-0.0141965936918513,-0.00340563508537883,-0.00388240817350116,-0.0128758723041749,-0.0103141855183502,-0.0516984195992222,-0.120783749029243,-0.136221023012596,0.0540488987431746,-0.0581051643670367,-0.0186527025996834,-5
"ITA",1994,56843400,1964403629750.13,1933965972830.73,34558.165587388,34022.700486437,0.0161710343814967,0.0147613419542783,0.0187885389977023,0.0188164926266712,-0.00261750461620558,-0.00405515067239293,-0.0189700943712402,-0.0987063562352584,-0.145622551205105,0.086747741835137,-0.108474776583352,0.0122118549934442,-4
"ITA",1995,56844301,2015155545280.05,1990756300428.07,35450.4411142297,35021.2117205571,0.0254918327209381,0.0289259638792991,0.015848771362899,0.0144459526849445,0.00964306135803916,0.0144800111943546,-0.0440758353319836,-0.078893523579989,-0.162303080827946,0.125754242311069,-0.126672788895215,0.0414563978415746,-3
"ITA",1996,56860279,2049454203536.47,2029658276609.9,36043.6888383272,35695.5384726462,0.0165960853275475,0.0190717811462786,0.0148317097559261,0.0178701593677086,0.00176437557162146,0.00120162177856997,-0.0594359490255504,-0.0989527113799915,-0.326468946214773,0.152614890238679,-0.295873266964963,0.0364445589096075,-2
"ITA",1997,56890371,2099178093736.07,2089592841523.93,36898.6536181328,36730.167246122,0.0234432815603682,0.0285727049932909,0.0186296603121452,0.0221912097628731,0.00481362124822304,0.00638149523041776,-0.075296668936108,-0.0623407887104463,-0.186862580797269,0.169971127702058,-0.212262643263395,0.0567182327254258,-1
"ITA",1999,56916316,2177731064503.72,2173496735332.49,38261.9821090269,38187.5864090094,0.0146396522546492,0.018193838924466,0.0203275958208504,0.0202952471772466,-0.00568794356620117,-0.0021014082527806,-0.0249832130589932,-0.0657432336585421,0.19145070015957,0.110394020176038,-0.181743589779139,0.0377505830894087,1
"ITA",2000,56942108,2245027258596.27,2236478710470.83,39426.4866098086,39276.3596049312,0.0299810704557544,0.0281123014235476,0.0261166437776854,0.0293960548351482,0.00386442667806897,-0.00128375341160059,-0.0388989331617589,-0.0444986049891718,0.470429934153496,0.054118721152281,-0.29506120598251,0.0737650070053522,2
"ITA",2001,56976976,2296284406872.49,2289279862863.33,40301.9705165204,40179.0341218413,0.0219625245231594,0.0227225192092053,0.00303976255030847,0.00380190788157719,0.0189227619728509,0.0189206113276281,-0.080627830166765,-0.180423733178999,0.258974337412231,-0.0711715620322535,-0.426511191242408,-0.065490043404897,3
"ITA",2002,57089823,2321351065585.53,2311036421847.74,40661.3813741467,40480.7074256955,0.00887841746046902,0.0074801804393303,0.00568943842718639,0.00382292913555382,0.00318897903328264,0.00365725130377648,-0.117583635322457,-0.218492021716123,0.325991756263122,-0.116798992443485,-0.537589084715766,-0.0874398368563454,4
"ITA",2003,57399187,2334088523997.97,2322873144792.94,40664.1390930846,40468.7464439686,6.78192755003693e-05,-0.000295517294860659,0.0110416401145379,0.0103800031386658,-0.0109738208390375,-0.0106755204335265,-0.125120465807254,-0.289818628042513,0.225238108286812,-0.14683900562209,-0.682409312036827,-0.128689722261056,5
"JPN",1993,124938000,5129499167702.7,5190378716283.71,41056.3572948398,41543.6353734149,-0.0147967672063576,-0.00908466863411306,-0.00340563508537883,-0.00388240817350116,-0.0113911321209788,-0.0052022604606119,0.122850574042278,0.0196214493091686,-0.309997259351587,0.31051762189428,-0.367565590308358,0.206257114850199,-5
"JPN",1994,125265000,5159130591790.17,5201141388843.6,41185.730984634,41521.1063652545,0.00314617002599427,-0.000542444561705935,0.0187885389977023,0.0188164926266712,-0.015642368971708,-0.0193589371883771,0.125521196034343,-0.0599911063047885,-0.417651478589478,0.239538791023616,-0.531521411758542,0.134307543323507,-4
"JPN",1995,125570246,5250599171455.65,5294467729214.02,41814.0390634868,42163.3937805141,0.0151402848611486,0.0153505135689969,0.015848771362899,0.0144459526849445,-0.000708486501750372,0.00090456088405233,0.121323109198318,-0.16187471762605,-0.460437010815696,0.180414685608322,-0.874781914499486,0.0684596442821174,-3
"JPN",1996,125864000,5399134571563.34,5462963078851,42896.5754430444,43403.6982683769,0.0255598503409242,0.0289922523993411,0.0148317097559261,0.0178701593677086,0.0107281405849982,0.0111220930316325,0.12109924382265,-0.177559564168969,-0.528441255113355,0.152504164045312,-0.77132336609869,0.0201428253273037,-2
"JPN",1997,126166000,5385474018409.26,5454810155353.7,42685.6206775935,43235.1834515931,-0.00492988500559299,-0.00389005550263377,0.0186296603121452,0.0221912097628731,-0.0235595453177382,-0.0260812652655069,0.109466082991599,-0.198523889827838,-0.722038818601055,0.162542249328828,-0.820065651784246,-0.000336645549138814,-1
"JPN",1998,126486000,5246415601633.68,5310395714443.79,41478.2315958579,41984.0592195484,-0.0286933614809648,-0.0293645916831107,0.018980453161662,0.0217722047165161,-0.0476738146426268,-0.0511367963996268,0.12350585011028,-0.170529175803807,-0.655036273179346,0.232802938051116,-0.90649891914302,0.0388114100553136,0
"JPN",1999,126686000,5175591182352.74,5238419368963.66,40853.6948230486,41349.6311270674,-0.015171483998218,-0.0152265031653762,0.0203275958208504,0.0202952471772466,-0.0354990798190684,-0.0355217503426228,0.182775656005083,-0.42058527510004,-0.820360967438339,0.0358460538100595,-1.24496461300427,-0.204355684868148,1
"JPN",2000,126925843,5302122887564.48,5377701791636.61,41773.3911569488,42368.8483332477,0.0222622958776544,0.024349882403536,0.0261166437776854,0.0293960548351482,-0.00385434790003103,-0.00504617243161221,0.204461715164812,-0.639963956737663,-1.09497676646223,-0.180775506867784,-1.41835137010668,-0.433947801480727,2
"JPN",2001,127291000,5300323155999.02,5381537417335.6,41639.4179949802,42277.4384468313,-0.00321229505479437,-0.00215980937682048,0.00303976255030847,0.00380190788157719,-0.00625205760510283,-0.00596171725839767,0.206262992798702,-0.634275359675523,-1.12678182370238,-0.210991506130363,-1.33864049252086,-0.435214523000302,3
"JPN",2002,127435000,5278392584269.2,5354283181996.08,41420.273741666,42015.7977164521,-0.00527680171287237,-0.00620789004063838,0.00568943842718639,0.00382292913555382,-0.0109662401400588,-0.0100308191761922,0.211591978489594,-0.620246802618855,-1.03743958746513,-0.242407155739278,-1.3523320689588,-0.417354272979885,4
"JPN",2003,127619000,5270550766470.29,5354702749826.06,41299.1072369341,41958.5073525577,-0.00292958167619695,-0.00136447387652439,0.0110416401145379,0.0103800031386658,-0.0139712217907348,-0.0117444770151902,0.227361675391202,-0.689462445483897,-1.03092833985696,-0.290859898608691,-1.44475621866788,-0.468749281076781,5
"MEX",1993,89364560,1181030129334.94,1155665888238.6,13215.8668865481,12932.0380275872,-0.00123650806038889,-0.0036726577696502,-0.00340563508537883,-0.00388240817350116,0.00216912702498995,0.000209750403850961,0.159570198696838,-1.8964611531286,-2.2717331041459,-1.75071718588017,-1.63686354198165,-1.84875815087939,-5
"MEX",1994,90953505,1248233154569.35,1219897019981.27,13723.8598399188,13412.314566451,0.03771776758804,0.036465481994167,0.0187885389977023,0.0188164926266712,0.0189292285903377,0.0176489893674958,0.152746038731588,-1.92876341674329,-2.36650782947208,-1.85759928570117,-1.50714807675843,-1.95346161799008,-4
"MEX",1995,92506744,1196026434553.73,1149582985262.39,12929.0728744461,12427.0181346172,-0.0596574254050068,-0.0763002983191097,0.015848771362899,0.0144459526849445,-0.0755061967679058,-0.0907462510040542,0.14347909386775,-1.34361176214181,-1.97182750233275,-1.25803702286028,-0.929498764691437,-1.37466595588427,-3
"MEX",1996,94005638,1223652048016.21,1181615223341.96,13016.7942481941,12569.6208065942,0.00676190220013062,0.0114098714928641,0.0148317097559261,0.0178701593677086,-0.00806980755579545,-0.00646028787484454,0.155060132486334,-1.50227120833845,-2.28042070097186,-1.36934297844494,-1.16299487736437,-1.51681941525351,-2
"MEX",1997,95438019,1274978020366.65,1244288693508.58,13359.2255342878,13037.6626269724,0.0259668084704998,0.0365594384268331,0.0186296603121452,0.0221912097628731,0.00733714815835462,0.0143682286639599,0.171978606011803,-1.73145169595205,-2.55948575188089,-1.52668292781352,-1.5580198000601,-1.69969624584086,-1
"MEX",1998,96799183,1332653082198.01,1300195663589.47,13767.1934916849,13431.8867504229,0.0300812812899949,0.0297891943791022,0.018980453161662,0.0217722047165161,0.0111008281283329,0.00801698966258613,0.170207118277352,-1.93936100191927,-2.80381949438937,-1.69338794420223,-1.7895677992788,-1.9047756235585,0
"MEX",1999,98085415,1365471767303.48,1339907130982.64,13921.2518732115,13660.6154032447,0.0111281055550769,0.0168854161966632,0.0203275958208504,0.0202952471772466,-0.00919949026577349,-0.00340983098058345,0.232307260840472,-2.12951140101401,-3.2622197574203,-1.77618680804492,-2.06772675579548,-2.07284358156062,1
"MEX",2000,99368858,1490562437352.49,1465206475970.25,15000.2975514973,14745.1274520056,0.0746534533890788,0.0763957813640079,0.0261166437776854,0.0293960548351482,0.0485368096113934,0.0469997265288598,0.270855372920889,-2.20634753187444,-3.71379623078882,-1.75646682579414,-2.46884076541442,-2.08543511212147,2
"MEX",2001,100739263,1482469001737.37,1461346655558.88,14715.9008075866,14506.2273838442,-0.0191414408988297,-0.016334653997383,0.00303976255030847,0.00380190788157719,-0.0221812034491382,-0.0201365618789602,0.223760358769923,-2.085700200473,-2.78476971955528,-1.95635683143063,-1.766246930408,-2.17109363700843,3
"MEX",2002,102167274,1521627223141.72,1504758982630.15,14893.4895056681,14728.3853597792,0.0119955747612863,0.0151985767246128,0.00568943842718639,0.00382292913555382,0.00630613633409993,0.011375647589059,0.226363152877974,-2.14158859926555,-2.81284052984893,-2.10416445691728,-1.74731210639588,-2.27079496315129,4
"MEX",2003,103587899,1601584924773.01,1583734312758.07,15461.1198820917,15288.7965490841,0.0374043063941407,0.0373436997761853,0.0110416401145379,0.0103800031386658,0.0263626662796028,0.0269636966375195,0.215896342667723,-2.09944270252175,-2.62752813221982,-2.11044767664616,-1.62882101186995,-2.26217342981636,5
"NLD",1993,15290368,570835895333.912,558652892463.716,37333.0383764414,36536.2620745109,-0.00413773675777485,0.00305426774001205,-0.00340563508537883,-0.00388240817350116,-0.000732101672396013,0.00693667591351321,-0.234377838462248,1.04133060914699,1.63472068534675,1.0231622977875,1.40489457511701,1.05414490468487,-5
"NLD",1994,15382834,583515018925.706,574901617832.005,37932.8684770119,37372.9325709427,0.0159392964239711,0.0226414654474834,0.0187885389977023,0.0188164926266712,-0.0028492425737312,0.00382497282081218,-0.195913821399634,0.786119384907854,1.58002578423358,0.555962859467018,1.38083678752957,0.679844077355722,-4
"NLD",1995,15459004,602532346518.012,598413615686.624,38976.1427397271,38709.7134903791,0.0271317559387043,0.0351438487720497,0.015848771362899,0.0144459526849445,0.0112829845758053,0.0206978960871051,-0.199744293010423,0.941777551861274,1.57723704836443,0.881168756516312,1.28659220050402,0.939880744370299,-3
"NLD",1996,15530500,618352794036.631,617722443085.282,39815.3822501936,39774.7943134659,0.021303591993787,0.0271428398335338,0.0148317097559261,0.0178701593677086,0.00647188223786088,0.00927268046582519,-0.176722668044665,0.920969867381239,1.49612316181883,0.82910056065256,1.31161570925877,0.885661644334893,-2
"NLD",1997,15610650,648301639767.432,645500856023.698,41529.4455879436,41350.030653669,0.0421493815560581,0.0388397598326922,0.0186296603121452,0.0221912097628731,0.0235197212439129,0.016648550069819,-0.145791760920206,0.946201128161125,1.40578493090461,0.901272216145237,1.2328360684999,0.937574772789046,-1
"NLD",1998,15707205,679154522418.989,666355409865.974,43238.4069870476,42423.550839629,0.0403264430274781,0.0256304895751498,0.018980453161662,0.0217722047165161,0.0213459898658162,0.00385828485863371,-0.156982988073151,0.99676565625723,1.38821306057574,1.02937124193566,1.15230497071167,1.02947656934295,0
"NLD",1999,15812085,707419054487.852,702936891217.14,44739.1381015123,44455.6736962355,0.0341195403653387,0.0467889436576829,0.0203275958208504,0.0202952471772466,0.0137919445444883,0.0264936964804363,-0.172437875284391,0.93770898967975,1.38116668589916,0.91209427363057,1.12856701192566,0.95298089513366,1
"NLD",2000,15925505,743822072972.744,737928292496.216,46706.3413670552,46336.2569975782,0.0430312536306552,0.0414321471146124,0.0261166437776854,0.0293960548351482,0.0169146098529698,0.0120360922794642,-0.170208171871372,0.962089394443091,1.34719464855956,0.934305258484214,1.14025647142709,0.952842222333806,2
"NLD",2001,16046182,762706821478.456,743595759782.078,47531.9812201093,46340.9775473117,0.0175228284270208,0.000101870750908617,0.00303976255030847,0.00380190788157719,0.0144830658767123,-0.00370003713066858,-0.203853834288239,0.934637471857068,1.22032913410993,0.940935102938692,1.06952120461287,0.932245354562744,3
"NLD",2002,16148921,768950095670.723,746925965318.942,47616.1903120786,46252.3759524826,0.00177006268433111,-0.00191377930537229,0.00568943842718639,0.00382292913555382,-0.00391937574285528,-0.00573670844092611,-0.289764892490661,0.940591167677717,1.16826744442289,0.964994444861065,1.07316087143987,0.937322337422124,4
"NLD",2003,16225303,771165635031.306,761701688276.953,47528.5814404394,46945.2982343044,-0.00184159139352857,0.0148702219507317,0.0110416401145379,0.0103800031386658,-0.0128832315080665,0.0044902188120659,-0.355093401777539,1.5827946014591,1.27664962890562,1.04282527312048,2.45370192052569,1.02612528766591,5
"NZL",1993,3572200,90974072314.4913,84422367778.7254,25467.2393243635,23633.1582158685,0.0524383812940563,0.0445823108440333,-0.00340563508537883,-0.00388240817350116,0.0558440163794351,0.0484647190175345,0.143296629923109,-0.468333710599336,-0.841730100155704,-1.78219495101637,0.982783588231111,-1.68397351360346,-5
"NZL",1994,3620000,95782894623.4298,89285717364.7099,26459.3631556436,24664.5628079309,0.0382171963949904,0.0427167742514296,0.0187885389977023,0.0188164926266712,0.0194286573972882,0.0239002816247584,0.130780492652047,-0.454594504188438,-0.698017566618033,-1.42964128379495,0.852491785543367,-1.37167941283568,-4
"NZL",1995,3673400,98059237778.1456,91898104141.0702,26694.4078450878,25017.1786739996,0.00884400926022977,0.0141952265226486,0.015848771362899,0.0144459526849445,-0.0070047621026692,-0.000250726162295933,0.129035237364068,-0.630870631337353,-0.746289216553901,-1.73703981609673,0.652128897494668,-1.6079420286513,-3
"NZL",1996,3732000,100715213968.386,93214587596.7497,26986.927644262,24977.1135039522,0.0108984879712182,-0.00160279011379316,0.0148317097559261,0.0178701593677086,-0.0039332217847079,-0.0194729494815018,0.054599565641933,-0.392933994219301,0.216931062678649,-1.39487440273323,0.727650351881955,-1.02668624578014,-2
"NZL",1997,3781300,103189571514.476,97005051303.4323,27289.4431847449,25653.8892189015,0.0111473434382798,0.0267352408535277,0.0186296603121452,0.0221912097628731,-0.00748231687386536,0.0045440310906546,0.0476481000334897,-0.686206499774011,-0.201890962392271,-1.51956681609777,0.323241744450089,-1.21941817262593,-1
"NZL",1998,3815000,103855666041.229,99099457879.001,27222.9793030744,25976.2668096988,-0.00243848691990856,0.0124881195500315,0.018980453161662,0.0217722047165161,-0.0214189400815705,-0.0092840851664846,0.0255531342445174,-0.751576682446483,-0.240792346146153,-1.70275442154672,0.255296920772217,-1.29815406164663,0
"NZL",1999,3835100,110206455870.418,103612158200.068,28736.2665563917,27016.8074365904,0.0540985241653313,0.0392758638439599,0.0203275958208504,0.0202952471772466,0.0337709283444809,0.0189806166667132,0.0914788721720033,-0.604624954625213,-0.637109689891424,-1.52034739610782,0.497385653267037,-1.32140433916469,1
"NZL",2000,3857700,113666796437.08,107208854854.543,29464.9134036031,27790.8740582583,0.0250402112071111,0.0282485255335736,0.0261166437776854,0.0293960548351482,-0.00107643257057433,-0.00114752930157458,-0.0139795521407697,-0.653437170024613,-0.256645849722616,-1.10923995165731,-0.00910286792250958,-0.926183308875352,2
"NZL",2001,3880500,118959882099.12,112941890196.45,30655.8129362504,29104.9839444529,0.0396221204149363,0.0462017335632101,0.00303976255030847,0.00380190788157719,0.0365823578646278,0.0423998256816329,-0.137575152215944,-0.453549344114843,0.315252034645175,-0.811334275667974,-0.204256296459939,-0.504742249819698,3
"NZL",2002,3948500,121681244240.236,115550981618.531,30817.0809776463,29264.5261791899,0.00524681371222435,0.00546664283166365,0.00568943842718639,0.00382292913555382,-0.000442624714962037,0.00164371369610983,-0.112923799009954,-0.410799884234543,0.375641053998806,-0.818287173715361,-0.0282372890363591,-0.533241449596682,4
"NZL",2003,4027200,127829430969.402,121755640965.18,31741.5154373763,30233.3236405394,0.0295563458527237,0.0325686759403698,0.0110416401145379,0.0103800031386658,0.0185147057381858,0.022188672801704,-0.085241428685018,-0.603996190689667,0.242273299667714,-1.04475557953611,-0.257607167951921,-0.692291683107534,5
"PRT",1997,10108977,257450374320.311,257101867322.504,25467.5002545076,25433.0252529513,0.0536196967811762,0.0464101669474033,0.0186296603121452,0.0221912097628731,0.034990036469031,0.0242189571845302,0.0452673029332762,0.0852601016803062,-0.582089974260589,0.494910997920737,-0.875667247562394,0.319137436815341,-1
"PRT",1998,10160196,273122772759.108,272325987324.285,26881.6440902427,26803.2218398429,0.0540405383805229,0.052473561899113,0.018980453161662,0.0217722047165161,0.035060085218861,0.0307013571825969,0.102594954210013,0.157523484374912,-0.709175851524591,0.558115223540244,-0.342465877343279,0.336456436060119,0
"PRT",1999,10217828,286649917187.396,285715217422.593,28053.8992423239,27962.421898528,0.0426839548731479,0.0423394355375262,0.0203275958208504,0.0202952471772466,0.0223563590522975,0.0220441883602795,0.113563338706738,0.0380275270742007,-0.779342788266316,0.483625596996668,-0.39459445953575,0.203377734273721,1
"PRT",2000,10289898,299230198218.686,294380189705.174,29079.9965382248,28608.6596490241,0.0359229008929667,0.0228479231932806,0.0261166437776854,0.0293960548351482,0.00980625711528127,-0.00654813164186763,0.125918773125529,0.137367581314985,-0.788507950731866,0.54725410685352,-0.108337110367236,0.254541531541431,2
"PRT",2001,10362722,303135019417.072,297936373066.09,29252.4511819454,28750.7831500343,0.00591283763675321,0.00495554994693848,0.00303976255030847,0.00380190788157719,0.00287307508644474,0.00115364206536128,0.094001503440158,0.148533841363188,-0.842898474364846,0.519337992282472,-0.0701012018364977,0.256800603235476,3
"PRT",2002,10419631,307209944582.317,302558550134.734,29483.7643081907,29037.3574778928,0.00787637814766207,0.00991818300233227,0.00568943842718639,0.00382292913555382,0.00218693972047568,0.00609525386677845,0.0410945304092075,0.201904140601539,-0.701870833235609,0.561509909031859,-0.205148757004309,0.351323071063194,4
"PRT",2003,10458821,304965088224.619,301907035031.165,29158.6487831295,28866.258924516,-0.0110881813668549,-0.00590978809212928,0.0110416401145379,0.0103800031386658,-0.0221298214813928,-0.0162897912307951,-0.0332541603049048,0.246318325392306,-0.814747825261735,0.621336920529732,-0.0585430423267084,0.388768427914712,5
"SWE",1993,8718558,240468437593.702,229097787116.837,27581.2167096557,26277.0273612721,-0.0509972576699536,-0.0568169173984572,-0.00340563508537883,-0.00388240817350116,-0.0475916225845747,-0.052934509224956,0.00959373208079151,0.174875845747647,0.774169030087348,-0.0801761106165979,0.929737067896162,-0.00128418278487996,-5
"SWE",1994,8780741,250967812799.878,243037327649.152,28581.6211638491,27678.4530655388,0.0356289075674674,0.0519591697154969,0.0187885389977023,0.0188164926266712,0.0168403685697651,0.0331426770888257,-0.00958494052392556,0.238566384651433,0.790247026285522,-0.0649072356643718,1.01573241493244,0.0190880266752422,-4
"SWE",1995,8826944,264430453302.22,257282041057.651,29957.1916738364,29147.351683397,0.047005523791686,0.0517098145006525,0.015848771362899,0.0144459526849445,0.031156752428787,0.037263861815708,-0.0189382579237067,0.2955713705415,0.979899956387473,0.0555444131974543,0.899856128113123,0.167387990614502,-3
"SWE",1996,8840999,270327279422.98,262959539877.747,30576.5535572372,29743.193034831,0.0204640732369992,0.0202362429319258,0.0148317097559261,0.0178701593677086,0.0056323634810731,0.00236608356421719,-0.00310035796829522,0.224486365239676,0.912634900199906,0.00836963764820342,0.752828911239805,0.125336907081472,-2
"SWE",1997,8846059,280938202814.113,273510015657.986,31758.5721295904,30918.8550130613,0.0379291855926844,0.0387658921483727,0.0186296603121452,0.0221912097628731,0.0192995252805392,0.0165746823854995,-0.0206105394062573,0.275473009498201,0.965263427504787,-0.20067198583701,0.98683342383699,0.0390199878201725,-1
"SWE",1998,8850975,296196800213.187,289783707550.063,33464.8781872265,32740.3147732383,0.0523337993088315,0.0572409938209084,0.018980453161662,0.0217722047165161,0.0333533461471696,0.0354687891043923,-0.0588222625942464,0.237590608715906,0.982935418258907,-0.179186107183387,0.805681790295023,0.087312084621431,0
"SWE",1999,8857879,310304863688.795,309848276909.191,35031.5085235185,34979.9626873647,0.0457514235015424,0.066168216676024,0.0203275958208504,0.0202952471772466,0.025423827680692,0.0458729694987774,-0.052775406259828,0.378568581166084,1.05100415793086,-0.127306083849649,0.962821699957998,0.209634488226961,1
"SWE",2000,8872112,326840770866.692,327080123699.484,36839.1168716865,36866.0949838645,0.0503123390619518,0.0525168906280484,0.0261166437776854,0.0293960548351482,0.0241956952842663,0.0231208357929003,-0.024561530502603,0.366474933860881,0.864523905334052,-0.0415397666323511,0.91555626000101,0.164666382833868,2
"SWE",2001,8895963,331883027955.779,332193209659.449,37307.1502158653,37342.0179085107,0.0126247639696935,0.0128268845908419,0.00303976255030847,0.00380190788157719,0.00958500141938501,0.00902497670926472,-0.0790742113486845,0.37679516997499,0.99376943443584,-0.189363753725343,0.932307011331041,0.144388929759684,3
"SWE",2002,8924960,337664759333.392,338694967279.835,37833.7560429842,37949.1860221038,0.0140167180592581,0.0161288767947454,0.00568943842718639,0.00382292913555382,0.00832727963207169,0.0123059476591916,-0.108158802129114,0.326035353811366,0.9145218331057,-0.235331312225897,0.953001783870142,0.0311242746394055,4
"SWE",2003,8958232,343753672915.002,349604233407.342,38372.937083456,39026.0302934042,0.0141507265462657,0.0279808119902718,0.0110416401145379,0.0103800031386658,0.0031090864317278,0.017600808851606,-0.0787116863232435,0.29421149113154,0.918850703086403,-0.239177155643204,0.871378672242078,0.0542032723671688,5
"USA",1993,259918588,11253038015203.3,11049142956899.2,43294.4719413577,42510.0145469365,0.00829920510463644,0.00304785590462586,-0.00340563508537883,-0.00388240817350116,0.0117048401900153,0.00693026407812702,0.008693108200864,-0.00495775000884047,0.887596021462258,-0.362215527834455,0.753191224960954,-0.183235419266767,-5
"USA",1994,263125821,11652546919290.8,11466611105523.4,44285.0757671965,43578.4335491855,0.0226227720925802,0.0248227000403141,0.0187885389977023,0.0188164926266712,0.00383423309487796,0.00600620741364288,-0.0102491782959856,-0.0834122445663957,0.866445066459829,-0.436695286384904,0.590792848981274,-0.234936729320885,-4
"USA",1995,266278393,11882864393242.4,11782996835539,44625.7176910423,44250.6682678494,0.00766259252305446,0.0153080888268988,0.015848771362899,0.0144459526849445,-0.00818617883984452,0.000862136141954295,-0.00953636352130949,-0.012512261807515,0.906616463939804,-0.371629005058237,0.619752671181349,-0.157549598105722,-3
"USA",1996,269394284,12199343907953.1,12159810350139.9,45284.3457805255,45137.5959786137,0.0146510823249617,0.0198450395239895,0.0148317097559261,0.0178701593677086,-0.000180627430964364,0.00197488015628089,-0.0165405500986379,-0.0101312613473479,0.846860916543872,-0.391242919776917,0.626893290692776,-0.169918601759211,-2
"USA",1997,272646925,12665511876272.5,12684775445638,46453.8959178525,46524.5498207545,0.0254989301008415,0.0302646134474092,0.0186296603121452,0.0221912097628731,0.00686926978869629,0.00807340368453602,-0.0183191929962878,-0.0519514190069509,0.660148879368563,-0.41386714851845,0.539477532083083,-0.208147596991453,-1
"USA",1998,275854104,13177495123225.1,13284813251799.8,47769.7990790997,48158.838527919,0.0279332862784454,0.0345245573549526,0.018980453161662,0.0217722047165161,0.00895283311678341,0.0127523526384365,-0.016981050229181,-0.127617845740107,0.503514674257145,-0.531921986704425,0.503240965348596,-0.317136251299895,0
"USA",1999,279040168,13704045986490.8,13789732095025.4,49111.3737664136,49418.448225079,0.0276970315249105,0.0258191165675878,0.0203275958208504,0.0202952471772466,0.00736943570406012,0.00552386939034122,0.0267800571830841,-0.126452890722747,0.397293081442129,-0.574478382203784,0.520414911917411,-0.336401324772538,1
"USA",2000,282162411,14109464410426.4,14294239936619.3,50004.7627195333,50659.6179340816,0.0180276023703314,0.0248053024459125,0.0261166437776854,0.0293960548351482,-0.008089041407354,-0.00459075238923567,0.0680137439732089,-0.306076453320506,0.135913668451049,-0.626964179252113,0.202709731485699,-0.481182151779279,2
"USA",2001,284968955,14164705765818.2,14388373619310.1,49706.1364660518,50491.0214493718,-0.0059898596597403,-0.00333357538554147,0.00303976255030847,0.00380190788157719,-0.00902962221004877,-0.00713548326711866,0.0802765783469289,-0.474250123219281,-0.0509374255883646,-0.706921366591339,-0.087715769838008,-0.595921059095195,3
"USA",2002,287625193,14401025257480.5,14568981533822.5,50068.7200146634,50652.661478866,0.00726806647518252,0.00319624839483978,0.00568943842718639,0.00382292913555382,0.00157862804799613,-0.000626680740714036,0.0878268705775509,-0.598056180426181,-0.123406461980081,-0.749810234604886,-0.311745145700321,-0.669323195276144,4
"USA",2003,290107933,14760807266938.3,14867347351598.3,50880.3985961261,51247.6415169187,0.0160812909466976,0.0116778219901832,0.0110416401145379,0.0103800031386658,0.00503965083215974,0.00129781885151736,0.0734046848502666,-0.56135643090046,0.0639807260176048,-0.858722891766692,-0.191502177104365,-0.662610721022344,5
