"iso","year","Population","GDP","consumption","GDP_pc","consumption_pc","gdp_log_diff","consumption_log_diff","gdp_log_diff_total","cons_log_diff_total","gdp_dev","cons_dev","EHB_dev","ehb_crude_dev","eq_ehb_crude_dev","debt_ehb_crude_dev","fdi_ehb_crude_dev","eq_debt_ehb_crude_dev","time"
"AUS",1998,18607584,6750216366.79606,5152889366.38534,362.766943134372,276.924149120345,0.0353301828587824,0.0493217091339497,0.0108206954060837,0.0131351914371987,0.0245094874526988,0.0361865176967511,0.00564824555557275,0.410694309068268,1.62754273786791,-0.439946248584962,1.81315171282677,-0.054964960332194,-8
"AUS",1999,18812264,7088576716.77848,5383541677.12555,376.806147137765,286.171918336121,0.0379702584865029,0.032849104488486,0.0166506274038305,0.025915242567133,0.0213196310826724,0.00693386192135304,0.00922138540425022,0.453371949111,1.65908058793867,-0.412483226866028,1.77543347057812,0.0556783095458002,-7
"AUS",2000,19028802,7245292831.84536,5547438635.33703,380.754018663149,291.528527930294,0.010422689688447,0.0185451236849952,0.0241677640116311,0.026463216795058,-0.0137450743231842,-0.00791809311006286,-0.0114294762861026,0.44601230232473,2.04090913944662,-0.392104358458553,1.60859161585559,0.0869900949120912,-6
"AUS",2001,19274701,7418443658.46537,5610440036.35872,384.879830741103,291.077928335113,0.0107776113030642,-0.00154684068527455,0.00027317453965825,0.0087341731775803,0.010504436763406,-0.0102810138628548,-0.0129765696903141,0.6118028899832,1.99841305273919,-0.352937569171191,1.83987009894821,0.152693015895868,-5
"AUS",2002,19495210,7648220908.81523,5827152094.70837,392.312824987021,298.901735077918,0.0191283868450141,0.0265238478638103,0.00528135427973808,0.0146303337104268,0.013847032565276,0.0118935141533836,-0.0151038247877775,0.539176919485627,2.12715151485457,-0.315616494082801,1.60186130062746,0.14732361606863,-4
"AUS",2003,19720737,8009564148.30997,6060023661.34907,406.149331452976,307.291946611786,0.0346613589706664,0.0276833877168521,0.0102226217434565,0.0154682746684554,0.0244387372272099,0.0122151130483967,-0.0151497317051072,0.61677456977324,2.04002936612861,-0.239063179612802,1.67876538551438,0.217995850682624,-3
"AUS",2004,19932722,8381930115.19901,6311156705.79315,420.511062924522,316.622923140811,0.0347498846069882,0.0299132870670435,0.025944096998308,0.0198530115722795,0.00880578760868023,0.0100602754947641,-0.011260327633441,0.585675766816012,1.88242794397228,-0.250012304592301,1.63042803875184,0.190305636721127,-2
"AUS",2005,20176844,8817171787.11359,6559237051.20302,436.994595741217,325.08736506081,0.0384500402510168,0.0263824128424792,0.0187110647208515,0.0179845509188761,0.0197389755301653,0.00839786192360314,-0.0488683056594607,0.588312805580828,1.64897953921225,-0.108270310356416,1.57061411122501,0.293037354551136,-1
"AUS",2006,20450966,9277607127.96001,6882797832.5053,453.651290993297,336.551233448107,0.0374079931088334,0.0346564296502683,0.022319775817591,0.0165281980853953,0.0150882172912423,0.018128231564873,-0.0499099032630628,0.650820816596636,1.62146730148489,0.0352632244396032,1.50608075398378,0.42196695804633,0
"AUS",2007,20827622,9824285338.51402,7270302549.50743,471.695008605112,349.070217882168,0.0390037871163429,0.0365227079077606,0.0186971924850292,0.0155929382153133,0.0203065946313137,0.0209297696924473,-0.0607466464645943,0.678914032332875,1.55381835174491,0.0812928887710227,1.37388903700373,0.499531597610062,1
"AUS",2008,21249199,10077891746.8752,7300782612.03324,474.271606514448,343.579191480735,0.00544755859256618,-0.0158554713593455,-0.0164497829049104,-0.00436033935489011,0.0218973414974766,-0.0114951320044554,-0.0665620161780734,0.470097973059269,1.52229436745536,0.0564897339846588,0.974936781375015,0.35791714222544,2
"AUS",2009,21691653,10239289837.7014,7600426278.38108,472.038246126352,350.38483597267,-0.00472015488043898,0.0196144538163727,-0.0387655942952314,-0.0138168789536808,0.0340454394147924,0.0334313327700535,-0.036519192844011,0.676092553560693,1.5189701980174,0.315297398965123,1.09495054765979,0.5895034016336,3
"AUS",2010,22031750,10818690382.6448,7854059775.65629,491.049979354559,356.488239729313,0.0394859013288018,0.0172691693815752,0.0174826566979664,0.0116759381748324,0.0220032446308354,0.00559323120674282,-0.0403951336991029,0.645437965715167,1.58192288550674,0.322115135969042,1.05404104047482,0.559889289527688,4
"AUS",2011,22340024,11082281945.774,8040628211.05521,496.072965086071,359.92030317672,0.0101771093737959,0.00958137570364581,0.00324646893655434,-0.000383889334013787,0.00693064043724156,0.0099652650376596,-0.0746322743451905,0.553487025491949,1.48157105791405,0.290900194232944,0.832687766211461,0.543130427484066,5
"AUS",2012,22733465,11164712556.0492,8212415686.82361,491.113543670056,361.247864627043,-0.0100476720365386,0.00368170146485536,-0.000565006034046966,-0.00379664889297349,-0.00948266600249159,0.00747835035782884,-0.0480151747547798,0.564156038432312,1.47695871619181,0.316280368798579,0.79148801696945,0.577990072428746,6
"AUS",2013,23128129,11339642426.0125,8356916700.91969,490.296574617538,361.33129060806,-0.00166488856392366,0.000230911674612422,0.00759971559423978,0.00311379619553875,-0.00926460415816344,-0.00288288452092633,-0.0743277348218611,0.530031305956619,1.61306470558292,0.298471570741396,0.71269410265989,0.569640424395687,7
"AUS",2014,23475686,11232919223.3975,8464962040.80879,478.491628461784,360.584224921427,-0.0243717469713651,-0.00206967695592475,0.0143852167616156,0.008429829220435,-0.0387569637329808,-0.0104995061763598,-0.0826029583249737,0.584960874741419,1.61161069871601,0.348740912211767,0.739870497478349,0.628261192346991,8
"CAN",1998,30155173,10451025752.976,8038845431.91791,346.5748895878,266.582633497673,0.0181926829354619,0.0206918265769307,0.0108206954060837,0.0131351914371987,0.00737198752937829,0.00755663513973204,-0.00553128398826475,1.29885244133297,2.56361791678782,0.257003297101298,2.77449183161162,0.752726903534981,-8
"CAN",1999,30401286,11008732009.6853,8319064675.40304,362.114024047708,273.641867498731,0.0438602189426529,0.0261359335710436,0.0166506274038305,0.025915242567133,0.0272095915388224,0.000220691003910645,0.00430338859724522,1.29567839997714,2.57501467260983,0.075605632121448,2.735651204713,0.782207869982125,-7
"CAN",2000,30685730,11760845938.8887,8660743470.13881,383.267595031591,282.240098903914,0.0567742809748779,0.03093792471822,0.0241677640116311,0.026463216795058,0.0326065169632468,0.00447470792316196,-0.121157583391209,1.21762535226285,2.81975678946909,-0.0404025443556126,2.56553897263981,0.676595810616937,-6
"CAN",2001,31020855,11870183367.3086,8855508600.86531,382.651715025539,285.469520452138,-0.00160821154579871,0.0113771416673591,0.00027317453965825,0.0087341731775803,-0.00188138608545696,0.00264296848977885,-0.155130524286341,1.16185846622246,2.67445521458032,-0.0106251780103237,2.4127099127749,0.678594070850514,-5
"CAN",2002,31359199,12106520658.0077,9175514941.66752,386.059626650785,292.594046859026,0.008866615508488,0.0246508778055254,0.00528135427973808,0.0146303337104268,0.00358526122874991,0.0100205440950987,-0.0380080477074476,1.01620095199879,2.68035234856156,-0.0774629585696471,2.1556279390273,0.547085133848289,-4
"CAN",2003,31642461,12384101148.7746,9358849725.40576,391.376042109197,295.768705392598,0.0136770116065712,0.0107916054546022,0.0102226217434565,0.0154682746684554,0.00345438986311475,-0.00467666921385312,-0.115747537355959,1.08615034417617,2.62433041400138,-0.0807721822178766,2.22851715302636,0.604181186737216,-3
"CAN",2004,31938807,12943011648.205,9595358110.75356,405.244054613717,300.429446558651,0.0348206472679449,0.0156351914113495,0.025944096998308,0.0198530115722795,0.00887655026963685,-0.00421782016092997,-0.109540966245587,1.08467505116871,2.46497522476287,-0.110168686867852,2.24601994131103,0.564555601822496,-2
"CAN",2005,32242732,13476657046.0548,9889315586.06162,417.975035305779,306.714567055348,0.0309322169941915,0.0207046265150534,0.0187110647208515,0.0179845509188761,0.01222115227334,0.00272007559617737,-0.110069970244255,1.08831754011763,2.20636456168752,-0.0281872467969964,2.25357687662445,0.623728577673104,-1
"CAN",2006,32571193,13909321663.1178,10246484553.2524,427.043665951009,314.587327312586,0.0214645635882071,0.0253441418103968,0.022319775817591,0.0165281980853953,-0.000855212229383895,0.0088159437250015,-0.13756956344035,0.997474173201414,2.07567273497076,-0.000532966110156297,2.00258284604155,0.643649768604796,0
"CAN",2007,32888886,14355679705.3756,10620135229.2377,436.490299652459,322.909545468877,0.0218798818337476,0.0261105311072205,0.0186971924850292,0.0155929382153133,0.00318268934871835,0.0105175928919072,-0.101618864637604,1.03862685701731,1.93974643929243,0.126605005836698,1.89870541376992,0.72650321552509,1
"CAN",2008,33247298,14728872154.2775,10925983905.2858,443.009598983878,328.627725034551,0.0148252859312494,0.017553336232349,-0.0164497829049104,-0.00436033935489011,0.0312750688361598,0.0219136755872391,-0.130803062239771,0.843541474100347,1.93883824947603,0.195188740095781,1.50373325570845,0.61337961380923,2
"CAN",2009,33630069,13925350061.2114,11075877252.3868,414.074382696371,329.344470045149,-0.0675458119099375,0.002178649187492,-0.0387655942952314,-0.0138168789536808,-0.0287802176147061,0.0159955281411728,-0.0933323662417993,1.01640620855412,1.87059831624085,0.362270483674905,1.63156373045083,0.773420313977718,3
"CAN",2010,34005902,14506945700.1268,11384141319.9396,426.600820649509,334.769573821027,0.0298031036976516,0.0163382313802556,0.0174826566979664,0.0116759381748324,0.0123204469996852,0.00466229320542322,-0.0820789498541543,1.00028049931763,2.04322343498866,0.344533666602396,1.57797476770391,0.781035983784044,4
"CAN",2011,34339221,15010354847.523,11565270764.277,437.119841697138,336.79479113044,0.024358665059375,0.00603136066901477,0.00324646893655434,-0.000383889334013787,0.0211121961228207,0.00641525000302856,-0.096514168051321,0.938925881638464,1.98268204164107,0.392333156305518,1.37351980769074,0.821497795516361,5
"CAN",2012,34713395,15229130068.4356,11738358992.395,438.710476703175,338.150705005804,0.00363229434164136,0.0040178524256671,-0.000565006034046966,-0.00379664889297349,0.00419730037568833,0.00781450131864059,-0.0841508487481643,0.955283628756406,1.99140889894537,0.425122976640367,1.32541418035094,0.874374556244861,6
"CAN",2013,35080992,15707235812.8772,12041996408.3397,447.742065357706,343.262710710681,0.0203776305053687,0.0150044055283516,0.00759971559423978,0.00311379619553875,0.0127779149111289,0.0118906093328128,-0.124661988475636,1.00492459292747,2.190192124149,0.371684419173867,1.41780378400634,0.894129849856066,7
"CAN",2014,35434066,16164082665.4825,12294859736.4974,456.173521420954,346.978518821334,0.0186559469236922,0.0107667981787483,0.0143852167616156,0.008429829220435,0.00427073016207657,0.00233696895831326,-0.130634479995803,1.05636139996895,2.19528151180076,0.462463956667428,1.40708879052198,0.977890938810107,8
"CHE",1998,7110002,3945266911.12158,2689211906.60548,554.889704830122,378.229416335674,0.0223593043799912,0.016508381691513,0.0108206954060837,0.0131351914371987,0.0115386089739076,0.00337319025431437,-0.234702364964135,2.55572404453101,3.5974380442009,2.54577666993269,2.86507821634651,2.60705681145967,-8
"CHE",1999,7143991,3989139801.57528,2741316291.99206,558.390933243797,383.723368631351,0.0062899503275684,0.0144209657498022,0.0166506274038305,0.025915242567133,-0.0103606770762621,-0.0114942768173307,-0.259632498946911,2.48798482539297,3.49829447188487,2.44203049002408,2.84685650712197,2.52218412534713,-7
"CHE",2000,7184250,4129399915.96182,2796776838.39636,574.785108530719,389.292805567228,0.028936932361864,0.0144098752221611,0.0241677640116311,0.026463216795058,0.00476916835023289,-0.0120533415728969,-0.23662253053128,2.61545992757141,3.9082686506062,2.56514879966603,2.9419671308766,2.63695015280006,-6
"CHE",2001,7226647,4199415826.42502,2848601889.02077,581.101557392387,394.180300908675,0.0109292925032323,0.0124766471307884,0.00027317453965825,0.0087341731775803,0.010656117963574,0.00374247395320815,-0.383065246350206,2.55410135866956,3.67557679718096,2.48756204268755,2.92411963778281,2.56279934755211,-5
"CHE",2002,7284754,4169347435.21075,2837203126.69295,572.338809959918,389.471370851088,-0.0151943980245761,-0.0120180608413909,0.00528135427973808,0.0146303337104268,-0.0204757523043142,-0.0266483945518177,-0.256475647203516,2.55802309738429,3.64886192199888,2.54316352709086,2.83504259115514,2.57646840638242,-4
"CHE",2003,7339002,4179811977.92438,2870271235.78228,569.534110758436,391.098304072173,-0.00491246405954993,0.0041685851482578,0.0102226217434565,0.0154682746684554,-0.0151350858030064,-0.0112996895201976,-0.319147504184109,2.53248245833899,3.59209715788784,2.49837847273617,2.82169116276931,2.54805029847162,-3
"CHE",2004,7389626,4272144033.73125,2917181000.23954,578.127233195733,394.767069434846,0.0149752940145529,0.00933694787801365,0.025944096998308,0.0198530115722795,-0.0109688029837551,-0.0105160636942658,-0.335250811702166,2.49391917161638,3.45834891327345,2.43952038179559,2.81505887297202,2.49627350922525,-2
"CHE",2005,7437116,4388650541.23948,2960964340.14654,590.101128076997,398.133408184912,0.0204999546479137,0.00849125223537683,0.0187110647208515,0.0179845509188761,0.00178888992706216,-0.00949329868349924,-0.339302373418274,2.51629066617177,3.16973141801352,2.48416886471742,2.90231314724795,2.51997215211975,-1
"CHE",2006,7483935,4618334716.73933,3010940546.2027,617.099789982052,402.320510026169,0.0447368192642763,0.0104619140124322,0.022319775817591,0.0165281980853953,0.0224170434466853,-0.00606628407296306,-0.312144809228757,2.47938866689356,2.99955967019429,2.45537793891361,2.88395508516834,2.48454435564337,0
"CHE",2007,7551117,4885150513.07336,3094524195.502,646.944089605995,409.810124184541,0.047229130942009,0.0184448811083726,0.0186971924850292,0.0155929382153133,0.0285319384569798,0.00285194289305934,-0.327971823934317,2.58324277291487,2.86146824045154,2.64706811421006,2.81491858461754,2.63240017998562,1
"CHE",2008,7647676,4956319219.72475,3130122269.64254,648.081746627963,409.29064851107,0.00175696466092212,-0.00126840496416225,-0.0164497829049104,-0.00436033935489011,0.0182067475658325,0.00309193439072786,-0.31740346500344,2.49060969499276,2.82657368782185,2.50826740037343,2.77136036531625,2.50323555911553,2
"CHE",2009,7743832,4907087751.3105,3193139307.96195,633.676938150324,412.346149549984,-0.0224775773097337,0.00743762969610984,-0.0387655942952314,-0.0138168789536808,0.0162880169854978,0.0212545086497906,-0.370175449182444,2.39464028240381,2.59979463668874,2.4218999852738,2.67824561886865,2.38911946480937,3
"CHE",2010,7824910,5055147163.71331,3241003527.74347,646.03262704789,414.190518196819,0.0193107454836206,0.00446289143617395,0.0174826566979664,0.0116759381748324,0.0018280887856541,-0.00721304673865841,-0.324682745402473,2.39676097048224,2.7638493869899,2.35546982806047,2.77155517947012,2.33354314917179,4
"CHE",2011,7912396,5119908407.15518,3271600028.40809,647.074338437457,413.47779211355,0.00161117624870677,-0.00172225093207157,0.00324646893655434,-0.000383889334013787,-0.00163529268784757,-0.00133836159805778,-0.34699930301445,2.31123997039652,2.5852817664916,2.25595235326407,2.66920890179847,2.25011851094769,5
"CHE",2012,7996861,5224120989.41106,3338462963.33777,653.271451061992,417.471675866039,0.00953155628619218,0.00961289383247088,-0.000565006034046966,-0.00379664889297349,0.0100965623202391,0.0134095427254444,-0.415265513255009,2.32545829877553,2.60153431893573,2.2687566080754,2.66576230221314,2.26625717322837,6
"CHE",2013,8089346,5330037413.26915,3410591101.19778,658.895961832903,421.615183872439,0.00857290794339693,0.00987631170384518,0.00759971559423978,0.00311379619553875,0.000973192349157159,0.00676251550830642,-0.390865236665845,2.27495173221653,2.74840720113233,2.25847812774229,2.5691718959986,2.24878361847988,7
"CHE",2014,8188646,5433255891.15442,3446637690.07113,663.510901699062,420.904468219915,0.00697963497961318,-0.00168711986560588,0.0143852167616156,0.008429829220435,-0.00740558178200246,-0.0101169490860409,-0.380185835748231,2.18465772260278,2.61782987127775,2.1384345714203,2.483511725047,2.14233533455844,8
"CHL",1998,14974898,1663893168.96709,1246760632.33542,111.112153750035,83.25670280595,-0.0140387311787773,0.0191538304839733,0.0108206954060837,0.0131351914371987,-0.024859426584861,0.00601863904677469,0.0173316214766205,-0.0566857479765392,1.34379355411038,-0.435502571952036,0.798919680305608,-0.165419378527232,-8
"CHL",1999,15162353,1640888216.83297,1239312123.54356,108.22121189455,81.7361344603678,-0.0263626947661102,-0.018432453460413,0.0166506274038305,0.025915242567133,-0.0430133221699407,-0.044347696027546,-0.0033917370445139,0.373201331568612,1.78622350059434,-0.0333302177183799,1.07202610938613,0.315666338161845,-7
"CHL",2000,15343326,1734356348.98125,1295801101.94194,113.036531256733,84.4537293896997,0.0435336613385759,0.0327076168541787,0.0241677640116311,0.026463216795058,0.0193658973269448,0.00624440005912064,0.0153781899446902,0.251751718335145,1.83023009748373,-0.197893361140243,1.0885155416275,0.097497261809737,-6
"CHL",2001,15520049,1801289218.66624,1339419398.76013,116.062083223206,86.3025238361125,0.0264141962131985,0.021655039377344,0.00027317453965825,0.0087341731775803,0.0261410216735403,0.0129208661997637,0.00496605304598885,0.330215899006521,1.84463853219196,-0.195683989069636,1.16026276850006,0.163794767360022,-5
"CHL",2002,15691701,1874421378.58834,1384466812.72974,119.453039449856,88.2292373994212,0.0287980706836439,0.0220795552953454,0.00528135427973808,0.0146303337104268,0.0235167164039058,0.00744922158491867,-0.0153389348958426,0.284544586057659,2.11420359170222,-0.377966383949624,1.04797490855427,0.108676802380413,-4
"CHL",2003,15856977,1991405779.10535,1437244051.98786,125.585461787915,90.6379603115939,0.0500631784168091,0.0269347154131641,0.0102226217434565,0.0154682746684554,0.0398405566733526,0.0114664407447087,-0.0472785735336986,0.617589246487192,2.52132985276078,-0.101780689767668,1.18347112940267,0.535822156165548,-3
"CHL",2004,16022133,2249815654.17247,1558551554.48854,140.419234703174,97.2749105558253,0.111645984280197,0.07066798608746,0.025944096998308,0.0198530115722795,0.0857018872818891,0.0508149745151805,-0.0510470860402654,0.562828421919469,2.33338934025045,-0.122764297690634,1.10853701503328,0.484179453257811,-2
"CHL",2005,16183489,2475128187.50865,1694069047.59418,152.941568255686,104.678851859088,0.0854234601033497,0.0733560101277186,0.0187110647208515,0.0179845509188761,0.0667123953824982,0.0553714592088426,-0.083549769423132,0.564796267128522,2.09789581882414,-0.171298937285636,1.13804464599686,0.500995546688185,-1
"CHL",2006,16347890,2852292070.17889,1819590240.80197,174.474630681934,111.304287024318,0.13172340653994,0.0613706657785702,0.022319775817591,0.0165281980853953,0.109403630722349,0.0448424676931749,-0.0866847436022801,0.459044801683097,1.85827705818417,-0.111537627018776,0.842908419957936,0.471680598660011,0
"CHL",2007,16517933,3019269211.83564,1943482403.91156,182.787350683384,117.658934923126,0.0465441108894895,0.0555222819592354,0.0186971924850292,0.0155929382153133,0.0278469184044603,0.0399293437439221,-0.100191955251951,0.624363534347167,1.91884375790028,0.0859354491101103,0.784240120448773,0.697256241814322,1
"CHL",2008,16697754,2891408319.37054,2008214989.25527,173.161511384737,120.268569608539,-0.0540987082600255,0.0219372648449436,-0.0164497829049104,-0.00436033935489011,-0.0376489253551151,0.0262976041998337,-0.056769842915278,0.572290675419554,1.81819016402519,0.163831748741309,0.938319821471369,0.542443807516572,2
"CHL",2009,16881078,2950955309.45015,2051939498.84136,174.80846362123,121.552634188489,0.00946613014376041,0.01062005009004,-0.0387655942952314,-0.0138168789536808,0.0482317244389918,0.0244369290437207,-0.0871244261518241,0.684884193493568,2.11535290729255,-0.047545927542147,0.854950163134055,0.73546878570039,3
"CHL",2010,17063927,3353007412.11774,2318075649.77711,196.496821166531,135.846552190308,0.116955372973865,0.111178583843673,0.0174826566979664,0.0116759381748324,0.0994727162758986,0.0995026456688404,-0.0672200851542983,0.679761042143363,2.30295600363618,-0.0516810332958644,0.755118596589896,0.770276063561805,4
"CHL",2011,17254159,3558913705.94192,2507460608.29464,206.264107450379,145.324997196017,0.0485111687261464,0.067446638276544,0.00324646893655434,-0.000383889334013787,0.045264699789592,0.0678305276105577,-0.0649412991645316,0.622499048103037,1.99564689361447,-0.0127339119034968,0.846762586029297,0.643917951823954,5
"CHL",2012,17443491,3695675132.06753,2648823870.33248,211.865568197761,151.85170619416,0.0267945386280344,0.0439318331855718,-0.000565006034046966,-0.00379664889297349,0.0273595446620813,0.0477284820785453,-0.0350743648983943,0.641186150057405,1.94137750308111,-0.0470659939785081,0.892345888571445,0.64071790191159,6
"CHL",2013,17611902,3835621097.47445,2818084594.8259,217.785739295759,160.010235965763,0.0275597709477644,0.0523333604951279,0.00759971559423978,0.00311379619553875,0.0199600553535246,0.0492195642995892,-0.0990066189929882,0.589590307161495,2.02276014847344,-0.141889068343087,0.842209564156455,0.589328242943863,7
"CHL",2014,17787617,3946668928.78871,2939034180.09289,221.877327850533,165.229225482699,0.0186129196845091,0.0320959671682202,0.0143852167616156,0.008429829220435,0.00422770292289343,0.0236661379477852,-0.126054113303675,0.689648177136462,2.05464757688858,-0.0159444780801667,0.899447654932198,0.70258550766703,8
"COL",2005,41671878,3868684697.62432,3165526831.1549,92.8368214560504,75.9631430854856,0.0563887443093378,0.037823597795164,0.0187110647208515,0.0179845509188761,0.0376776795884863,0.0198390468762879,0.111026136731335,-0.681414141731994,-1.64448991358069,-0.603336708653865,-0.0346420789963284,-0.776905774813324,-1
"COL",2006,42170126,4188481054.44513,3402940544.94946,99.3234180624722,80.6955270882867,0.0675380306658964,0.0604348840705375,0.022319775817591,0.0165281980853953,0.0452182548483053,0.0439066859851422,0.102543239514612,-0.754130960895865,-1.57090928296603,-0.610205700644909,-0.264126220822007,-0.782204872406529,0
"COL",2007,42658630,4456208144.25392,3599650616.4489,104.462054788302,84.382705596708,0.0504425186979534,0.0446793232888592,0.0186971924850292,0.0155929382153133,0.0317453262129241,0.0290863850735459,0.131808261840106,-0.916402450276037,-1.66902740176785,-0.733868769139281,-0.577026276251146,-0.90746628552488,1
"COL",2008,43134017,4631797431.39206,3669659056.03824,107.381546017197,85.075754851171,0.0275644491278175,0.0081796225073214,-0.0164497829049104,-0.00436033935489011,0.0440142320327279,0.0125399618622115,0.147263707522422,-0.858252692231794,-1.27188826687485,-0.79180213619153,-0.48299823087623,-0.893030946724474,2
"COL",2009,43608630,4678366029.44406,3757642731.38937,107.280738455761,86.1674107026377,-0.00093922012517389,0.0127499469692518,-0.0387655942952314,-0.0138168789536808,0.0378263741700575,0.0265668259229326,0.139782582147117,-0.821413138573711,-1.00499291899156,-0.725165233830473,-0.52376915481606,-0.834564457085567,3
"COL",2010,44086292,4961913979.29302,3954355238.02115,112.550041162297,89.6958001825409,0.047948810684515,0.0401319071712143,0.0174826566979664,0.0116759381748324,0.0304661539865485,0.0284559689963819,0.142626307109429,-0.874524357267032,-0.791653122208461,-0.860877498395216,-0.483325465118282,-0.948421023230342,4
"COL",2011,44553416,5459156295.71979,4253874049.69706,122.53058880423,95.4780672641815,0.0849627702609101,0.0624726116939582,0.00324646893655434,-0.000383889334013787,0.0817163013243558,0.062856501027972,0.146626805984674,-0.735648871401729,-0.710239587191488,-0.786315544017249,-0.315916232083946,-0.841560047530916,5
"COL",2012,45001571,5697351168.56419,4507066054.05243,126.603383881069,100.15352695248,0.032698534933143,0.0478077192363564,-0.000565006034046966,-0.00379664889297349,0.03326354096719,0.0516043681293299,0.189426875492765,-0.86868358727843,-0.945416484165969,-0.813212712149809,-0.558544744709204,-0.907027680058143,6
"COL",2013,45434942,5983434186.58332,4764681910.18946,131.692347853846,104.868229174574,0.0394092659337923,0.0460003236018371,0.00759971559423978,0.00311379619553875,0.0318095503395526,0.0428865274062984,0.144277982133578,-0.75777308722997,-0.365853220063512,-0.774653852589639,-0.432787657350682,-0.804269607944015,7
"COL",2014,45866010,6212331209.0404,4983199969.96259,135.445206789089,108.646903664884,0.0280986763915863,0.0353986062506992,0.0143852167616156,0.008429829220435,0.0137134596299706,0.0269687770302642,0.115776530296776,-0.664098417517828,-0.245669194328967,-0.694916263633127,-0.376518459504674,-0.698973184805061,8
"CZE",1998,10294943,2454721237.619,1707696824.95536,238.439517112334,165.877249146048,-0.0109012002847972,-0.037200241589221,0.0108206954060837,0.0131351914371987,-0.0217218956908809,-0.0503354330264196,0.0681818578436523,0.174670807897998,-1.04040631795139,0.54048838308878,-1.12696486936754,0.376903485963223,-8
"CZE",1999,10282784,2512427347.00665,1777050270.61528,244.333377712364,172.818010240736,0.0244179136977039,0.0409910250256722,0.0166506274038305,0.025915242567133,0.00776728629387335,0.0150757824585392,-0.0315764541628102,0.136169461001699,0.0614850746830089,0.491101931606572,-1.34262360178585,0.337599062947378,-7
"CZE",2000,10272503,2562429450.24716,1794185402.00904,249.44548083823,174.65902925597,0.0207067827878893,0.0105965921941831,0.0241677640116311,0.026463216795058,-0.00346098122374183,-0.015866624600875,-0.107790034120388,0.163792096502677,0.713890557653636,0.48832087697697,-1.39731104900022,0.37212257006283,-6
"CZE",2001,10224192,2644032238.47996,1831974823.14505,258.605495522772,179.180401066905,0.0360633395272068,0.0255574564501337,0.00027317453965825,0.0087341731775803,0.0357901649875485,0.0168232832725534,-0.130729149226483,0.165287916683673,0.255500650007142,0.506190321183499,-1.12544953568077,0.375100906738705,-5
"CZE",2002,10200774,2707682575.2692,1918072562.79253,265.438933875919,188.032061370297,0.0260810928263773,0.0482193619801885,0.00528135427973808,0.0146303337104268,0.0207997385466392,0.0335890282697617,-0.155008785732814,-0.0890336595925716,0.638279604933312,0.185920105430442,-1.23063845750691,0.123056611765568,-4
"CZE",2003,10201651,2833202804.53331,2038847177.09468,277.720028310448,199.854629127646,0.0452287038307464,0.0609777604060602,0.0102226217434565,0.0154682746684554,0.03500608208729,0.0455094857376048,0.00209459686689029,-0.164552026087084,-0.195512906939067,0.168931943461758,-1.02634389726119,0.0324554247405882,-3
"CZE",2004,10206923,3004846068.55589,2089892916.85919,294.392939826811,204.752491701876,0.0583018911767361,0.0242116442437021,0.025944096998308,0.0198530115722795,0.0323577941784281,0.00435863267142267,-0.019185081652012,-0.0410455742378311,0.0671406929167562,0.196727094901821,-0.267380430882093,0.0837793030349139,-2
"CZE",2005,10234092,3141824519.25048,2148629430.4265,306.995922965172,209.948223098493,0.0419190622546539,0.0250590515002678,0.0187110647208515,0.0179845509188761,0.0232079975338024,0.0070745005813917,-0.0545835647187833,-0.0280606870830445,0.193106067569969,0.170103715646188,-0.111862018210635,0.0878889981424613,-1
"CZE",2006,10266646,3289446610.25065,2210421145.26514,320.401288819216,215.301194300957,0.0427397704627248,0.0251770078593649,0.022319775817591,0.0165281980853953,0.0204199946451338,0.00864880977396965,-0.0948759489017584,-0.0707059327573637,0.266643922745738,0.103551247469079,-0.0991809783821527,0.055594327069467,0
"CZE",2007,10322689,3493876028.19609,2287386273.52841,338.465687399483,221.588219264226,0.054848482877432,0.0287828397920267,0.0186971924850292,0.0155929382153133,0.0361512903924028,0.0131899015767134,-0.0514226876653656,-0.0244732830956129,0.22839806028575,0.116386480531205,0.0259508395404264,0.0805651164886267,1
"CZE",2008,10429692,3439110865.73577,2298597123.31782,329.742322758503,220.389741453325,-0.0261112112750936,-0.00542326022952455,-0.0164497829049104,-0.00436033935489011,-0.00966142837018324,-0.00106292087463444,-0.0627989266931899,-0.0617134780656641,0.218988573553754,0.0441238934812049,0.0621030946178425,0.0165547263622408,2
"DNK",1998,5301304,2244414743.42608,1668145662.17406,423.370314818029,314.667044593946,0.0137288130742359,0.0232466740504638,0.0108206954060837,0.0131351914371987,0.00290811766815224,0.0101114826132651,-0.1626529922873,1.19234457156625,2.27619282869522,1.07709837034463,1.7933568484766,1.1722655799349,-8
"DNK",1999,5319111,2292742577.41054,1677431784.96156,431.038678721039,315.359424716191,0.0179505830824311,0.00219794067300239,0.0166506274038305,0.025915242567133,0.00129995567860064,-0.0237173018941306,-0.236993780694619,1.20015052584075,2.36683576660604,0.926987826884158,1.94796571799406,1.12573569039795,-7
"DNK",2000,5337344,2380668694.29364,1690044151.90297,446.039958131543,316.645161320493,0.034210712340764,0.00406876281112911,0.0241677640116311,0.026463216795058,0.0100429483291329,-0.0223944539839289,-0.237735962308794,1.3990704025398,2.88598426207437,1.01508908104982,2.22517426743223,1.24990049682686,-6
"DNK",2001,5355082,2407500664.17587,1712071481.28788,449.573071743041,319.709666684448,0.00788986274570114,0.00963151034363019,0.00027317453965825,0.0087341731775803,0.00761668820604289,0.000897337166049894,-0.278291788267935,1.37104653177864,2.60380994917392,0.998245297521972,2.22359134050589,1.19274541907148,-5
"DNK",2002,5374255,2417662853.32354,1738228271.78157,449.860092854458,323.436136130789,0.000638226679774867,0.0115883867466877,0.00528135427973808,0.0146303337104268,-0.00464312759996321,-0.00304194696373905,-0.221588423886575,1.33786401470342,2.39002242847921,1.10854297635689,2.07204099892114,1.17792206011628,-4
"DNK",2003,5387174,2414515861.3565,1746395548.09954,448.19711807276,324.176562349674,-0.00370349831220107,0.00228663379592398,0.0102226217434565,0.0154682746684554,-0.0139261200556575,-0.0131816408725314,-0.208329853184241,1.39574519741601,2.36882685518045,1.23841047077935,2.00217097040214,1.29632215782838,-3
"DNK",2004,5401177,2504379337.85078,1821148265.64852,463.672887937347,337.176186903063,0.0339461893719264,0.0393172906491799,0.025944096998308,0.0198530115722795,0.00800209237361837,0.0194642790769004,-0.236679748514808,1.41364075044767,2.28260867594738,1.26276989094147,1.99476453444265,1.3197540239348,-2
"GBR",1998,58474943,20308355962.2526,16591807984.9444,347.300141228913,283.742183125247,0.0239921535353966,0.0305062617285525,0.0108206954060837,0.0131351914371987,0.013171458129313,0.0173710702913539,-0.108790624771262,1.96957363012679,2.7806178172121,2.04812204246119,2.13230438857233,2.0482845964571,-8
"GBR",1999,58684427,20818289588.3874,17176883389.9526,354.749814433519,292.699175369857,0.0212234265510336,0.0310793564130263,0.0166506274038305,0.025915242567133,0.0045727991472031,0.00516411384589333,-0.114740747821762,2.0085414190435,2.71697319301063,1.98871485830514,2.57832486961569,1.99057085877321,-7
"GBR",2000,58886065,21733002384.0265,17881566061.9444,369.06868176752,303.663796552621,0.0395699632227053,0.0367757806471483,0.0241677640116311,0.026463216795058,0.0154021992110742,0.0103125638520902,-0.148332958937749,2.10649361699855,2.95751269400576,2.09605791504035,2.65650455142081,2.0654347628478,-6
"GBR",2001,59113016,22269572946.1149,18470237960.0015,376.728755408367,312.45636257168,0.0205426906495729,0.028543662636249,0.00027317453965825,0.0087341731775803,0.0202695161099147,0.0198094894586687,-0.168345770858447,2.12959306318212,2.80172327258249,2.14510223307215,2.58280725239559,2.11414276383891,-5
"GBR",2002,59365677,22787233003.7254,19066987549.7745,383.845247881623,321.178642496985,0.0187140242315689,0.0275326673578311,0.00528135427973808,0.0146303337104268,0.0134326699518308,0.0129023336474043,-0.188393593159187,2.09773782922284,2.86818205907543,2.09924992128895,2.50448296883915,2.07635300134982,-4
"GBR",2003,59636662,23767579219.7152,19919233017.8755,398.539730807119,334.009858195543,0.0375677231036189,0.0391730210835215,0.0102226217434565,0.0154682746684554,0.0273451013601624,0.0237047464150661,-0.20844220184821,2.15396257482345,2.79734137416772,2.19966632191137,2.47919869588137,2.15879837771016,-3
"GBR",2004,59950364,24631244942.5318,20744159166.3389,410.860640354608,346.022238769709,0.0304468882778348,0.0353325387964949,0.025944096998308,0.0198530115722795,0.0045027912795268,0.0154795272242154,-0.262194059663575,2.13855858835374,2.74338027948047,2.21517650666972,2.32498126710662,2.17912312222824,-2
"GBR",2005,60413276,25518931037.668,21363684127.2994,422.406012838436,353.625652204317,0.027712884795756,0.0217358270657186,0.0187110647208515,0.0179845509188761,0.00900182007490447,0.00375127614684256,-0.289204437338128,2.17601780690098,2.61163172194699,2.286487898084,2.29996002602628,2.25022140338551,-1
"GBR",2006,60827067,26219341186.7587,21754028159.3326,431.04727023512,357.637302474778,0.0202507925791258,0.0112804773084543,0.022319775817591,0.0165281980853953,-0.00206898323846527,-0.00524772077694102,-0.31435328087906,2.17591476361656,2.5471960411747,2.34161496756434,2.15256872246449,2.30113185887981,0
"GBR",2007,61319075,26897945825.9563,22260325325.1034,438.655440023456,363.024480149177,0.0174964704286191,0.0149509191511576,0.0186971924850292,0.0155929382153133,-0.00120072205641009,-0.000642019064155619,-0.344531322659016,2.19612059699582,2.31939256820117,2.43604525796319,2.00175252123376,2.35884757300781,1
"GBR",2008,61823772,26838751480.1568,22380570925.3788,434.11701699723,362.005911340686,-0.0104001080621074,-0.00280972905562216,-0.0164497829049104,-0.00436033935489011,0.00604967484280294,0.00155061029926795,-0.370572487261302,2.19166298652221,2.36783617295099,2.43231096605947,1.9733975322462,2.37278154333663,2
"GBR",2009,62260486,25616411235.1182,21838602279.9101,411.439307350062,350.761834398628,-0.0536526041880006,-0.0315530826825281,-0.0387655942952314,-0.0138168789536808,-0.0148870098927691,-0.0177362037288473,-0.345668435290257,2.18557739657609,2.39458156433317,2.48198982434821,1.85205095733635,2.4012822521229,3
"GBR",2010,62759456,25895335040.4237,21995583376.5904,412.612484092018,350.474411004939,0.00284733932199632,-0.000819761989397705,0.0174826566979664,0.0116759381748324,-0.0146353173759701,-0.0124957001642301,-0.398317668747449,2.20429723342682,2.59466289025372,2.51646582872533,1.83985010897415,2.43043503239935,4
"GBR",2011,63285145,25761702365.6637,21717768645.4317,407.073450896947,343.173246192795,-0.0135152191155639,-0.0210522860993798,0.00324646893655434,-0.000383889334013787,-0.0167616880521182,-0.020668396765366,-0.301513548743915,2.22534634723636,2.44908772497538,2.57011473453943,1.79377579636663,2.48292548798158,5
"GBR",2012,63710843,25896227618.3752,21870711807.9872,406.46499714931,343.280841661241,-0.00149582078769139,0.000313481910096058,-0.000565006034046966,-0.00379664889297349,-0.000930814753644427,0.00411013080306954,-0.304626696561212,2.13197705370033,2.47175935412293,2.46319145745787,1.7106238029885,2.39349816416325,6
"GBR",2013,64138721,26306590856.8187,22132936596.3066,410.151472412721,345.079169824834,0.00902871897286861,0.00522497595687277,0.00759971559423978,0.00311379619553875,0.00142900337862883,0.00211117976133401,-0.305036621135262,2.05274810614537,2.62199796468993,2.36198048964125,1.68149463145104,2.29889639301028,7
"GBR",2014,64619493,27183505410.3188,22650543608.3495,420.670360417696,350.521840342348,0.0253229987227135,0.0156491480358749,0.0143852167616156,0.008429829220435,0.0109377819610978,0.00721931881543991,-0.337838366530162,1.89429812782318,2.44357456140395,2.20538270053916,1.45614680103212,2.15038357470433,8
"HUN",2002,10158610,2204549852.79362,1684006761.52768,217.012942990589,165.771376352442,0.0751396165833222,0.0940502570539419,0.00528135427973808,0.0146303337104268,0.0698582623035842,0.0794199233435151,0.123487335810269,-0.372953489623642,-1.25038278190931,-0.325860526710876,0.24049634539186,-0.474128289766226,-4
"HUN",2003,10129554,2307797882.45127,1832182144.09531,227.828183003049,180.874907631206,0.0486347646681589,0.0871960860880794,0.0102226217434565,0.0154682746684554,0.0384121429247024,0.071727811419624,0.107701971076085,-0.219221162198681,-1.39670589096293,-0.25491807697509,0.590997225070077,-0.425492458815422,-3
"HUN",2004,10107140,2385992341.83197,1836861549.32854,236.069980413052,181.739003252012,0.0355365266962258,0.00476593550589488,0.025944096998308,0.0198530115722795,0.00959242969791774,-0.0150870760663846,0.0598526823599235,-0.105816134159196,-0.939157655143857,-0.12712399664253,0.642625619645355,-0.283486696622625,-2
"HUN",2005,10087064,2466036746.00392,1893856955.89198,244.475175928687,187.751059762482,0.0349854855723262,0.0325453253889245,0.0187110647208515,0.0179845509188761,0.0162744208514747,0.0145607744700484,0.0240571163106843,-0.105724084438892,-0.868806384650366,-0.15080481014387,0.738004425502821,-0.305334314019997,-1
"HUN",2006,10071374,2556685605.22574,1924587861.0065,253.856683827424,191.094865606868,0.0376560970606992,0.0176530481438126,0.022319775817591,0.0165281980853953,0.0153363212431081,0.00112485005841734,-0.0542716124006509,1.08466288876566,-0.407006389174855,0.0692225563840818,2.54288777652216,-0.063899662671917,0
"HUN",2007,10055778,2505332166.90692,1880483857.96239,249.143543831906,187.005307591555,-0.0187406592612316,-0.0216329840183036,0.0186971924850292,0.0155929382153133,-0.0374378517462608,-0.0372259222336169,-0.0799307570096268,1.30905904463603,-0.160051322723296,0.172433837577445,2.67043805780946,0.0627956910894247,1
"HUN",2008,10038186,2500573638.0668,1873012884.88073,249.106127149547,186.588780570586,-0.000150192502307966,-0.00222983824826972,-0.0164497829049104,-0.00436033935489011,0.0162995904026024,0.00213050110662039,-0.2298055126192,1.49903489911939,0.24653738648918,-0.141812931472048,2.78342057221889,-0.134817320840255,2
"HUN",2009,10022647,2332074448.23578,1763125925.28473,232.680493310378,175.914199640547,-0.0682127799495573,-0.0589107869180214,-0.0387655942952314,-0.0138168789536808,-0.0294471856543259,-0.0450939079643407,-0.240094065591788,1.47849032314872,0.375165795302125,0.0197284817581815,2.6469403490212,0.0252214709314427,3
"HUN",2010,10000020,2304732687.02655,1708790439.73031,230.472807757039,170.878702215626,-0.00953335437167535,-0.0290424130969846,0.0174826566979664,0.0116759381748324,-0.0270160110696418,-0.040718351271817,-0.278796962643254,1.37441184874376,0.611591027850736,0.0199453738961692,2.50049175682363,0.0414725995559302,4
"HUN",2011,9958824,2303650085.0825,1689364643.7195,231.317481369538,169.634953255475,0.00365826035930272,-0.00730516659913949,0.00324646893655434,-0.000383889334013787,0.000411791422748387,-0.0069212772651257,-0.248040794159876,1.35992990582386,0.123379098839302,-0.116903139062326,2.46456050087809,-0.141266239037942,5
"HUN",2012,9913588,2213096729.78346,1631360980.99721,223.238723435295,164.558077357785,-0.0355494375988608,-0.0303852326886247,-0.000565006034046966,-0.00379664889297349,-0.0349844315648138,-0.0265885837956512,-0.218598245743249,1.44625957136438,0.0537404963876984,-0.122264536982447,2.53305157084504,-0.159411251556806,6
"HUN",2013,9872737,2282522199.53771,1638709445.10721,231.194470139103,165.983297752914,0.0350175108759547,0.00862360560481967,0.00759971559423978,0.00311379619553875,0.027417795281715,0.00550980940928092,-0.240112231408384,1.32129614107933,0.00127303193572947,-0.259664305159776,2.42405950738379,-0.322553174754097,7
"HUN",2014,9833034,2474964893.1963,1729097365.13465,251.699006959225,175.845762877932,0.0849747383699517,0.0577200961887865,0.0143852167616156,0.008429829220435,0.0705895216083361,0.0492902669683515,-0.303261210258328,1.15729452012673,-0.0569032160881235,-0.420620694125266,2.23773911968717,-0.446307570949841,8
"ISR",1998,5970700,1637125535.46861,1256814996.00406,274.193232865261,210.497093473807,0.0283530031318113,0.0254796566920295,0.0108206954060837,0.0131351914371987,0.0175323077257277,0.0123444652548308,0.096908724297583,-0.124407998791429,-0.718160261849948,0.0662078846997076,0.188832674294963,-0.0738680714288897,-8
"ISR",1999,6125300,1707556419.85163,1306101869.088,278.771067515326,213.230677532202,0.0165578111828308,0.0129027275026505,0.0166506274038305,0.025915242567133,-9.28162209996586e-05,-0.0130125150644824,0.122483785913669,-0.0666906624948382,-0.805417316383472,0.164713567841858,0.239602252288671,-0.0214637305821204,-7
"ISR",2000,6289200,1871526353.64945,1405142598.20802,297.577808568571,223.421515965149,0.0652848337479188,0.0466856205858663,0.0241677640116311,0.026463216795058,0.0411170697362877,0.0202224037908083,0.088843610928924,-0.0103648133444987,-0.0403663127310652,0.159847412105983,0.328267151349294,0.00816781769222108,-6
"ISR",2001,6439037,1887743894.2139,1464843777.7023,293.171773079407,227.494232088167,-0.0149170387169333,0.0180646912207498,0.00027317453965825,0.0087341731775803,-0.0151902132565915,0.00933051804316953,0.111012654015009,0.0658786237133367,-0.387117317152993,0.266484039725703,0.288934200228742,0.111475093810295,-5
"ISR",2002,6569957,1865814135.60101,1483660021.14573,283.991833675777,225.82492109853,-0.0318132103946942,-0.00736487096724581,0.00528135427973808,0.0146303337104268,-0.0370945646744323,-0.0219952046776726,0.103395496284244,0.187031907048591,-0.193742562340857,0.38308757060196,0.299950846995801,0.247255560424879,-4
"ISR",2003,6689748,1867097708.90964,1468705418.21692,279.098361987573,219.545701604443,-0.0173812114687024,-0.028199595035634,0.0102226217434565,0.0154682746684554,-0.0276038332121589,-0.0436678697040893,0.0876203878044579,0.273206914750981,0.180987263065283,0.448724876973336,0.452841231663169,0.3185276817587,-3
"ISR",2004,6808969,1966857292.7588,1529832877.66681,288.862718094149,224.679078090503,0.0343872797408373,0.0231126458364779,0.025944096998308,0.0198530115722795,0.00844318274252931,0.0032596342641984,0.0678998828127905,0.404499609899105,0.299862142530777,0.547700150743747,0.66411352436919,0.425126414280028,-2
"ISR",2005,6930128,2046366873.34286,1575424025.64296,295.285581066159,227.329715359219,0.0219914081144328,0.0117283897619735,0.0187110647208515,0.0179845509188761,0.0032803433935813,-0.00625616115690253,0.0411158192797489,0.53157705901459,0.436411323139229,0.65653974347231,0.885785078946502,0.545133855592738,-1
"ISR",2006,7053707,2144425800.53106,1645479435.16405,304.014017102079,233.278676753095,0.0291308497600644,0.0258323222429375,0.022319775817591,0.0165281980853953,0.00681107394247338,0.00930412415754223,0.0339839241907504,0.643435794054112,0.571071912105151,0.730025439081308,1.08855319110301,0.633310810834471,0
"ISR",2007,7180160,2287113039.90272,1759126938.28506,318.532322385953,244.998292278314,0.0466501437899005,0.0490174637783323,0.0186971924850292,0.0155929382153133,0.0279529513048713,0.033424525563019,0.0675956214414263,0.621600297690684,0.432824251679368,0.7229730417309,0.988546742019358,0.619236643576238,1
"ISR",2008,7331353,2289239130.94487,1780514628.79715,312.253294984551,242.863033439687,-0.0199092516790698,-0.00875360419311111,-0.0164497829049104,-0.00436033935489011,-0.00345946877415937,-0.004393264838221,0.0036696932755913,0.520019356289539,0.560260217644255,0.519737641512348,0.916873848493905,0.473416701404281,2
"ISR",2009,7485565,2341053348.59344,1799151871.07134,312.742371296414,240.349508830841,0.00156505536943019,-0.010403485254816,-0.0387655942952314,-0.0138168789536808,0.0403306496646616,0.00341339369886473,-0.000996908299177979,0.440906018529868,0.798482642006029,0.435589512827145,0.71055682423042,0.442808475261017,3
"ISR",2010,7623561,2434452463.02988,1874775354.28057,319.332719057391,245.918587688952,0.0208538089691199,0.0229063860244318,0.0174826566979664,0.0116759381748324,0.00337115227115348,0.0112304478495995,-0.00512395031087354,0.456447242203167,1.11137405048337,0.385959930445032,0.74811090833007,0.443188335288977,4
"ISR",2011,7765832,2517968386.09271,1940569503.07111,324.236783140906,249.885588958286,0.0152404953614056,0.0160026321399984,0.00324646893655434,-0.000383889334013787,0.0119940264248513,0.0163865214740122,-0.0659247147024385,0.439869053644944,1.01365061294216,0.356068423545236,0.717203989850558,0.430637670976118,5
"ISR",2012,7910525,2623214974.76332,2009287646.39268,331.610730610588,254.001807262183,0.0224877217994255,0.0163382132543299,-0.000565006034046966,-0.00379664889297349,0.0230527278334725,0.0201348621473034,-0.0650379784972729,0.422366319620294,1.10268427347507,0.337717205622686,0.617530973252529,0.45467037739678,6
"ISR",2013,8059456,2738396076.93744,2085396516.36195,339.774306967795,258.751523224638,0.0243198113176595,0.0185268492220869,0.00759971559423978,0.00311379619553875,0.0167200957234197,0.0154130530265482,-0.0875261081254867,0.363040827199081,1.2889044053508,0.275066888629797,0.500829067658819,0.426045043601527,7
"ISR",2014,8215668,2848862856.79786,2161113172.19921,346.759734789412,263.047773132898,0.0203505390159897,0.0164674311543562,0.0143852167616156,0.008429829220435,0.00596532225437407,0.00803760193392122,-0.123649638867402,0.35503729930233,1.20445559973075,0.308540615712186,0.422804274946704,0.441620371633368,8
"JPN",1998,126486000,52464156016.3368,35449362685.6399,414.782315958579,280.263133355786,-0.0286933614809657,-0.0109843739648046,0.0108206954060837,0.0131351914371987,-0.0395140568870493,-0.0241195654020032,0.0409036657644766,0.792788441314976,0.992542614326053,1.01566323241185,0.588211450137355,0.9227357036386,-8
"JPN",1999,126686000,51755911823.5274,35856747764.4156,408.536948230486,283.03638732311,-0.015171483998218,0.00984654263701312,0.0166506274038305,0.025915242567133,-0.0318221114020485,-0.0160686999301198,0.0839047404945853,0.567586885424068,0.845662573643414,0.807988525514078,0.285429850905124,0.699324244606227,-7
"JPN",2000,126925843,53021228875.6448,36586549447.1913,417.733911569488,288.251380352788,0.0222622958776535,0.0182574813810676,0.0241677640116311,0.026463216795058,-0.00190546813397763,-0.00820573541399039,0.0665521784225446,0.430401086343085,1.01068355415673,0.6571853913364,0.164758413089216,0.55461379771111,-6
"JPN",2001,127291000,53003231559.9902,37318167281.6657,416.394179949802,293.172080364407,-0.00321229505479437,0.0169267937465181,0.00027317453965825,0.0087341731775803,-0.00348546959445262,0.00819262056893777,0.0520312528170406,0.497512590991577,0.881202767259593,0.713985970582898,0.296655753366459,0.619203597372676,-5
"JPN",2002,127435000,52783925842.692,37770020285.1871,414.20273741666,296.386552243788,-0.00527680171287148,0.0109047804760989,0.00528135427973808,0.0146303337104268,-0.0105581559926096,-0.00372555323432788,0.0579626630637999,0.523402473571474,1.0106405466737,0.744716947363653,0.18957126145829,0.663054824761735,-4
"JPN",2003,127619000,52705507664.7029,37748699395.4205,412.991072369341,295.792157871638,-0.00292958167619783,-0.00200748375993332,0.0102226217434565,0.0154682746684554,-0.0131522034196543,-0.0174757584283887,0.0531813551236466,0.544797467252433,1.00037672281708,0.779858762016882,0.176971771190901,0.691519370362881,-3
"JPN",2004,127687000,53149740462.8279,37974320017.887,416.250209205541,297.401615026486,0.00786056770215549,0.00542642616201672,0.025944096998308,0.0198530115722795,-0.0180835292961525,-0.0144265854102628,0.0268112682360528,0.534710590268259,1.03450072166952,0.757125535523054,0.119310288057574,0.686414036974433,-2
"JPN",2005,127767994,53577531010.0872,38365529811.1722,419.334524498265,300.274964097599,0.00738244531371546,0.00961513737833641,0.0187110647208515,0.0179845509188761,-0.011328619407136,-0.00836941354053966,0.0250068961622932,0.583855275019675,0.8568933732695,0.82245784157665,0.222906243735817,0.741774682980784,-1
"JPN",2006,127900515,53758218016.6003,38507734970.073,420.312756493595,301.075683472213,0.00233010327091865,0.00266307137465205,0.022319775817591,0.0165281980853953,-0.0199896725466724,-0.0138651267107432,-0.000497366169368352,0.56608250422235,0.847811024943248,0.826241791985304,0.169422127556233,0.7552122646058,0
"JPN",2007,128032743,54132888564.5806,38680130716.5813,422.805036400576,302.111239752016,0.00591207346657896,0.00343361985263169,0.0186971924850292,0.0155929382153133,-0.0127851190184503,-0.0121593183626816,-0.00267116766375397,0.65783702277152,0.743390912472252,0.963779493767053,0.173073091308223,0.870247163454225,1
"JPN",2008,128083960,52296967767.5625,38022878743.7266,408.302239933575,296.859019222443,-0.0349034816317024,-0.0175379497503023,-0.0164497829049104,-0.00436033935489011,-0.018453698726792,-0.0131776103954122,0.0286415649360757,0.794815614397588,0.843078377660977,1.11103109130826,0.317707116275042,1.02914153138031,2
"JPN",2009,128031514,49625869629.0295,37664292911.6569,387.606676501767,294.179860371384,-0.0520165792049152,-0.00906599309804701,-0.0387655942952314,-0.0138168789536808,-0.0132509849096838,0.00475088585563377,-0.0220441790115162,0.619260048025569,0.74151325332001,0.982643261874703,0.0725146837822559,0.878642140465762,3
"JPN",2010,128057352,51075695033.4097,38359024433.2868,398.850157649751,299.545663206332,0.0285946965127968,0.0180755204752838,0.0174826566979664,0.0116759381748324,0.0111120398148303,0.00639958230045146,-0.0219405525446938,0.691862030929125,0.929436967231993,1.08760673008597,0.090448542879995,0.965303190681252,4
"JPN",2011,127834233,50311928219.7246,38333030594.4871,393.571636008678,299.865143278852,-0.0133227020224584,0.00106598045719419,0.00324646893655434,-0.000383889334013787,-0.0165691709590128,0.00144986979120798,-0.0289293202746248,0.759635116391689,0.8677827795014,1.16086351482938,0.170095030884326,1.04984220215663,5
"JPN",2012,127592657,50759471044.4103,38901907002.0891,397.824390822195,304.891424920237,0.0107475792289229,0.0166228781751485,-0.000565006034046966,-0.00379664889297349,0.0113125852629699,0.020419527068122,0.00364068843956666,0.689592871464844,0.73628591166382,1.11263471471279,0.122390374083391,0.983204553242136,6
"JPN",2013,127413888,51508549288.2285,39667164618.9853,404.26165543452,311.32528205234,0.016051651461007,0.0208825592187143,0.00759971559423978,0.00311379619553875,0.00845193586676718,0.0177687630231755,-0.0673699218072965,0.791543405221823,1.48805712573316,1.09520211641401,0.318451410920106,1.06181287127392,7
"JPN",2014,127237150,51456389496.0406,39210101255.6189,404.413251130197,308.165510274467,0.000374923708458041,-0.0102012789182861,0.0143852167616156,0.008429829220435,-0.0140102930531576,-0.0186311081387212,-0.055115612018744,0.790946566686283,1.43923510953047,1.0636628072258,0.378320132038592,1.0408918682717,8
"KOR",1998,46286503,10055160168.9812,6191861569.65529,217.237413009603,133.772507498682,-0.0863158140627398,-0.117937836996791,0.0108206954060837,0.0131351914371987,-0.0971365094688235,-0.13107302843399,0.123379659362554,-0.261442752140056,-2.24849183913487,-0.088191385360364,0.263832351050807,-0.260403283279198,-8
"KOR",1999,46616677,10982297207.2457,6970636282.19571,235.587302956959,149.530956103879,0.0810907333007087,0.111362783653349,0.0166506274038305,0.025915242567133,0.0644401058968782,0.0854475410862161,0.153605288024927,-0.71098357886529,-2.45066448867872,-0.528727223742811,-0.0903258358387187,-0.743762086481388,-7
"KOR",2000,47008111,11837397938.1054,7714026952.91156,251.816073573035,164.099913585372,0.0666173963029815,0.0929720358626431,0.0241677640116311,0.026463216795058,0.0424496322913503,0.0665088190675851,0.151622433155239,-0.87948163585707,-2.40779456491191,-0.728388070878659,-0.288698633838987,-0.934042359344332,-6
"KOR",2001,47370164,12334171655.5288,8241419530.66606,260.378487512283,173.979121766732,0.0334373394263432,0.058459830670266,0.00027317453965825,0.0087341731775803,0.0331641648866849,0.0497256574926856,0.153952565664552,-0.974359672706883,-2.35859267863766,-0.854519734820065,-0.37855212972896,-1.03787231017141,-5
"KOR",2002,47644736,13321323561.2943,9004437121.91745,279.596964527083,188.991227108855,0.0712128601350877,0.0827652944000539,0.00528135427973808,0.0146303337104268,0.0659315058553496,0.0681349606896271,0.15808069107342,-1.09428588473667,-1.89391153965172,-0.981054507589818,-0.648749061904228,-1.12896921222244,-4
"KOR",2003,47892330,13737534219.1571,9086430010.73334,286.842052143987,189.726204816791,0.025582569487975,0.00388140903323198,0.0102226217434565,0.0154682746684554,0.0153599477445185,-0.0115868656352234,0.141794793913794,-1.02307117449902,-1.56082307298907,-0.892088132807491,-0.614846041549082,-1.0449740959795,-3
"KOR",2004,48082519,14403629753.9457,9209476763.17242,299.560631462459,191.534822939963,0.0433851160407599,0.00948762951570181,0.025944096998308,0.0198530115722795,0.0174410190424519,-0.0103653820565777,0.111123723920407,-0.940302820765569,-0.883187245240432,-0.854648176471291,-0.555402580454694,-0.958504191946946,-2
"KOR",2005,48184561,14794997438.8295,9638140433.10502,307.048505408808,200.025490179417,0.0246888938356156,0.0433751742061554,0.0187110647208515,0.0179845509188761,0.00597782911476408,0.0253906232872794,0.103910732417669,-0.89637623905525,-0.918899015810295,-0.800846674181931,-0.485345155911982,-0.900753034016697,-1
"KOR",2006,48438292,15204643932.3314,10100113963.9167,313.897193822016,208.515072412477,0.0220597909072362,0.0415665190502255,0.022319775817591,0.0165281980853953,-0.000259984910354838,0.0250383209648302,0.0711898823976463,-0.83193748491936,-0.345336869012684,-0.766591521179014,-0.618812576985002,-0.764893043832637,0
"KOR",2007,48683638,16089198612.535,10613421830.6581,330.484722865926,218.007985160396,0.0514949098261708,0.0445203629202124,0.0186971924850292,0.0155929382153133,0.0327977173411416,0.0289274247048992,0.0398164356742953,-0.612137679191324,0.366463567922167,-0.80959335606128,-0.495624693915167,-0.52596178417254,1
"KOR",2008,49054708,16297896439.6349,10864216579.8305,332.239189755953,221.471435113436,0.00529472667382969,0.0157619287614512,-0.0164497829049104,-0.00436033935489011,0.0217445095787401,0.0201222681163413,0.0521875331160505,-0.481187049682234,0.274873418517989,-0.646428563690291,-0.0945017956563943,-0.522173552841725,2
"KOR",2009,49307835,16550680816.2459,11005710199.7065,335.660262030281,223.204085105472,0.0102443629333449,0.00779291272770255,-0.0387655942952314,-0.0138168789536808,0.0490099572285763,0.0216097916813833,0.0650960438695826,-0.410609399112537,0.31868435583288,-0.621732494045143,-0.070706422043973,-0.447763426158741,3
"KOR",2010,49554112,17668287085.3093,11432246940.1562,356.545327364746,230.702286424913,0.0603618537335153,0.0330415431615938,0.0174826566979664,0.0116759381748324,0.0428791970355489,0.0213656049867614,0.0769752500177511,-0.463518923890195,0.389984225256279,-0.683472474769223,-0.105756116559153,-0.515950123937805,4
"KOR",2011,49936638,17835474751.1738,11745842946.0613,357.16210512958,235.214932692531,0.00172837745634791,0.0193716274029692,0.00324646893655434,-0.000383889334013787,-0.00151809148020643,0.0197555167369829,0.0932243450719481,-0.355527357441711,0.200661375494935,-0.504499941320787,0.00232208459228689,-0.416566675901767,5
"KOR",2012,50199853,18129674632.2637,12011861412.7633,361.14995460771,239.280808506815,0.0111035040971057,0.0171380898830265,-0.000565006034046966,-0.00379664889297349,0.0116685101311527,0.0209347387759999,0.11166719302448,-0.302242009810451,0.347011214700479,-0.490758371569923,0.0215047392523575,-0.349863400956322,6
"KOR",2013,50428893,18684929229.5875,12294830496.7398,370.520313217811,243.80528235549,0.0256150109233788,0.0187320903388697,0.00759971559423978,0.00311379619553875,0.018015295329139,0.0156182941433309,0.0866702700897309,-0.272473172233726,0.507609163934716,-0.448834219699559,0.051622364064509,-0.318366936550082,7
"KOR",2014,50746659,19243031429.5586,12617583088.4686,379.197996651535,248.638695376351,0.0231502175429288,0.0196309365570366,0.0143852167616156,0.008429829220435,0.00876500078131315,0.0112011073366016,0.0884328997727977,-0.241369021882126,0.462455866143962,-0.367207163634869,0.0163852575335024,-0.257195404430941,8
"MEX",1998,96799183,14724151327.2365,11205167975.6773,152.110285137804,115.756844514662,0.0440186126335131,0.0357539892699972,0.0108206954060837,0.0131351914371987,0.0331979172274295,0.0226187978327985,0.0792774295221422,-0.976043384800486,-1.15624060688397,-0.910527649841496,-0.29485742999843,-1.02085132997521,-8
"MEX",1999,98085415,14965440051.1048,11439898252.8971,152.575589868328,116.632001331667,0.00305432663885075,0.00753186712595166,0.0166506274038305,0.025915242567133,-0.0135963007649798,-0.0183833754411813,0.123723362689702,-1.1413392404899,-1.59619621633854,-1.0040443363409,-0.537332291886091,-1.16916365208625,-7
"MEX",2000,99368858,15891282984.1498,12402543540.4194,159.922165797153,124.813183828875,0.0470270885933779,0.0677943997900918,0.0241677640116311,0.026463216795058,0.0228593245817468,0.0413311829950338,0.124100016617994,-1.1359824887937,-1.60813591016985,-0.918505927589957,-0.88573098221852,-1.09687351292963,-6
"MEX",2001,100739263,15835295058.2083,12448492027.7804,157.190896445294,123.571402619655,-0.0172262654392714,-0.00999894214810215,0.00027317453965825,0.0087341731775803,-0.0174994399789297,-0.0187331153256824,0.0613683648669643,-0.953912249805899,-0.776785128593308,-1.03137935471737,-0.130950684520684,-1.11667551663545,-5
"MEX",2002,102167274,15868762725.2054,12615243828.9355,155.321387210599,123.476367089284,-0.0119645315343178,-0.000769369706684842,0.00528135427973808,0.0146303337104268,-0.0172458858140558,-0.0153997034171116,0.0637602422170632,-0.997939323075224,-0.764760395710094,-1.11704035381435,-0.205408775978796,-1.19038586540967,-4
"MEX",2003,103587899,16015849247.7301,12996469907.9218,154.611198820917,125.463205966961,-0.00458286520796225,0.015962757884675,0.0102226217434565,0.0154682746684554,-0.0148054869514187,0.000494483216219699,0.0327015347061239,-0.86518278978542,-0.596223069545776,-1.03972901602059,-0.0070930220111669,-1.1019047783767,-3
"MEX",2004,104970581,17130182939.5821,13693021771.8058,163.190322244497,130.446279722942,0.0540035698766532,0.0389489563389676,0.025944096998308,0.0198530115722795,0.0280594728783452,0.0190959447666881,0.0355425429612083,-0.839612224366974,-0.613582861061698,-1.02045376571899,0.00191176246428348,-1.074207761494,-2
"MEX",2005,106370948,17811273864.9729,14481095284.3783,167.444910474737,136.137691321303,0.025737263680675,0.0427053173750949,0.0187110647208515,0.0179845509188761,0.00702619895982348,0.0247207664562188,0.0402733030578859,-0.813036422742774,-0.891325114664491,-0.987677927118845,0.103046977514225,-1.05979898542261,-1
"MEX",2006,107885646,19113424421.9353,15131414557.3084,177.16373892719,140.254196163486,0.0564199791570106,0.0297896533702282,0.022319775817591,0.0165281980853953,0.0341002033394195,0.0132614552848329,0.0543267748731796,-0.870558326943946,-1.07094105720211,-1.07936196720832,0.0533095713283536,-1.15239896190604,0
"MEX",2007,109538665,19916099882.4461,15787663106.3852,181.817989861809,144.128679187255,0.0259317473461698,0.0272500428909064,0.0186971924850292,0.0155929382153133,0.00723455486114055,0.0116571046755931,0.0860378865741563,-0.842716273897353,-1.28308213519052,-0.969947710237266,-0.073533663664378,-1.07691500550991,1
"MEX",2008,111275915,20330669781.388,16373088710.3874,182.705033532081,147.139555854359,0.00486688282638159,0.0206749899600487,-0.0164497829049104,-0.00436033935489011,0.021316665731292,0.0250353293149388,0.0657994789234363,-0.808047831990892,-1.31826456540632,-0.772814152920718,-0.368406623982441,-0.879285247796945,2
"MEX",2009,113030218,19041054214.0069,15328557162.3128,168.459855699888,135.614682812633,-0.0811755375064651,-0.0815638460018748,-0.0387655942952314,-0.0138168789536808,-0.0424099432112337,-0.067746967048194,0.110860645215265,-0.78005677228822,-1.24822813943444,-0.990183506685298,-0.0929220922851961,-1.09656624634041,3
"MEX",2010,114756059,20029145205.5486,16387227804.8967,174.536711874609,142.80054532804,0.0354376264475906,0.0516312187484465,0.0174826566979664,0.0116759381748324,0.0179549697496242,0.0399552805736141,0.104269319661011,-0.707889342680803,-0.869358083256005,-0.994130020703916,0.00676849404152513,-1.07212526816043,4
"MEX",2011,116446180,21172230467.385,17198360088.4805,181.819879942691,147.693639142826,0.0408814236342856,0.033691253827203,0.00324646893655434,-0.000383889334013787,0.0376349546977313,0.0340751431612167,0.120514566640503,-0.75766224089347,-1.05381562920558,-1.0488334163966,-0.0805198088368129,-1.11785598192143,5
"MEX",2012,118060514,22015225164.2203,17746841688.7618,186.474075186733,150.319874846231,0.0252756959949503,0.0176253999733769,-0.000565006034046966,-0.00379664889297349,0.0258407020289972,0.0214220488663504,0.143465336359154,-0.676306025330452,-0.807085268395032,-1.07689915159298,0.017877018682799,-1.09382352702418,6
"MEX",2013,119597654,21753118112.6919,17937754219.2856,181.885826227761,149.984164566352,-0.0249130605747521,-0.00223580355683772,0.00759971559423978,0.00311379619553875,-0.0325127761689918,-0.00534959975237648,0.119797460601353,-0.736667013769877,-0.611230977556463,-0.999776739128098,-0.12838872125165,-1.03417788978738,7
"MEX",2014,121048604,22372738438.6981,18471447453.1612,184.824423408453,152.595295135838,0.0160271499711042,0.0172595680583232,0.0143852167616156,0.008429829220435,0.00164193320948858,0.00882973883788818,0.121275906332677,-0.717701873522431,-0.646379301850462,-0.986733143384952,-0.125349366368561,-1.01809086155139,8
"NOR",1998,4431465,1625047590.03773,1148988801.06004,366.706628629072,259.279674116808,-0.0087798479063057,0.0350443985601752,0.0108206954060837,0.0131351914371987,-0.0196005433123894,0.0219092071229765,-0.291325751087099,0.95254707839136,2.15820175846065,0.722471676397116,1.71314254418672,0.880513579144594,-8
"NOR",1999,4461915,1730517265.46324,1193511600.5068,387.84182698757,267.488645683927,0.0560354427533181,0.0311698174387836,0.0166506274038305,0.025915242567133,0.0393848153494876,0.0052545748716506,-0.25732580450042,1.049584983299,2.10344815154046,0.799279014298865,1.85853544426463,0.952467429894868,-7
"NOR",2000,4490973,2003935552.186,1242127902.77807,446.214117115824,276.583248836738,0.140201325933126,0.033434737036723,0.0241677640116311,0.026463216795058,0.116033561921495,0.00697152024166492,-0.307243130439389,1.17288463018463,2.58979293621505,0.985118198700239,1.7276186380317,1.13029890919385,-6
"NOR",2001,4513747,2022066817.64567,1282480499.9486,447.979653632707,284.127688137727,0.00394889534890464,0.0269118868068876,0.00027317453965825,0.0087341731775803,0.00367572080924639,0.0181777136293073,-0.276535891684533,1.26399581569946,2.40526468555572,1.11179379413899,1.82280208793695,1.21385160905305,-5
"NOR",2002,4538157,1994891417.70869,1342289245.53513,439.581842961512,295.778494559604,-0.018923897254016,0.0401871017580611,0.00528135427973808,0.0146303337104268,-0.0242052515337541,0.0255567680476343,-0.363500172135152,1.41736315018592,2.73562708073638,1.29666591772186,1.80325216645595,1.4028481956748,-4
"NOR",2003,4564856,2025107200.27259,1389136456.5202,443.630029134016,304.311123181147,0.00916702922431423,0.0284397645786845,0.0102226217434565,0.0154682746684554,-0.00105559251914222,0.0129714899102291,-0.352470620350927,1.47881628169816,2.70179734501785,1.40504691292163,1.73660212237293,1.50334533576272,-3
"NOR",2004,4591909,2224717527.23259,1469519286.23212,484.486414524458,320.02360809679,0.0880984433849665,0.0503441588008151,0.025944096998308,0.0198530115722795,0.0621543463866585,0.0304911472285356,-0.353445169055805,1.46665637271993,2.64985298384588,1.39907661513059,1.62741149224344,1.51378690041197,-2
"NOR",2005,4623293,2454856099.26119,1532249959.01453,530.975670211945,331.419609143208,0.091626810641837,0.0349905054861877,0.0187110647208515,0.0179845509188761,0.0729157459209855,0.0170059545673116,-0.355326407189156,1.46799280279836,2.42657288806677,1.3981397888954,1.66924494882727,1.523761401289,-1
"NOR",2006,4660673,2682234998.9424,1609880746.30676,575.503795040415,345.418085822962,0.080529621093949,0.0413702524462982,0.022319775817591,0.0165281980853953,0.058209845276358,0.0248420543609029,-0.359978792192767,1.53491025927765,2.3618312223743,1.56683721806998,1.50913454377623,1.6606413021352,0
"NOR",2007,4709156,2838117373.92772,1709347863.11948,602.680687139632,362.983911155093,0.0461416935962555,0.0496029850883479,0.0186971924850292,0.0155929382153133,0.0274445011112263,0.0340100468730347,-0.372751731162005,1.59869367074683,2.33745666740092,1.6206174822546,1.51571066678832,1.73731896584839,1
"NOR",2008,4768215,3046610247.57067,1750856271.76008,638.941458715823,367.19323095961,0.0584253202049414,0.0115297129747551,-0.0164497829049104,-0.00436033935489011,0.0748751031098518,0.0158900523296452,-0.490237069916306,1.54474636547683,2.57631589978294,1.56629571012979,1.3702190925405,1.71509368957188,2
"NOR",2009,4828716,2785870251.48128,1796316649.50136,576.938103520954,372.007102820162,-0.102077848450817,0.013024723322884,-0.0387655942952314,-0.0138168789536808,-0.0633122541555853,0.0268416022765647,-0.528237712031612,1.67535628274976,2.8347506622117,1.57595182661885,1.41504041977375,1.87324319716985,3
"NOR",2010,4889253,2908304607.9132,1860026573.15801,594.836186205378,380.431647361675,0.0305510625103196,0.0223935744743597,0.0174826566979664,0.0116759381748324,0.0130684058123531,0.0107176362995274,-0.490217114912228,1.68424576732824,3.01360204209705,1.59423947355516,1.36889889922681,1.8987618822815,4
"NOR",2011,4953089,3102606889.90755,1918670820.66956,626.398372794745,387.368533185969,0.0517004966267027,0.0180699998632763,0.00324646893655434,-0.000383889334013787,0.0484540276901484,0.0184538891972901,-0.555985898930599,1.6494144959885,2.87955341915581,1.58987277311657,1.31998082670384,1.88228341210589,5
"NOR",2012,5018574,3274340370.10539,2002652844.59112,652.444373661799,399.04818472162,0.040739337506059,0.0297056512807599,-0.000565006034046966,-0.00379664889297349,0.0413043435401059,0.0335023001737333,-0.548409115658614,1.6660339411246,2.93039960447869,1.55513065315824,1.31087567454047,1.91097368874031,6
"NOR",2013,5080171,3330846839.60957,2070906814.54512,655.656441409072,407.645099849025,0.00491104992229197,0.0213147692391766,0.00759971559423978,0.00311379619553875,-0.00268866567194781,0.0182009730436379,-0.574749786234247,1.67137357831346,3.10905639764404,1.5667864690322,1.18922333738921,1.94364567679059,7
"NOR",2014,5137427,3343725461.01349,2132554292.34945,650.856053237057,415.101624285747,-0.00734843301262167,0.0181264254989824,0.0143852167616156,0.008429829220435,-0.0217336497742373,0.00969659627854735,-0.59057998454043,1.66936591934286,3.06928259720225,1.57686217402549,1.04584789171591,1.96473138055949,8
"POL",1998,38283500,5778620974.47269,4600198767.39823,150.942859834464,120.161395050041,0.0404591889490513,0.0344416429671712,0.0108206954060837,0.0131351914371987,0.0296384935429677,0.0213064515299726,0.131011966926,-1.62411098920705,-5.89678382821275,-1.32964151554999,-1.6831714605103,-1.51194736808921,-8
"POL",1999,38270000,5995032895.2071,4820261297.48431,156.65097714155,125.954044878085,0.0371189016091966,0.0470813193484778,0.0166506274038305,0.025915242567133,0.0204682742053661,0.0211660767813449,0.157281592338412,-1.4524640214368,-5.07009943671527,-1.08643541701501,-1.76468544228407,-1.31766782455208,-7
"POL",2000,38258478,6054816368.13755,4950679056.08484,158.260774726521,129.400836491322,0.0102238903299003,0.0269977291961601,0.0241677640116311,0.026463216795058,-0.0139438736817308,0.000534512401102027,0.157661616417098,-1.20910116814148,-4.25375597917427,-0.821618289165355,-1.94031391901035,-1.04089148635948,-6
"POL",2001,38248076,6001194718.09972,4988380153.10478,156.901871824866,130.421727699579,-0.00862355572800055,0.00785841264527409,0.00027317453965825,0.0087341731775803,-0.0088967302676588,-0.000875760532306202,0.156013365899736,-1.05442199280007,-3.64170373316646,-0.661451038123258,-2.01470514053692,-0.861484720906814,-5
"POL",2002,38232301,6109875826.32271,5193731906.85438,159.809262495676,135.846699544827,0.0183604049862174,0.0407537816532679,0.00528135427973808,0.0146303337104268,0.0130790507064793,0.0261234479428412,0.160421104459453,-1.19923731278362,-2.96440346769936,-0.837865376419803,-2.03576009262473,-1.00740665396487,-4
"POL",2003,38195177,6330926234.67137,5306896396.88001,165.751980535955,138.941531724804,0.0365115832252858,0.0225261688368938,0.0102226217434565,0.0154682746684554,0.0262889614818294,0.0070578941684385,0.150127249702631,-1.08500718821872,-3.05934971881853,-0.845312672607772,-0.922150422986654,-1.03548358561325,-3
"POL",2004,38180249,6753001249.16338,5562323685.924,176.87158743159,145.685893403262,0.0649313966089284,0.0473996794785414,0.025944096998308,0.0198530115722795,0.0389872996106204,0.0275466679062619,0.130321558065796,-0.732918607740948,-2.21162548895242,-0.462953228100101,-0.741777294089619,-0.64726997836699,-2
"POL",2005,38161313,7003183201.73122,5683306883.16571,183.515258024042,148.928494236184,0.0368738394942465,0.0220133972551855,0.0187110647208515,0.0179845509188761,0.018162774773395,0.0040288463363094,0.110980596200278,-0.782670023934976,-1.88084958497376,-0.549523374565706,-0.546359161385851,-0.735864823017752,-1
"POL",2006,38132277,7471809638.29565,6009468508.90009,195.944491809279,157.595322956982,0.0655336000330591,0.0565642140152018,0.022319775817591,0.0165281980853953,0.043213824215468,0.0400360159298065,0.0935157339007472,-0.730196379229683,-1.1480453249111,-0.601837273751099,-0.281545638284762,-0.741693793851343,0
"POL",2007,38115967,8080982420.966,6334239307.53118,212.010426521935,166.183355850087,0.0788040411041804,0.0530612317856169,0.0186971924850292,0.0155929382153133,0.0601068486191512,0.0374682935703037,0.0925314758718143,-0.734524907462764,-0.753967938481101,-0.689911547679045,-0.318198456460482,-0.758268769647154,1
"POL",2008,38115909,8416554157.80938,6773726199.13352,220.814730085786,177.713883174963,0.0406885693529428,0.0670831270484555,-0.0164497829049104,-0.00436033935489011,0.0571383522578532,0.0714434664033456,0.120458540443242,-0.96829431943299,-1.43906529372802,-0.987395791889151,-0.45480342093785,-1.08624557389218,2
"POL",2009,38153389,8644334666.69106,6932979554.61557,226.567937823061,181.713334944258,0.0257208216640725,0.022255503457477,-0.0387655942952314,-0.0138168789536808,0.0644864159593039,0.0360723824111577,0.109335341196829,-0.918642387417736,-0.990809063505122,-1.04857701398536,-0.36755794956195,-1.10435123239389,3
"POL",2010,38516689,8831199543.12356,7204737188.81161,229.282416853732,187.054946202972,0.0119096588952159,0.0289720410513654,0.0174826566979664,0.0116759381748324,-0.00557299780275056,0.017296102876533,0.107759265086625,-0.723442063644561,-0.707570737117696,-1.02740400643168,-0.0250349525907856,-1.06821899793318,4
"POL",2011,38525670,9190659029.9885,7347220631.89837,238.559356138089,190.709743189369,0.0396636469790099,0.019350199355225,0.00324646893655434,-0.000383889334013787,0.0364171780424556,0.0197340886892388,0.125082480804704,-0.745450949183012,-1.19203882683163,-1.02353444228383,-0.0589934335238693,-1.1176560415504,5
"POL",2012,38533789,9205555422.71072,7362800977.40587,238.895672125851,191.073890434337,0.00140878626666829,0.00190761113534066,-0.000565006034046966,-0.00379664889297349,0.00197379230071526,0.00570426002831415,0.158109740742209,-0.65281446777003,-1.03273424364166,-0.883913518086529,-0.0259341981759786,-0.980393752667548,6
"POL",2013,38502396,9202370187.52107,7339339844.80098,239.007727922207,190.62034073934,0.000468947483521553,-0.00237650910817333,0.00759971559423978,0.00311379619553875,-0.00713076811071822,-0.00549030530371208,0.148625144565616,-0.737408636024689,-0.85397354691329,-0.928300378266056,-0.135150963201788,-1.0280011089874,7
"POL",2014,38483957,9604107635.85726,7564713481.38321,249.561333722966,196.567974581803,0.043208825714828,0.0307245930756217,0.0143852167616156,0.008429829220435,0.0288236089532123,0.0222947638551867,0.145225009139692,-0.848105438931056,-0.90912877610877,-1.02141787613359,-0.296717747277368,-1.10308033223776,8
"SWE",1998,8850975,2961968002.13187,2161385665.82083,334.648781872265,244.197465908652,0.0523337993088306,0.0444330874003169,0.0108206954060837,0.0131351914371987,0.041513103902747,0.0312978959631183,-0.147203581823838,1.20090822583469,2.63051430576431,0.603674187177343,2.3003921595754,0.971236378204718,-8
"SWE",1999,8857879,3103048636.88795,2273552990.6318,350.315085235185,256.67013408422,0.0457514235015433,0.0498145509990922,0.0166506274038305,0.025915242567133,0.0291007960977128,0.0238993084319592,-0.158429339463347,1.36674074169019,2.71702769901261,0.644836387854369,2.49321616386739,1.11331441770134,-7
"SWE",2000,8872112,3268407708.66692,2377770933.09574,368.391168716865,268.005062728665,0.0503123390619509,0.0432141356036215,0.0241677640116311,0.026463216795058,0.0261445750503198,0.0167509188085635,-0.168454280982011,1.43683997694163,2.97018422595302,0.796421131571833,2.49866604319691,1.1532279820257,-6
"SWE",2001,8895963,3318830279.55779,2405031800.55517,373.071502158653,270.350922160442,0.0126247639696944,0.00871495569855973,0.00027317453965825,0.0087341731775803,0.0123515894300361,-1.92174790205613e-05,-0.23883887542102,1.50858312064209,3.00175402539781,0.735613722987917,2.56760325721836,1.19880705013266,-5
"SWE",2002,8924960,3376647593.33392,2470263041.62683,378.337560429842,276.781413208219,0.0140167180592581,0.0235072458651064,0.00528135427973808,0.0146303337104268,0.00873536377952,0.00887691215467967,-0.268227265840421,1.4696846300017,2.96260196724453,0.751792790877034,2.49490511428723,1.11153337238103,-4
"SWE",2003,8958232,3437536729.15002,2523499427.28843,383.72937083456,281.696145767204,0.0141507265462639,0.0176009200664771,0.0102226217434565,0.0154682746684554,0.00392810480280747,0.00213264539802172,-0.258959544389294,1.52847140386787,2.95015576576044,0.831541504982369,2.49310666210086,1.21447192380683,-3
"TUR",1998,62464000,11217935017.6719,8275275671.46652,179.590404355659,132.480719637976,-0.0417242031630094,-0.0292669494903022,0.0108206954060837,0.0131351914371987,-0.0525448985690931,-0.0424021409275008,0.0888119306534635,-1.06280131774112,-1.36868383946989,-0.756251676974977,-1.78448684314933,-0.888420853102652,-8
"TUR",1999,63364000,10162555596.4117,7977608755.4227,160.383744656456,125.901280781243,-0.113109378820853,-0.0509390086692614,0.0166506274038305,0.025915242567133,-0.129760006224684,-0.0768542512363943,0.14099418044314,-0.938845226186,-1.35964756876549,-0.609073232550279,-1.47795964209293,-0.78393938969503,-7
"TUR",2000,64268751,10483466293.9699,8229156646.88161,163.11918515376,128.042890500262,0.0169117831185064,0.016867175822596,0.0241677640116311,0.026463216795058,-0.00725598089312474,-0.00959604097246203,0.136023177424757,-1.00626005196841,-1.25687057114187,-0.70981542148469,-1.27528201220208,-0.881639761854426,-6
"TUR",2001,65166331,9795008433.86442,7418377000.06146,150.307809010521,113.837573578624,-0.0817958793075366,-0.117592650583886,0.00027317453965825,0.0087341731775803,-0.0820690538471949,-0.126326823761466,0.132073600144187,-0.631455850008102,-1.23473838147825,-0.345857071880653,-0.822407782674701,-0.511147337167405,-5
"TUR",2002,66002506,9895196485.78255,7524937591.17899,149.921527006604,114.009877006473,-0.00257324765255973,0.00151244580750642,0.00528135427973808,0.0146303337104268,-0.00785460193229781,-0.0131178879029203,0.137071453543016,-0.792824064397858,-1.42945449648526,-0.538739902491445,-0.913134880028063,-0.685973364186609,-4
"TUR",2003,66794551,10614177512.0983,8185871569.79293,158.907835342712,122.552984446185,0.058212378309948,0.0722583775145544,0.0102226217434565,0.0154682746684554,0.0479897565664915,0.0567901028460991,0.134293536389164,-0.959741027108155,-1.60816457680033,-0.669118819544994,-1.18767531129675,-0.833084162406182,-3
"TUR",2004,67598736,12072369060.9642,9189101804.3943,178.588680429827,135.936000406787,0.11676090475711,0.103640727168211,0.025944096998308,0.0198530115722795,0.0908168077588023,0.0837877155959319,0.123726066771851,-1.03709392730561,-1.88912689771337,-0.726343276588925,-1.37142993875073,-0.896208985300612,-2
"TUR",2005,68435380,13035185651.7015,9711703877.75561,190.474366500216,141.910571370476,0.0644323394773094,0.0430128903941007,0.0187110647208515,0.0179845509188761,0.0457212747564579,0.0250283394752246,0.118958028675874,-1.12443688757718,-2.32455052742303,-0.788673790958193,-1.37190902339257,-0.982103450650186,-1
"TUR",2006,69295253,13922505461.2202,10224213394.8541,200.915717289035,147.545653594109,0.0533678766922678,0.0389405636560181,0.022319775817591,0.0165281980853953,0.0310481008746768,0.0224123655706228,0.11686795729482,-1.03229568079875,-2.52349220682976,-0.604079589624333,-1.65291569240027,-0.816084252752359,0
"TUR",2007,70158112,14296303992.7511,10593985299.1899,203.772644177641,151.001573405936,0.014119379862727,0.0231526128855242,0.0186971924850292,0.0155929382153133,-0.00457781262230217,0.0075596746702109,0.145261297598645,-1.13213158726221,-2.87050446804225,-0.67149202089827,-1.73284927582481,-0.904095623849762,1
"TUR",2008,71051689,14632229326.5221,10709664216.2468,205.937811366062,150.730607068986,0.0105693536262583,-0.00179607232722478,-0.0164497829049104,-0.00436033935489011,0.0270191365311687,0.00256426702766532,0.160279991663037,-0.9468818263108,-2.99703538426163,-0.529583576564779,-1.46945161390866,-0.704791043108433,2
"TUR",2009,72039215,13829914141.5159,10487022515.754,191.977579732315,145.573803320233,-0.0701956436582947,-0.0348109870167868,-0.0387655942952314,-0.0138168789536808,-0.0314300493630633,-0.020994108063106,0.164086056555387,-0.993936727192122,-3.01536570388403,-0.54161669531617,-1.31564886311664,-0.780998830162126,3
"TUR",2010,73142162,14781576460.3322,11132207346.3293,202.093786349003,152.199593803767,0.0513532855270862,0.0445095792685173,0.0174826566979664,0.0116759381748324,0.0338706288291197,0.0328336410936849,0.165040822942961,-1.21907718258168,-2.95298319013166,-0.768242495767382,-1.47849293216464,-1.01869459505813,4
"TUR",2011,74223642,16691888323.4902,12470940882.1658,224.886409151012,168.01844461049,0.106863547998993,0.0988809861330004,0.00324646893655434,-0.000383889334013787,0.103617079062439,0.0992648754670142,0.174169401413487,-1.278525359965,-3.08975674577306,-0.891769717768864,-1.36660310773628,-1.11858928708131,5
"TUR",2012,75175836,17237612357.8089,12751452519.861,229.297248623998,169.621692266395,0.0194237642608206,0.00949685496809227,-0.000565006034046966,-0.00379664889297349,0.0199887702948676,0.0132935038610658,0.212377974806257,-1.36487499345121,-3.16581498120374,-0.965679374473002,-1.4307229375271,-1.21158811766939,6
"TUR",2013,76147634,18473567599.7961,13466656286.372,242.601990756484,176.849306787023,0.0564030116287366,0.0417273781713678,0.00759971559423978,0.00311379619553875,0.0488032960344968,0.0386135819758291,0.198333035671722,-1.50605388784635,-3.0496153118368,-1.10697395094066,-1.50854375067275,-1.37919127008386,7
"TUR",2014,77181894,19107479578.8491,13845391592.5517,247.564274321244,179.386522861848,0.0202480401237981,0.0142448275372553,0.0143852167616156,0.008429829220435,0.00586282336218247,0.00581499831682031,0.217812420891694,-1.43313974449423,-3.09091073715611,-1.07277305961752,-1.35841171047097,-1.34981169077826,8
"USA",1998,275854104,131774951232.251,103887461366.753,477.697990790997,376.602921110622,0.0279332862784454,0.0286684369601717,0.0108206954060837,0.0131351914371987,0.0171125908723617,0.0155332455229731,0.00890184941498251,0.835699771378676,2.15109356176254,0.250938307656305,1.99795133462897,0.566788042283392,-8
"USA",1999,279040168,137040459864.908,108639868912.491,491.113737664136,389.334158200803,0.0276970315249114,0.0332466206575148,0.0166506274038305,0.025915242567133,0.0110464041210809,0.00733137809038187,0.0161539924958398,0.861719269801361,2.06331662252388,0.197664089500235,2.0508093758268,0.567278604701837,-7
"USA",2000,282162411,141094644104.264,112930845820.311,500.047627195333,400.233487586379,0.0180276023703314,0.0276101023920168,0.0241677640116311,0.026463216795058,-0.00614016164129971,0.00114688559695875,0.0282501115026613,0.764288589760241,2.24157398907002,0.210996718952072,1.7858195146816,0.507379447412558,-6
"USA",2001,284968955,141647057658.182,115277437742.541,497.061364660518,404.526302672308,-0.00598985965974119,0.0106686637560776,0.00027317453965825,0.0087341731775803,-0.00626303419939944,0.00193449057849726,0.0354416454135704,0.657537827447819,1.95704716537361,0.218056110121921,1.54758047604931,0.458497061277784,-5
"USA",2002,287625193,144010252574.805,118521809780.794,500.687200146634,412.070335510541,0.00726806647518252,0.018477292505227,0.00528135427973808,0.0146303337104268,0.00198671219544444,0.00384695879480024,0.0338235678835301,0.545593095764148,1.92467367215875,0.237313868498045,1.23015818471677,0.411085902465477,-4
"USA",2003,290107933,147608072669.383,122234782960.492,508.803985961261,421.342435198049,0.0160812909466976,0.0222518362947897,0.0102226217434565,0.0154682746684554,0.00585866920324118,0.00678356162633431,0.00345631037805894,0.67290348183587,2.09528578869164,0.211995768858881,1.43022581275441,0.497657930417319,-3
"USA",2004,292805298,153305386533.059,126535836959.068,523.574496705516,432.150093674426,0.0286164792202186,0.0253270786299309,0.025944096998308,0.0198530115722795,0.00267238222191057,0.00547406705765141,-0.0206376200028676,0.76038141886392,2.06836584428364,0.302192707333038,1.50422545838062,0.585309482750056,-2
"USA",2005,295516599,158251055517.015,130238602430.905,535.506486107791,440.715015236438,0.0225336768017552,0.0196254756381844,0.0187110647208515,0.0179845509188761,0.00382261208090373,0.00164092471930832,-0.0638628500519179,0.842921802838483,1.95843690768744,0.393135206508233,1.56819213986241,0.709631703682758,-1
"USA",2006,298379912,162433708033.998,133447375051.541,544.385535022203,447.239809667686,0.0164446978681632,0.01469649510772,0.022319775817591,0.0165281980853953,-0.00587507794942788,-0.00183170297767532,-0.0845086195761101,0.841962011698391,1.88628023340851,0.431411828578454,1.4531707854907,0.759257032245866,0
"USA",2007,301231207,165457605271.515,136546967660.486,549.271129373773,453.296220602026,0.00893448009769937,0.0134508826834852,0.0186971924850292,0.0155929382153133,-0.00976271238732984,-0.00214205553182811,-0.0951919677087041,0.919115091989827,1.80655988414737,0.551130859071441,1.39252115478651,0.868671314961811,1
"USA",2008,304093966,162594880007.82,136544900274.575,534.686308138783,449.022064037191,-0.0269119450224027,-0.00947379346215715,-0.0164497829049104,-0.00436033935489011,-0.0104621621174923,-0.00511345410726705,-0.0634615589521935,0.765504673969648,1.72176663490638,0.662786518538011,0.935828264387848,0.825812395406554,2
"USA",2009,306771529,159951334274.977,136160710685.303,521.402148355747,443.850546134947,-0.0251586131530246,-0.0115841289666108,-0.0387655942952314,-0.0138168789536808,0.0136069811422068,0.00223274998707002,-0.0855220651070698,0.75765358681803,1.64053346434449,0.582357347495977,0.947464438258213,0.799148142930395,3
"USA",2010,309327143,163575878419.051,138818612273.008,528.811913602587,448.776046378213,0.0141111959383453,0.0110360822236242,0.0174826566979664,0.0116759381748324,-0.00337146075962114,-0.00063985595120819,-0.102281236146126,0.852672783858747,1.94608667488218,0.667202499475604,0.999163229320928,0.912632264393575,4
"USA",2011,311583481,164373393643.951,139194708265.932,527.54206710962,446.733272955289,-0.00240420754371851,-0.00456226847015628,0.00324646893655434,-0.000383889334013787,-0.00565067648027284,-0.0041783791361425,-0.104597214674905,0.855562635719114,1.86150018311023,0.715177191492811,0.932353158299145,0.950171718604817,5
"USA",2012,313877662,167794832809.804,140013071379.934,534.586729557721,446.075297260032,0.0132653700267449,-0.00147394600887374,-0.000565006034046966,-0.00379664889297349,0.0138303760607918,0.00232270288409975,-0.0673576522399447,0.805552622816714,1.83109944176168,0.59426762434674,0.90418500089862,0.888087526082012,6
"USA",2013,316059947,171748748665.644,141615540923.588,543.405611169211,448.06544539346,0.0163620427048663,0.00445153950585553,0.00759971559423978,0.00311379619553875,0.00876232711062652,0.00133774331031677,-0.0630398465953914,0.812634861003509,1.99928671596913,0.50714049970596,0.98147032385298,0.859624016361165,7
"USA",2014,318386329,176290248686.644,144538519237.593,553.699178103354,453.972127796959,0.0187655164788216,0.0130964984256607,0.0143852167616156,0.008429829220435,0.00438029971720599,0.00466666920522574,-0.0378054588168331,0.770679144246846,1.89803801232396,0.456769276665042,0.915363609382311,0.819357024103626,8
