iso,year,time,gdp_usd_ppp,gni_usd_ppp,cons_usd_ppp,pop_c4_adj,gdp_pc,gni_pc,cons_pc,d_log_gdp,d_log_gni,d_log_cons,agg_d_log_gdp_gni,agg_d_log_gni,n_agg_gni,dev_gdp_gni,dev_gni,time_gdp_gni,ehb_gdp_gni,agg_d_log_gdp_cons,agg_d_log_cons,n_agg_cons,dev_gdp_cons,dev_cons,time_gdp_cons,ehb_gdp_cons,EHB_dev
AUS,1993,-5,388396946564.885,368633587786.26,308720769230.769,17766000,21861.811694522403,20749.385781057077,17377.055568544914,0,0,0,0,0,22,0,0,-0,0,0,0,22,0,0,-0,0,0.0563579225182711
AUS,1994,-4,404749618320.611,382636641221.374,322629230769.231,17961000,22534.915557074273,21303.749302453874,17962.765479050777,0,0,0,0,0,22,0,0,-0,0,0,0,22,0,0,-0,0,0.05332958296341772
AUS,1995,-3,422021374045.802,401103816793.893,335180769230.769,18195000,23194.35966176433,22044.72749622935,18421.586657365704,0,0,0,0,0,22,0,0,-0,0,0,0,22,0,0,-0,0,0.051120469869953
AUS,1996,-2,438016030534.351,420226717557.252,343824615384.615,18420000,23779.371907402336,22813.611159459935,18665.83145410505,0,0,0,0,0,22,0,0,-0,0,0,0,22,0,0,-0,0,0.07142589000300315
AUS,1997,-1,457551908396.947,440886259541.985,359593076923.077,18625000,24566.545417285746,23671.745478764293,19307.01084150749,0,0,0,0,0,22,0,0,-0,0,0,0,22,0,0,-0,0,0.07388523390275537
AUS,1998,0,481848091603.053,460176335877.863,376388461538.461,18836000,25581.23230001343,24430.682516344394,19982.398680105172,0,0,0,0,0,22,0,0,0,0,0,0,22,0,0,0,0,0.0952939341760789
AUS,1999,1,499965648854.962,482598473282.443,390757692307.692,19046000,26250.42785125286,25338.573626086476,20516.522750587632,0,0,0,0,0,22,0,0,0,0,0,0,22,0,0,0,0,0.11628456272400912
AUS,2000,2,510248854961.832,495972519083.97,401109230769.231,19282000,26462.444505851672,25722.04745793849,20802.26277197547,0,0,0,0,0,22,0,0,0,0,0,0,22,0,0,0,0,0.1336792177022681
AUS,2001,3,530045038167.939,517344274809.16,412506153846.154,19529000,27141.43264723944,26491.078642488606,21122.748417540784,0,0,0,0,0,22,0,0,0,0,0,0,22,0,0,0,0,0.14771565760807392
AUS,2002,4,547054198473.282,535206870229.008,428909230769.231,19757000,27689.132888256416,27089.48070197945,21709.22866676272,0,0,0,0,0,22,0,0,0,0,0,0,22,0,0,0,0,0.14526035125981518
AUS,2003,5,567695419847.328,563425190839.695,449720769230.769,20007000,28374.839798436948,28161.403050916928,22478.17110165287,0,0,0,0,0,20,0,0,0,0,0,0,22,0,0,0,0,0.16561750791532515
AUT,1993,-5,190368708971.554,189176148796.499,155677309007.982,7906000,24079.017072040726,23928.174651720085,19691.03326688363,0,0,0,0,0,22,0,0,-0,0,0,0,22,0,0,-0,0,0.02989916529347169
AUT,1994,-4,195434354485.777,193958424507.659,160477765108.324,7936000,24626.30474871182,24440.325668807836,20221.492579173893,0,0,0,0,0,22,0,0,-0,-0,0,0,22,0,0,-0,-0,-0.00307691179206359
AUT,1995,-3,199166301969.365,196912472647.702,162217787913.341,7948000,25058.66909529001,24775.09721284625,20409.88775960506,0,0,0,0,0,22,0,0,-0,-0,0,0,22,0,0,-0,-0,-0.02345557839078838
AUT,1996,-2,204382932166.302,202950765864.333,166986316989.738,7959000,25679.47382413645,25499.53082853788,20980.816307292123,0,0,0,0,0,22,0,0,-0,-0,0,0,22,0,0,-0,-0,-0.03535291582075239
AUT,1997,-1,208142231947.484,205062363238.512,168324971493.729,7968000,26122.268065698296,25735.73835824699,21125.12192441378,0,0,0,0,0,22,0,0,-0,-0,0,0,22,0,0,-0,-0,-0.15399350019626046
AUT,1998,0,215554704595.186,212375273522.976,171334093500.57,7977000,27022.02640029911,26623.451613761565,21478.512410752162,0,0,0,0,0,22,0,0,0,NA,0,0,22,0,0,0,NA,NA
AUT,1999,1,222713347921.225,218870897155.361,175152793614.595,7992000,27867.035525678806,27386.248392812937,21916.015217041415,0,0,0,0,0,22,0,0,0,-0,0,0,22,0,0,0,-0,-0.3463453482777853
AUT,2000,2,230188183807.44,225761487964.989,180336374002.28,8012000,28730.427334927608,28177.919116948204,22508.2843237993,0,0,0,0,0,22,0,0,0,-0,0,0,22,0,0,0,-0,-0.4990914630739464
AUT,2001,3,231839168490.153,227362144420.131,181091220068.415,8032000,28864.43830803698,28307.0398929446,22546.21763799988,0,0,0,0,0,22,0,0,0,-0,0,0,22,0,0,0,-0,-0.4289893386865185
AUT,2002,4,234542669584.245,234198030634.573,181408209806.157,8053000,29124.88135902707,29082.08501609003,22526.78626675239,0,0,0,0,0,22,0,0,0,-0,0,0,22,0,0,0,-0,-0.3174277765971498
AUT,2003,5,236319474835.886,237324945295.405,182481185860.889,8098000,29182.449349948874,29306.612162929734,22534.105440959374,0,0,0,0,0,20,0,0,0,-0,0,0,22,0,0,0,-0,-0.25485056333303313
BEL,1993,-5,222473398479.913,232019543973.941,179303232998.885,10086000,22057.644108656852,23004.118974215846,17777.437338775035,0,0,0,0,0,22,0,0,-0,-0,0,0,22,0,0,-0,-0,-0.29098900299311614
BEL,1994,-4,229652551574.376,240877307274.701,183079152731.327,10116000,22701.912967020166,23811.517128776293,18097.97871998092,0,0,0,0,0,22,0,0,-0,-0,0,0,22,0,0,-0,-0,-0.2769112454767786
BEL,1995,-3,235129207383.279,245953311617.807,185928651059.086,10137000,23195.14722139479,24262.929034014698,18341.58538611877,0,0,0,0,0,22,0,0,-0,-0,0,0,22,0,0,-0,-0,-0.23753602916575975
BEL,1996,-2,237893593919.653,247346362649.294,188717948717.949,10155000,23426.25247854781,24357.101196385425,18583.746796449926,0,0,0,0,0,22,0,0,-0,-0,0,0,22,0,0,-0,-0,-0.19207939800026963
BEL,1997,-1,246130293159.609,254643865363.735,191506131549.61,10180000,24177.82840467672,25014.132157537817,18811.997205266205,0,0,0,0,0,22,0,0,-0,-0,0,0,22,0,0,-0,-0,-0.14462392853367556
BEL,1998,0,251128121606.949,262369163952.226,196376811594.203,10203000,24613.164912961776,25714.903847125945,19246.967714809663,0,0,0,0,0,22,0,0,0,-0,0,0,22,0,0,0,-0,-0.07417647679782091
BEL,1999,1,259143322475.57,269116178067.318,201559643255.295,10222000,25351.52831887791,26327.15496647603,19718.219844971143,0,0,0,0,0,22,0,0,0,-0,0,0,22,0,0,0,-0,-0.16145545668695593
BEL,2000,2,269190010857.763,274259500542.888,207960981047.938,10246000,26272.69284186639,26767.47028527113,20296.796901028498,0,0,0,0,0,22,0,0,0,-0,0,0,22,0,0,0,-0,-0.12185184363746472
BEL,2001,3,271124864277.959,276155266015.201,210525083612.04,10281000,26371.448718797685,26860.739812780954,20477.101800606946,0,0,0,0,0,22,0,0,0,-0,0,0,22,0,0,0,-0,-0.10219545538993025
BEL,2002,4,273575461454.94,282528773072.747,212338907469.342,10330000,26483.58774975218,27350.316851185577,20555.557354244145,0,0,0,0,0,22,0,0,0,-0,0,0,22,0,0,0,-0,-0.16098519000984146
BEL,2003,5,277019543973.941,284352877307.275,217254180602.007,10374000,26703.252744740792,27410.14818847841,20942.180509158185,0,0,0,0,0,20,0,0,0,-0,0,0,22,0,0,0,-0,-0.16327475636193878
CAN,1993,-5,653440650406.504,631236585365.854,541771074380.165,28682000,22782.255435691513,22008.10910556635,18888.8876082618,0,0,0,0,0,22,0,0,-0,0,0,0,22,0,0,-0,0,0.05460930420183385
CAN,1994,-4,684872357723.577,660458536585.366,551298347107.438,28999000,23617.10258021232,22775.217648379807,19010.943381062727,0,0,0,0,0,22,0,0,-0,0,0,0,22,0,0,-0,0,0.04385105303890535
CAN,1995,-3,703932520325.203,679413008130.081,558390082644.628,29302000,24023.360873838064,23186.57457272818,19056.38122464774,0,0,0,0,0,22,0,0,-0,0,0,0,22,0,0,-0,0,0.04401000974843838
CAN,1996,-2,715266666666.667,691017886178.862,566800000000,29611000,24155.437731473674,23336.5264995732,19141.535240282326,0,0,0,0,0,22,0,0,-0,0,0,0,22,0,0,-0,0,0.05112644092961627
CAN,1997,-1,745627642276.423,722421138211.382,584794214876.033,29907000,24931.542524372988,24155.586926518274,19553.7571430111,0,0,0,0,0,22,0,0,-0,0,0,0,22,0,0,-0,0,0.06205216935835422
CAN,1998,0,776056910569.106,751143902439.024,601633884297.521,30157000,25733.889663066817,24907.779369268297,19950.05750895384,0,0,0,0,0,22,0,0,0,0,0,0,22,0,0,0,0,0.08020211948071243
CAN,1999,1,819593495934.959,792404065040.65,622001652892.562,30404000,26956.765423462668,26062.493916611304,20457.88885977378,0,0,0,0,0,22,0,0,0,0,0,0,22,0,0,0,0,0.10703726262669744
CAN,2000,2,862635772357.724,840396747967.48,645649586776.86,30689000,28108.956706237543,27384.29886824204,21038.469379154092,0,0,0,0,0,22,0,0,0,0,0,0,22,0,0,0,0,0.01963476686255694
CAN,2001,3,877986178861.789,853521138211.382,664653719008.265,31021000,28302.961827851745,27514.301222119917,21425.928210188744,0,0,0,0,0,22,0,0,0,0,0,0,22,0,0,0,0,0.00134285506824827
CAN,2002,4,908089430894.309,887701626016.26,685989256198.347,31362000,28955.086757678368,28305.006887834323,21873.26242581299,0,0,0,0,0,22,0,0,0,0,0,0,22,0,0,0,0,0.11787896235696428
CAN,2003,5,926243089430.894,908564227642.276,708492561983.471,31630000,29283.689201103196,28724.762176486754,22399.385456322194,0,0,0,0,0,20,0,0,0,0,0,0,22,0,0,0,0,0.06077925744736312
CHE,1993,-5,195025789473.684,201652631578.947,139614659685.864,6989000,27904.67727481528,28852.85900399871,19976.342779491202,0,0,0,0,0,22,0,0,-0,-0,0,0,22,0,0,-0,-0,-0.23961355012250884
CHE,1994,-4,197105789473.684,205165263157.895,141219371727.749,7037000,28009.917503720902,29155.217160422762,20068.121604056985,0,0,0,0,0,22,0,0,-0,-0,0,0,22,0,0,-0,-0,-0.23823858620117264
CHE,1995,-3,197853157894.737,209357894736.842,142236649214.66,7081000,27941.414757059312,29566.14810575371,20087.08504655557,0,0,0,0,0,22,0,0,-0,-0,0,0,22,0,0,-0,-0,-0.18784299827280848
CHE,1996,-2,198885789473.684,210661052631.579,143683769633.508,7105000,27992.370087780997,29649.690729286278,20222.909167277692,0,0,0,0,0,22,0,0,-0,-0,0,0,22,0,0,-0,-0,-0.20590739872020725
CHE,1997,-1,202679473684.211,216584210526.316,145462827225.131,7113000,28494.232206412344,30449.066571955012,20450.27797344735,0,0,0,0,0,22,0,0,-0,-0,0,0,22,0,0,-0,-0,-0.14504887067956196
CHE,1998,0,208340526315.79,225102105263.158,148173298429.319,7132000,29212.076039791085,31562.269386309308,20775.8410585136,0,0,0,0,0,22,0,0,0,-0,0,0,22,0,0,0,-0,-0.15257974459778778
CHE,1999,1,211077368421.053,229516842105.263,151080628272.251,7167000,29451.286231485003,32024.116381367796,21080.037431596345,0,0,0,0,0,22,0,0,0,-0,0,0,22,0,0,0,-0,-0.15833485172994566
CHE,2000,2,218699473684.211,237014210526.316,154675392670.157,7209000,30337.005643530447,32877.543421600225,21455.87358443016,0,0,0,0,0,22,0,0,0,-0,0,0,22,0,0,0,-0,-0.0985794446474848
CHE,2001,3,220976842105.263,232983684210.526,158299476439.791,7285000,30333.128634902267,31981.288155185448,21729.509463252023,0,0,0,0,0,22,0,0,0,-0,0,0,22,0,0,0,-0,-0.22956332232631824
CHE,2002,4,221695789473.684,233282105263.158,159516753926.702,7343000,30191.44620368841,31769.318434312678,21723.648907354214,0,0,0,0,0,22,0,0,0,-0,0,0,22,0,0,0,-0,-0.10345050764091056
CHE,2003,5,220914210526.316,NA,160513612565.445,7405000,29833.11418316219,NA,21676.38252065429,0,NA,0,0,0,20,0,NA,0,-0,0,0,22,0,0,0,-0,-0.14534902703204433
DEU,1993,-5,1817783893985.73,1842973496432.21,1518313240043.06,81179000,22392.292267528916,22702.58929565787,18703.275970916864,0,0,0,0,0,22,0,0,-0,-0,0,0,22,0,0,-0,-0,-0.08561740776866089
DEU,1994,-4,1860441386340.47,1872109072375.13,1539655543595.26,81422000,22849.369781391637,22992.668718222714,18909.576571384394,0,0,0,0,0,22,0,0,-0,-0,0,0,22,0,0,-0,-0,-0.10549990891645222
DEU,1995,-3,1892592252803.26,1907376146788.99,1569208826695.37,81661000,23176.207158904006,23357.24699414641,19216.135324027015,0,0,0,0,0,22,0,0,-0,-0,0,0,22,0,0,-0,-0,-0.09571046290914564
DEU,1996,-2,1907091743119.27,1921853211009.17,1588222820236.81,81896000,23286.750795145916,23466.997301567473,19393.167190544227,0,0,0,0,0,22,0,0,-0,-0,0,0,22,0,0,-0,-0,-0.08742095968632002
DEU,1997,-1,1933673802242.61,1937767584097.86,1596627556512.38,82052000,23566.4432584533,23616.335788254524,19458.72808112392,0,0,0,0,0,22,0,0,-0,-0,0,0,22,0,0,-0,-0,-0.08647504676115847
DEU,1998,0,1971498470948.01,1982913353720.69,1625476856835.31,82029000,24034.164392446695,24173.321065972887,19815.880442713067,0,0,0,0,0,22,0,0,0,-0,0,0,22,0,0,0,-0,-0.10760896213587055
DEU,1999,1,2011845056065.24,2025801223241.59,1673544671689.99,82087000,24508.692680512628,24678.70945754614,20387.450774056673,0,0,0,0,0,22,0,0,0,-0,0,0,22,0,0,0,-0,-0.07191554377874432
DEU,2000,2,2069317023445.46,2060387359836.9,1703552206673.84,82188000,25177.84863295688,25069.199394521096,20727.505313109457,0,0,0,0,0,22,0,0,0,-0,0,0,22,0,0,0,-0,-0.08120082610629042
DEU,2001,3,2086653414882.77,2075396534148.83,1729993541442.41,82340000,25341.916624760383,25205.20444679172,21010.366060753095,0,0,0,0,0,22,0,0,0,-0,0,0,22,0,0,0,-0,-0.07963653809167037
DEU,2002,4,2088334352701.33,2082273190621.81,1728937567276.64,82482000,25318.667742068938,25245.183077784364,20961.392391996313,0,0,0,0,0,22,0,0,0,-0,0,0,22,0,0,0,-0,-0.1643700173777337
DEU,2003,5,2085812436289.5,2096133537206.93,1729471474703.98,82520000,25276.44736172443,25401.52129431568,20958.20982433325,0,0,0,0,0,20,0,0,0,-0,0,0,22,0,0,0,-0,-0.1207187831092118
DNK,1993,-5,122921640903.686,117927942925.089,98729484029.484,5189000,23688.888206530355,22726.52590577934,19026.68799951513,0,0,0,0,0,22,0,0,-0,-0,0,0,22,0,0,-0,-0,-0.00773692429436956
DNK,1994,-4,129640546967.895,124466944114.15,103935012285.012,5206000,24902.141177083173,23908.364217086055,19964.466439687283,0,0,0,0,0,22,0,0,-0,-0,0,0,22,0,0,-0,-0,-0.00987395869256224
DNK,1995,-3,133209274673.008,128494530321.046,105529361179.361,5230000,25470.2246028696,24568.74384723633,20177.698122248756,0,0,0,0,0,22,0,0,-0,-0,0,0,22,0,0,-0,-0,-0.00891842120280628
DNK,1996,-2,136564328180.737,132518430439.952,108461916461.916,5262000,25952.931999379893,25184.042272890914,20612.29883350741,0,0,0,0,0,22,0,0,-0,-0,0,0,22,0,0,-0,-0,-0.03155382243113769
DNK,1997,-1,140619738406.659,136691319857.313,110831449631.45,5285000,26607.329878270386,25864.015110182216,20970.946004058656,0,0,0,0,0,22,0,0,-0,-0,0,0,22,0,0,-0,-0,-0.03615859485125772
DNK,1998,0,144090249702.735,140629845422.117,113653562653.563,5303000,27171.459495141426,26518.922387727136,21431.937140026967,0,0,0,0,0,22,0,0,0,-0,0,0,22,0,0,0,-0,-0.07256582569756531
DNK,1999,1,147887277051.13,145658263971.463,114918918918.919,5321000,27793.1360742586,27374.227395501413,21597.240916917686,0,0,0,0,0,22,0,0,0,-0,0,0,22,0,0,0,-0,-0.12926322532211165
DNK,2000,2,152075624256.837,148885255648.038,114719656019.656,5338000,28489.251453135446,27891.580301243535,21491.130764266767,0,0,0,0,0,22,0,0,0,-0,0,0,22,0,0,0,-0,-0.09208109647661278
DNK,2001,3,154443876337.693,152548038049.941,115633538083.538,5357000,28830.292390833114,28476.39313980605,21585.50272233302,0,0,0,0,0,22,0,0,0,-0,0,0,22,0,0,0,-0,-0.11668969455098666
DNK,2002,4,156014982164.09,154335434007.134,116968058968.059,5376000,29020.64400373698,28708.228051922248,21757.451444951454,0,0,0,0,0,22,0,0,0,-0,0,0,22,0,0,0,-0,-0.05969891236773994
DNK,2003,5,156705826397.146,157792746730.083,118044840294.84,5390000,29073.437179433393,29275.092157714844,21900.712485128013,0,0,0,0,0,20,0,0,0,-0,0,0,22,0,0,0,-0,-0.02594614178727727
ESP,1993,-5,646411051212.938,645083509839.7,535245070422.535,39096000,16533.94340119035,16499.98746264835,13690.532801885998,0,0,0,0,0,22,0,0,-0,0,0,0,22,0,0,-0,0,0.11234234683768762
ESP,1994,-4,661816711590.297,651831023614.133,540369014084.507,39166000,16897.735576528034,16642.77750125448,13796.890519443063,0,0,0,0,0,22,0,0,-0,0,0,0,22,0,0,-0,0,0.11899015234314514
ESP,1995,-3,680066037735.849,682707547169.811,550528169014.084,39223000,17338.4503412755,17405.796271825486,14035.850623717819,0,0,0,0,0,22,0,0,-0,0,0,0,22,0,0,-0,0,0.1217544825120962
ESP,1996,-2,696641509433.962,697831536388.14,561260563380.282,39279000,17735.72416390341,17766.020937094632,14289.074655166425,0,0,0,0,0,22,0,0,-0,0,0,0,22,0,0,-0,0,0.13410381142788397
ESP,1997,-1,724690026954.178,722401617250.674,578639436619.718,39348000,18417.455193508642,18359.296971908963,14705.688640330334,0,0,0,0,0,22,0,0,-0,0,0,0,22,0,0,-0,0,0.11367811176008367
ESP,1998,0,756180592991.914,754095687331.536,602915492957.746,39453000,19166.618330466983,19113.773029466352,15281.86685316062,0,0,0,0,0,22,0,0,0,0,0,0,22,0,0,0,0,0.11713620151009518
ESP,1999,1,788119946091.644,784349056603.774,630346478873.24,39626000,19888.960432333417,19793.798430418767,15907.39612560541,0,0,0,0,0,22,0,0,0,0,0,0,22,0,0,0,0,0.07348141325738022
ESP,2000,2,822831536388.14,813428571428.572,658322535211.268,39927000,20608.398737399253,20372.894818758534,16488.1542618095,0,0,0,0,0,22,0,0,0,0,0,0,22,0,0,0,0,0.10603769337005796
ESP,2001,3,845830188679.245,847148247978.437,677916901408.451,40266000,21006.064388795632,21038.798191487534,16835.96337874264,0,0,0,0,0,22,0,0,0,0,0,0,22,0,0,0,0,0.1592851203245239
ESP,2002,4,864711590296.496,867625336927.224,699239436619.718,40546000,21326.68056766379,21398.543307039512,17245.583698015045,0,0,0,0,0,22,0,0,0,0,0,0,22,0,0,0,0,0.19277179414524115
ESP,2003,5,886311320754.717,884103773584.906,720994366197.183,40809000,21718.52583387775,21664.43121823387,17667.533294057266,0,0,0,0,0,20,0,0,0,0,0,0,22,0,0,0,0,0.2075710787830216
FIN,1993,-5,98167517875.383,93009193054.1369,73153091265.947,5066000,19377.71770141788,18359.493299276925,14440.010119610542,0,0,0,0,0,22,0,0,-0,0,0,0,22,0,0,-0,0,0.15471071271932813
FIN,1994,-4,102030643513.79,98422880490.2962,74561334641.8057,5089000,20049.25201685793,19340.31843000515,14651.470749028433,0,0,0,0,0,22,0,0,-0,0,0,0,22,0,0,-0,0,0.15515494032276078
FIN,1995,-3,105546475995.914,104046986721.144,77098135426.8891,5108000,20662.974940468677,20369.417917216913,15093.605212781735,0,0,0,0,0,22,0,0,-0,0,0,0,22,0,0,-0,0,0.12667595581915836
FIN,1996,-2,109655771195.097,108691521961.185,79702649656.526,5125000,21396.248038067708,21208.10184608488,15551.736518346537,0,0,0,0,0,22,0,0,-0,0,0,0,22,0,0,-0,0,0.10550410309174972
FIN,1997,-1,116512768130.746,116042900919.305,82312070657.5074,5140000,22667.85372193502,22576.439867569065,16014.021528697938,0,0,0,0,0,22,0,0,-0,0,0,0,22,0,0,-0,0,0.0687986457114893
FIN,1998,0,122338100102.145,122006128702.758,85263984298.3317,5153000,23741.141102686786,23676.71816471143,16546.474732841394,0,0,0,0,0,22,0,0,0,-0,0,0,22,0,0,0,-0,-0.01496280846790354
FIN,1999,1,126462717058.223,125985699693.565,87722276741.9038,5165000,24484.55315744879,24392.197423729915,16983.983880329874,0,0,0,0,0,22,0,0,0,NA,0,0,22,0,0,0,NA,NA
FIN,2000,2,132936670071.502,131270684371.808,89612365063.788,5176000,25683.28247131028,25361.415064105102,17313.053528552548,0,0,0,0,0,22,0,0,0,NA,0,0,22,0,0,0,NA,NA
FIN,2001,3,134353421859.04,133636363636.364,91415112855.7409,5188000,25896.958723793367,25758.743954580572,17620.492069340962,0,0,0,0,0,22,0,0,0,NA,0,0,22,0,0,0,NA,NA
FIN,2002,4,137407558733.401,136266598569.969,93438665358.1943,5201000,26419.449862218997,26200.07663333378,17965.519199806633,0,0,0,0,0,22,0,0,0,NA,0,0,22,0,0,0,NA,NA
FIN,2003,5,140186925434.116,136717058222.676,96685966633.9549,5213000,26891.794635356993,26226.17652458776,18547.087403405887,0,0,0,0,0,20,0,0,0,NA,0,0,22,0,0,0,NA,NA
FRA,1993,-5,1310536612021.86,1316579234972.68,1113930681818.18,59000000,22212.484949523052,22314.902287672543,18880.18104776576,0,0,0,0,0,22,0,0,-0,0,0,0,22,0,0,-0,0,0.03831897327783218
FRA,1994,-4,1337612021857.92,1338202185792.35,1125543181818.18,59210000,22590.98162232596,22600.948924039014,19009.342709308898,0,0,0,0,0,22,0,0,-0,0,0,0,22,0,0,-0,0,0.03403712235012479
FRA,1995,-3,1359951912568.31,1359016393442.62,1134898863636.36,59419000,22887.492427814504,22871.74798368569,19099.93206947879,0,0,0,0,0,22,0,0,-0,0,0,0,22,0,0,-0,0,0.03843921727142252
FRA,1996,-2,1374950819672.13,1378511475409.84,1152831818181.82,59624000,23060.358574938447,23120.07707315578,19335.02982325607,0,0,0,0,0,22,0,0,-0,0,0,0,22,0,0,-0,0,0.03484595884029573
FRA,1997,-1,1401136612021.86,1410299453551.91,1161590909090.91,59831000,23418.23823806823,23571.383623070145,19414.532752100247,0,0,0,0,0,22,0,0,-0,0,0,0,22,0,0,-0,0,0.01768893660285664
FRA,1998,0,1448792349726.78,1466191256830.6,1188752272727.27,60047000,24127.639178090165,24417.393988552303,19797.03020512715,0,0,0,0,0,22,0,0,0,NA,0,0,22,0,0,0,NA,NA
FRA,1999,1,1495344262295.08,1523384699453.55,1220921590909.09,60297000,24799.64612327446,25264.68480112692,20248.463288539897,0,0,0,0,0,22,0,0,0,0,0,0,22,0,0,0,0,0.10218642300200154
FRA,2000,2,1552063387978.14,1564774863387.98,1253513636363.64,60594000,25614.143116119416,25823.924206818825,20687.09173125458,0,0,0,0,0,22,0,0,0,0,0,0,22,0,0,0,0,0.11540768210119412
FRA,2001,3,1584589071038.25,1601846994535.52,1288751136363.64,60916000,26012.690771525544,26295.99767771226,21156.200938401074,0,0,0,0,0,22,0,0,0,0,0,0,22,0,0,0,0,0.10395082538396394
FRA,2002,4,1603366120218.58,1627079781420.76,1320469318181.82,61237000,26182.96324474713,26570.20725085749,21563.25943762464,0,0,0,0,0,22,0,0,0,0,0,0,22,0,0,0,0,0.07689847434188113
FRA,2003,5,1610862295081.97,1629994535519.13,1343551136363.64,61540000,26175.857898634546,26486.749033460022,21832.1601619051,0,0,0,0,0,20,0,0,0,0,0,0,22,0,0,0,0,0.0459032421334683
GBR,1993,-5,1197447784810.13,1185914556962.03,1070228995057.66,57672000,20763.070204087424,20563.090528541234,18557.168037481966,0,0,0,0,0,22,0,0,-0,-0,0,0,22,0,0,-0,-0,-0.08175736229328834
GBR,1994,-4,1250446202531.65,1241150316455.7,1097980230642.5,57797000,21635.14027599443,21474.30344923958,18997.18377497967,0,0,0,0,0,22,0,0,-0,-0,0,0,22,0,0,-0,-0,-0.0847461399185705
GBR,1995,-3,1286115506329.11,1259806962025.32,1115365733113.67,57928000,22201.966343203807,21747.80696770681,19254.345620661337,0,0,0,0,0,22,0,0,-0,-0,0,0,22,0,0,-0,-0,-0.08492167640480108
GBR,1996,-2,1322346518987.34,1299362341772.15,1149846787479.41,58043000,22782.187670991163,22386.202328827763,19810.25769652516,0,0,0,0,0,22,0,0,-0,-0,0,0,22,0,0,-0,-0,-0.070885501689682
GBR,1997,-1,1365685126582.28,1363604430379.75,1181200988467.88,58167000,23478.69284271632,23442.921766289306,20307.063944640086,0,0,0,0,0,22,0,0,-0,-0,0,0,22,0,0,-0,-0,-0.05469063548883357
GBR,1998,0,1407925632911.39,1426699367088.61,1220548599670.51,58305000,24147.596825510504,24469.588664584688,20933.858154026413,0,0,0,0,0,22,0,0,0,-0,0,0,22,0,0,0,-0,-0.03876242191509849
GBR,1999,1,1448158227848.1,1446553797468.35,1271995057660.63,58481000,24762.8841478104,24735.449076936955,21750.56954670115,0,0,0,0,0,22,0,0,0,-0,0,0,22,0,0,0,-0,-0.02876455219806351
GBR,2000,2,1504052215189.87,1506750000000,1323932454695.22,58643000,25647.600143066866,25693.603669662192,22576.13789702471,0,0,0,0,0,22,0,0,0,-0,0,0,22,0,0,0,-0,-0.02520220160808639
GBR,2001,3,1538672468354.43,1549620253164.56,1361431630971.99,59031000,26065.4989472384,26250.95717783131,23062.994544764446,0,0,0,0,0,22,0,0,0,-0,0,0,22,0,0,0,-0,-0.03000346824740352
GBR,2002,4,1565881329113.92,1604246835443.04,1407728171334.43,59207000,26447.570880367522,27095.560245292618,23776.380686986842,0,0,0,0,0,22,0,0,0,-0,0,0,22,0,0,0,-0,-0.0523153778303802
GBR,2003,5,1601049050632.91,1642794303797.47,1444158154859.97,59375000,26965.036642238483,27668.114590273177,24322.663660799495,0,0,0,0,0,20,0,0,0,-0,0,0,22,0,0,0,-0,-0.05149288237208105
GRC,1993,-5,144206140350.877,148678679814.307,130843843843.844,10558000,13658.471334616122,14082.087498987214,12392.862648592914,0,0,0,0,0,22,0,0,-0,NA,0,0,22,0,0,-0,NA,NA
GRC,1994,-4,147089181286.55,151703897543.289,132698198198.198,10606000,13868.487769804826,14303.592074607675,12511.615896492363,0,0,0,0,0,22,0,0,-0,NA,0,0,22,0,0,-0,NA,NA
GRC,1995,-3,150178362573.099,154597953216.374,136737237237.237,10634000,14122.4715603817,14538.080987057927,12858.495132333741,0,0,0,0,0,22,0,0,-0,NA,0,0,22,0,0,-0,NA,NA
GRC,1996,-2,153719298245.614,157862573099.415,139647147147.147,10709000,14354.215916109255,14741.112438081522,13040.1668827292,0,0,0,0,0,22,0,0,-0,NA,0,0,22,0,0,-0,NA,NA
GRC,1997,-1,159311403508.772,163976608187.134,143475975975.976,10777000,14782.537209684699,15215.42249115097,13313.164700378215,0,0,0,0,0,22,0,0,-0,NA,0,0,22,0,0,-0,NA,NA
GRC,1998,0,164669590643.275,169500000000,148060060060.06,10835000,15197.931762185048,15643.747115828333,13664.980162442085,0,0,0,0,0,22,0,0,0,NA,0,0,22,0,0,0,NA,NA
GRC,1999,1,170301169590.643,173121345029.24,151605105105.105,10883000,15648.366221689148,15907.502070131397,13930.451631453185,0,0,0,0,0,22,0,0,0,NA,0,0,22,0,0,0,NA,NA
GRC,2000,2,177925438596.491,179475146198.83,158165165165.165,10917000,16298.015809882843,16439.969423727212,14487.969695444262,0,0,0,0,0,22,0,0,0,NA,0,0,22,0,0,0,NA,NA
GRC,2001,3,185526315789.474,185412280701.754,160894894894.895,10938000,16961.630626208997,16951.20503764436,14709.717946141433,0,0,0,0,0,22,0,0,0,0,0,0,22,0,0,0,0,0.2915007968875031
GRC,2002,4,192255847953.216,192812865497.076,166507507507.507,10950000,17557.611685225205,17608.480867312875,15206.16506917872,0,0,0,0,0,22,0,0,0,0,0,0,22,0,0,0,0,0.2887205199298234
GRC,2003,5,200902046783.626,201720760233.918,171489489489.489,10981000,18295.42362112977,18369.980897360714,15616.928284262727,0,0,0,0,0,20,0,0,0,0,0,0,22,0,0,0,0,0.29485861335619545
ITA,1993,-5,1248014851485.15,1242007425742.57,1016499372647.43,57049000,21876.19154560378,21770.888635078092,17818.005094698066,0,0,0,0,0,22,0,0,-0,-0,0,0,22,0,0,-0,-0,-0.05169841959922217
ITA,1994,-4,1275564356435.64,1265335396039.6,1026223337515.68,57204000,22298.516824621354,22119.701350248237,17939.712913706735,0,0,0,0,0,22,0,0,-0,-0,0,0,22,0,0,-0,-0,-0.01897009437124019
ITA,1995,-3,1312860148514.85,1298940594059.41,1033983688833.12,57301000,22911.644622517062,22668.72470043123,18044.775638001433,0,0,0,0,0,22,0,0,-0,-0,0,0,22,0,0,-0,-0,-0.04407583533198356
ITA,1996,-2,1327211633663.37,1330264851485.15,1046281053952.32,57397000,23123.362434680734,23176.55716300765,18228.84565312333,0,0,0,0,0,22,0,0,-0,-0,0,0,22,0,0,-0,-0,-0.05943594902555038
ITA,1997,-1,1354103960396.04,1360410891089.11,1072820577164.37,57512000,23544.720413062318,23654.38327808301,18653.856189392995,0,0,0,0,0,22,0,0,-0,-0,0,0,22,0,0,-0,-0,-0.07529666893610798
ITA,1998,0,1378397277227.72,1392345297029.7,1099895859473.02,57588000,23935.494846629852,24177.698427271305,19099.393267226158,0,0,0,0,0,22,0,0,0,NA,0,0,22,0,0,0,NA,NA
ITA,1999,1,1401329207920.79,1420517326732.67,1125365119196.99,57646000,24309.2184699856,24642.079706010303,19521.9983901223,0,0,0,0,0,22,0,0,0,-0,0,0,22,0,0,0,-0,-0.0249832130589932
ITA,2000,2,1443747524752.48,1431933168316.83,1153678795483.06,57762000,24994.763421496486,24790.228321679133,19972.97177180603,0,0,0,0,0,22,0,0,0,-0,0,0,22,0,0,0,-0,-0.03889893316175885
ITA,2001,3,1469219059405.94,1461195544554.46,1170705144291.09,57894000,25377.74310646941,25239.153358801603,20221.528039021145,0,0,0,0,0,22,0,0,0,-0,0,0,22,0,0,0,-0,-0.080627830166765
ITA,2002,4,1474503712871.29,1472972772277.23,1179863237139.27,57994000,25425.10799171104,25398.709733372936,20344.574216975376,0,0,0,0,0,22,0,0,0,-0,0,0,22,0,0,0,-0,-0.1175836353224572
ITA,2003,5,1478295792079.21,1479264851485.15,1197451693851.94,58095000,25446.17939718065,25462.859996301744,20611.95789400017,0,0,0,0,0,20,0,0,0,-0,0,0,22,0,0,0,-0,-0.12512046580725444
JPN,1993,-5,2987768387096.77,3046663870967.74,2053640000000,124670000,23965.415794471566,24437.82683057464,16472.607684286515,0,0,0,0,0,22,0,0,-0,0,0,0,22,0,0,-0,0,0.1228505740422775
JPN,1994,-4,3020592903225.81,3080944516129.03,2111136250000,124960000,24172.47841890053,24655.445871711185,16894.496238796415,0,0,0,0,0,22,0,0,-0,0,0,0,22,0,0,-0,0,0.12552119603434295
JPN,1995,-3,3078983225806.45,3138633548387.1,2160287500000,125570000,24520.054358576494,24995.09077317114,17203.850441984552,0,0,0,0,0,22,0,0,-0,0,0,0,22,0,0,-0,0,0.121323109198318
JPN,1996,-2,3184205806451.61,3239965161290.32,2215299375000,125864000,25298.781275437057,25741.794010124577,17600.73869414606,0,0,0,0,0,22,0,0,-0,0,0,0,22,0,0,-0,0,0.12109924382264958
JPN,1997,-1,3243243225806.45,3293924516129.03,2236231875000,126166000,25706.158757561072,26107.861992367434,17724.52067117924,0,0,0,0,0,22,0,0,-0,0,0,0,22,0,0,-0,0,0.10946608299159866
JPN,1998,0,3206649032258.06,3270170322580.65,2244645625000,126486000,25351.809941480165,25854.010108475642,17746.198195847763,0,0,0,0,0,22,0,0,0,0,0,0,22,0,0,0,0,0.12350585011028048
JPN,1999,1,3208479354838.71,3267824516129.03,2269507500000,126686000,25326.234586605544,25794.677518660545,17914.430165922044,0,0,0,0,0,22,0,0,0,0,0,0,22,0,0,0,0,0.1827756560050835
JPN,2000,2,3299757419354.84,3341185161290.32,2311059375000,126926000,25997.4900284799,26323.882902559915,18207.927256826813,0,0,0,0,0,22,0,0,0,0,0,0,22,0,0,0,0,0.20446171516481185
JPN,2001,3,3314069032258.06,3364892258064.52,2356640000000,127291000,26035.375888775012,26434.643910916875,18513.799090273467,0,0,0,0,0,22,0,0,0,0,0,0,22,0,0,0,0,0.20626299279870175
JPN,2002,4,3302360645161.29,3351492258064.52,2385250625000,127435000,25914.07890423581,26299.621438886647,18717.39023816063,0,0,0,0,0,22,0,0,0,0,0,0,22,0,0,0,0,0.21159197848959432
JPN,2003,5,3390166451612.9,3432025161290.32,2411695625000,127619000,26564.747033066393,26892.74450740344,18897.622023366428,0,0,0,0,0,20,0,0,0,0,0,0,22,0,0,0,0,0.22736167539120225
MEX,1993,-5,703237745098.039,679262745098.039,614591319444.444,87797000,8009.815199813649,7736.742087976115,7000.140317373532,0,0,0,0,0,22,0,0,-0,0,0,0,22,0,0,-0,0,0.15957019869683775
MEX,1994,-4,734287908496.732,709933333333.333,641335069444.444,89352000,8217.923588691156,7945.354702002563,7177.624109638777,0,0,0,0,0,22,0,0,-0,0,0,0,22,0,0,-0,0,0.152746038731588
MEX,1995,-3,689004411764.706,646673039215.686,587212500000,90164000,7641.679736532386,7172.186673347301,6512.715718024932,0,0,0,0,0,22,0,0,-0,0,0,0,22,0,0,-0,0,0.14347909386775026
MEX,1996,-2,724510947712.418,682053431372.549,597793229166.667,92159000,7861.532218366279,7400.8336827933135,6486.542054131089,0,0,0,0,0,22,0,0,-0,0,0,0,22,0,0,-0,0,0.15506013248633432
MEX,1997,-1,773574673202.614,738871405228.758,633507118055.556,93938000,8234.949362373203,7865.52199566478,6743.885520828164,0,0,0,0,0,22,0,0,-0,0,0,0,22,0,0,-0,0,0.17197860601180304
MEX,1998,0,812488398692.81,768743790849.673,665176562500,95786000,8482.329345549559,8025.638306742874,6944.402757187898,0,0,0,0,0,22,0,0,0,0,0,0,22,0,0,0,0,0.1702071182773518
MEX,1999,1,841923039215.686,809342483660.131,694160243055.556,97199000,8661.848776383358,8326.654427104508,7141.639760239879,0,0,0,0,0,22,0,0,0,0,0,0,22,0,0,0,0,0.2323072608404717
MEX,2000,2,897182516339.869,875705228758.17,745689236111.111,98658000,9093.864829409364,8876.170495633096,7558.325083734831,0,0,0,0,0,22,0,0,0,0,0,0,22,0,0,0,0,0.2708553729208889
MEX,2001,3,897222222222.222,881340032679.739,760015451388.889,100051000,8967.64872137432,8808.907783827639,7596.280410879342,0,0,0,0,0,22,0,0,0,0,0,0,22,0,0,0,0,0.22376035876992303
MEX,2002,4,903097549019.608,893140032679.739,768916493055.556,101398000,8906.463135560938,8808.260840250685,7583.152459176276,0,0,0,0,0,22,0,0,0,0,0,0,22,0,0,0,0,0.2263631528779736
MEX,2003,5,914863071895.425,NA,791481597222.222,102708000,8907.41784374562,NA,7706.133867101122,0,NA,0,0,0,20,0,NA,0,0,0,0,22,0,0,0,0,0.21589634266772273
NLD,1993,-5,341577297297.297,342181621621.622,273750865051.903,15290000,22339.914800346436,22379.43895497855,17903.91530751491,0,0,0,0,0,22,0,0,-0,-0,0,0,22,0,0,-0,-0,-0.23437783846224813
NLD,1994,-4,351362162162.162,354971891891.892,277703575547.866,15381000,22843.908859122424,23078.596443137118,18054.9753298138,0,0,0,0,0,22,0,0,-0,-0,0,0,22,0,0,-0,-0,-0.19591382139963365
NLD,1995,-3,362018378378.378,369477837837.838,284542099192.618,15460000,23416.45397014088,23898.954582007635,18405.0516942185,0,0,0,0,0,22,0,0,-0,-0,0,0,22,0,0,-0,-0,-0.1997442930104234
NLD,1996,-2,373021621621.622,376619459459.46,291799307958.478,15526000,24025.61004905462,24257.339911082057,18794.23598856615,0,0,0,0,0,22,0,0,-0,-0,0,0,22,0,0,-0,-0,-0.1767226680446653
NLD,1997,-1,387340540540.54,394467027027.027,300711649365.629,15607000,24818.385374546036,25275.00653726065,19267.741998182162,0,0,0,0,0,22,0,0,-0,-0,0,0,22,0,0,-0,-0,-0.1457917609202064
NLD,1998,0,404188108108.108,400849729729.73,314058823529.412,15703000,25739.547099796724,25526.952157532316,19999.92507988359,0,0,0,0,0,22,0,0,0,-0,0,0,22,0,0,0,-0,-0.15698298807315114
NLD,1999,1,420337297297.297,421502702702.703,326724336793.541,15809000,26588.48107390075,26662.198918508635,20666.983161081727,0,0,0,0,0,22,0,0,0,-0,0,0,22,0,0,0,-0,-0.17243787528439092
NLD,2000,2,434909189189.189,436760000000,336712802768.166,15922000,27314.98487559283,27431.227232759702,21147.64494210313,0,0,0,0,0,22,0,0,0,-0,0,0,22,0,0,0,-0,-0.1702081718713716
NLD,2001,3,441114594594.595,440988108108.108,344930795847.751,16043000,27495.767287576822,27487.883071003427,21500.392435813188,0,0,0,0,0,22,0,0,0,-0,0,0,22,0,0,0,-0,-0.2038538342882389
NLD,2002,4,443621621621.622,440330810810.811,351901960784.314,16147000,27473.934577421318,27270.131343953115,21793.643449824365,0,0,0,0,0,22,0,0,0,-0,0,0,22,0,0,0,-0,-0.28976489249066106
NLD,2003,5,439725405405.405,438364324324.324,351741637831.603,16224000,27103.390372621117,27019.497307958824,21680.32777561656,0,0,0,0,0,20,0,0,0,-0,0,0,22,0,0,0,-0,-0.35509340177753923
NOR,1993,-5,124380022197.558,121418414787.643,79148241758.2418,4312000,28845.08863579731,28158.259459100882,18355.34363595589,0,0,0,0,0,22,0,0,-0,-0,0,0,22,0,0,-0,-0,-0.05145928423935597
NOR,1994,-4,130917758046.615,128606113269.712,81323076923.0769,4337000,30186.248108511645,29653.24262617293,18750.997676522227,0,0,0,0,0,22,0,0,-0,-0,0,0,22,0,0,-0,-0,-3.685489278559828e-4
NOR,1995,-3,136622308546.06,134847790330.211,83777142857.1429,4358000,31349.7724979486,30942.586124417394,19223.759260473358,0,0,0,0,0,22,0,0,-0,0,0,0,22,0,0,-0,0,0.00229402775683551
NOR,1996,-2,143800665926.748,142094814556.715,88346703296.7033,4381000,32823.70826905911,32434.33338432207,20165.87612342006,0,0,0,0,0,22,0,0,-0,-0,0,0,22,0,0,-0,-0,-0.00103655976591154
NOR,1997,-1,151262042175.361,149651763837.074,91008241758.2418,4405000,34338.71559032032,33973.15864632781,20660.213793017436,0,0,0,0,0,22,0,0,-0,-0,0,0,22,0,0,-0,-0,-0.00864548473712623
NOR,1998,0,155239400665.927,153955124929.453,93594835164.8352,4432000,35026.94058346729,34737.16717722315,21117.968223112635,0,0,0,0,0,22,0,0,0,-0,0,0,22,0,0,0,-0,-0.20090900615141272
NOR,1999,1,158551165371.809,156645396923.305,96614615384.6154,4462000,35533.65427427364,35106.54346107239,21652.760059304215,0,0,0,0,0,22,0,0,0,-0,0,0,22,0,0,0,-0,-0.14928461098026236
NOR,2000,2,163049389567.148,161449278579.356,99628351648.3517,4491000,36305.80930018883,35949.51649506925,22184.00170303979,0,0,0,0,0,22,0,0,0,-0,0,0,22,0,0,0,-0,-0.16120945058826552
NOR,2001,3,167494672586.016,166312621668.217,102645384615.385,4513000,37113.820648352754,36851.89932821117,22744.379484906935,0,0,0,0,0,22,0,0,0,-0,0,0,22,0,0,0,-0,-0.11471002137937247
NOR,2002,4,169800776914.539,170362884131.361,106166153846.154,4539000,37409.29211600331,37533.131555708525,23389.767315742236,0,0,0,0,0,22,0,0,0,-0,0,0,22,0,0,0,-0,-0.20176734696747112
NOR,2003,5,170510987791.343,171595321864.549,109362417582.418,4565000,37351.80455451106,37589.33666255181,23956.717980814457,0,0,0,0,0,20,0,0,0,-0,0,0,22,0,0,0,-0,-0.17020832239213113
NZL,1993,-5,63608965517.2414,58635172413.7931,50741428571.4286,3598000,17678.978742979823,16296.60156025378,14102.676089891216,0,0,0,0,0,22,0,0,-0,0,0,0,22,0,0,-0,0,0.1432966299231091
NZL,1994,-4,66975172413.7931,62003448275.8621,53244285714.2857,3648000,18359.422262552933,16996.55928614641,14595.473057644105,0,0,0,0,0,22,0,0,-0,0,0,0,22,0,0,-0,0,0.13078049265204672
NZL,1995,-3,69743448275.8621,64773103448.2759,55355714285.7143,3707000,18813.986586420855,17473.186794787132,14932.752707233423,0,0,0,0,0,22,0,0,-0,0,0,0,22,0,0,-0,0,0.12903523736406777
NZL,1996,-2,72203448275.8621,66254482758.6207,57440714285.7143,3762000,19192.835799006407,17611.50525215861,15268.664084453563,0,0,0,0,0,22,0,0,-0,0,0,0,22,0,0,-0,0,0.05459956564193302
NZL,1997,-1,73251724137.931,67627586206.8966,59470000000,3803000,19261.56301286642,17782.69424320184,15637.654483302656,0,0,0,0,0,22,0,0,-0,0,0,0,22,0,0,-0,0,0.04764810003348974
NZL,1998,0,73622758620.6897,68959310344.8276,60848571428.5714,3829000,19227.672661449385,18009.744148557744,15891.504682311675,0,0,0,0,0,22,0,0,0,0,0,0,22,0,0,0,0,0.02555313424451744
NZL,1999,1,77424137931.0345,71686896551.7242,63143571428.5714,3851000,20104.943633091276,18615.13802953108,16396.668768779902,0,0,0,0,0,22,0,0,0,0,0,0,22,0,0,0,0,0.09147887217200334
NZL,2000,2,79201379310.3448,74255172413.7931,63677857142.8571,3873000,20449.620271196694,19172.52063356393,16441.48131754637,0,0,0,0,0,22,0,0,0,-0,0,0,22,0,0,0,-0,-0.01397955214076973
NZL,2001,3,81909655172.4138,78264137931.0345,65672857142.8571,3912000,20938.050913193714,20006.170227769555,16787.540169442,0,0,0,0,0,22,0,0,0,-0,0,0,22,0,0,0,-0,-0.1375751522159444
NZL,2002,4,85627586206.8965,80922068965.5172,68436428571.4286,3976000,21536.11323111079,20352.633039617,17212.381431445825,0,0,0,0,0,22,0,0,0,-0,0,0,22,0,0,0,-0,-0.11292379900995386
NZL,2003,5,88748275862.069,85104827586.2069,71711428571.4286,4039000,21972.833835619957,21070.76691909059,17754.74834647898,0,0,0,0,0,20,0,0,0,-0,0,0,22,0,0,0,-0,-0.08524142868501805
PRT,1993,-5,139761538461.538,139074719795.07,122314785373.609,9974000,14012.58657123902,13943.725666239223,12263.363281893824,0,0,0,0,0,22,0,0,-0,NA,0,0,22,0,0,-0,NA,NA
PRT,1994,-4,141110769230.769,139822774272.886,124456279809.221,9998000,14113.899703017505,13985.074442177034,12448.117604442989,0,0,0,0,0,22,0,0,-0,NA,0,0,22,0,0,-0,NA,NA
PRT,1995,-3,147153846153.846,146520276449.892,125308426073.132,10030000,14671.370503872982,14608.203035881555,12493.362519753939,0,0,0,0,0,22,0,0,-0,NA,0,0,22,0,0,-0,NA,NA
PRT,1996,-2,152370769230.769,151109111695.912,129208267090.62,10058000,15149.211496397795,15023.773284540861,12846.318064289122,0,0,0,0,0,22,0,0,-0,NA,0,0,22,0,0,-0,NA,NA
PRT,1997,-1,158404615384.615,156137897008.06,133168521462.639,10091000,15697.61325781538,15472.985532460609,13196.761615562284,0,0,0,0,0,22,0,0,-0,0,0,0,22,0,0,-0,0,0.04526730293327619
PRT,1998,0,165660000000,163175830155.602,139599364069.952,10129000,16355.020238917958,16109.767020989435,13782.146714379702,0,0,0,0,0,22,0,0,0,0,0,0,22,0,0,0,0,0.10259495421001295
PRT,1999,1,171956923076.923,169274821666.346,146863275039.746,10172000,16904.9275537675,16641.252621544045,14437.994007053283,0,0,0,0,0,22,0,0,0,0,0,0,22,0,0,0,0,0.11356333870673808
PRT,2000,2,177766153846.154,173490769230.769,151480127186.01,10226000,17383.742797394287,16965.653161624195,14813.233638373755,0,0,0,0,0,22,0,0,0,0,0,0,22,0,0,0,0,0.12591877312552902
PRT,2001,3,180661538461.538,175926451872.077,154058823529.412,10293000,17551.883655060527,17091.853868850383,14967.33931112523,0,0,0,0,0,22,0,0,0,0,0,0,22,0,0,0,0,0.094001503440158
PRT,2002,4,181355384615.385,178579810605.562,156009538950.715,10368000,17491.838793922165,17224.132967357447,15047.216333981,0,0,0,0,0,22,0,0,0,0,0,0,22,0,0,0,0,0.04109453040920752
PRT,2003,5,179180000000,176836093607.007,155217806041.335,10444000,17156.26196859441,16931.83584900488,14861.911723605419,0,0,0,0,0,20,0,0,0,-0,0,0,22,0,0,0,-0,-0.0332541603049048
SWE,1993,-5,187809140369.967,184232970620.239,163317653631.285,8719000,21540.215663489736,21130.057417162407,18731.23679679837,0,0,0,0,0,22,0,0,-0,0,0,0,22,0,0,-0,0,0.0095937320807915
SWE,1994,-4,195631011969.532,194929815016.322,164788268156.425,8781000,22278.89898297825,22199.045099228104,18766.458052206468,0,0,0,0,0,22,0,0,-0,-0,0,0,22,0,0,-0,-0,-0.00958494052392555
SWE,1995,-3,203560391730.141,204050707290.533,165668938547.486,8827000,23061.10702731857,23116.65427557868,18768.430785939276,0,0,0,0,0,22,0,0,-0,-0,0,0,22,0,0,-0,-0,-0.01893825792370673
SWE,1996,-2,206188465723.613,206448639825.898,167790167597.765,8841000,23321.84885461068,23351.276985171135,18978.641284669724,0,0,0,0,0,22,0,0,-0,-0,0,0,22,0,0,-0,-0,-0.00310035796829522
SWE,1997,-1,211214689880.305,211347878128.4,170086703910.615,8846000,23876.8584535728,23891.914778250055,19227.527007756613,0,0,0,0,0,22,0,0,-0,-0,0,0,22,0,0,-0,-0,-0.02061053940625734
SWE,1998,0,218914472252.448,220192491838.955,175390055865.922,8851000,24733.303836001356,24877.69651327025,19815.846329897413,0,0,0,0,0,22,0,0,0,-0,0,0,22,0,0,0,-0,-0.05882226259424639
SWE,1999,1,228937214363.439,228899891186.072,180751284916.201,8858000,25845.248855660306,25841.03535629623,20405.428416821065,0,0,0,0,0,22,0,0,0,-0,0,0,22,0,0,0,-0,-0.05277540625982802
SWE,2000,2,238842981501.632,237052992383.025,185675754189.944,8872000,26920.98529098647,26719.2281766259,20928.286089939586,0,0,0,0,0,22,0,0,0,-0,0,0,22,0,0,0,-0,-0.02456153050260301
SWE,2001,3,241343525571.273,237650054406.964,186752290502.793,8896000,27129.443072310365,26714.259713013038,20992.838410835546,0,0,0,0,0,22,0,0,0,-0,0,0,22,0,0,0,-0,-0.07907421134868453
SWE,2002,4,246112404787.813,242078346028.292,189963351955.307,8925000,27575.61958406868,27123.624204850643,21284.409182667452,0,0,0,0,0,22,0,0,0,-0,0,0,22,0,0,0,-0,-0.1081588021291141
SWE,2003,5,249721762785.637,246419477693.145,192351955307.263,8959000,27873.84337377352,27505.243631336645,21470.248387907468,0,0,0,0,0,20,0,0,0,-0,0,0,22,0,0,0,-0,-0.07871168632324355
TUR,1993,-5,373884990994.449,376800810482.24,325633623561.563,59491000,6284.731992981274,6333.7447762222855,5473.661958305676,0,0,0,0,0,22,0,0,-0,0,0,0,22,0,0,-0,0,0.15300712198046562
TUR,1994,-4,353487085892.288,355266569892.296,308054209815.06,60573000,5835.720302647846,5865.0978140804655,5085.668694221187,0,0,0,0,0,22,0,0,-0,0,0,0,22,0,0,-0,0,0.13902275607990888
TUR,1995,-3,378907113647.1,383418928389.949,323576752379.984,61646000,6146.499588734062,6219.688680367728,5248.9496865974115,0,0,0,0,0,22,0,0,-0,0,0,0,22,0,0,-0,0,0.13254831272549283
TUR,1996,-2,405450768424.471,411103679478.64,351069831697.741,62695000,6467.035145138703,6557.200406390302,5599.646410363523,0,0,0,0,0,22,0,0,-0,0,0,0,22,0,0,-0,0,0.15227093500796285
TUR,1997,-1,435976345665.525,444403486931.52,379004539756.75,63745000,6839.381059934505,6971.581879857557,5945.635575445133,0,0,0,0,0,22,0,0,-0,0,0,0,22,0,0,-0,0,0.1791910342010271
TUR,1998,0,449456142228.652,460587235452.948,384074815642.963,64789000,6937.229193669481,7109.034488153051,5928.086799348084,0,0,0,0,0,22,0,0,0,0,0,0,22,0,0,0,0,0.17985823465098838
TUR,1999,1,428291495659.62,433091923013.623,377686000158.101,65819000,6507.110342904329,6580.044106012291,5738.251874961653,0,0,0,0,0,22,0,0,0,0,0,0,22,0,0,0,0,0.24966523705961183
TUR,2000,2,459812573815.991,463550139512.224,401413656160.48,67461000,6815.976250218512,6871.379604693438,5950.306935273417,0,0,0,0,0,22,0,0,0,0,0,0,22,0,0,0,0,0.2828555485941382
TUR,2001,3,425347555214.362,420749911630.973,364845192789.09,68610000,6199.49796260548,6132.486687523291,5317.667873328815,0,0,0,0,0,22,0,0,0,0,0,0,22,0,0,0,0,0.29482217806380695
TUR,2002,4,459127852988.071,454923709616.744,373866487485.554,69666000,6590.415022939037,6530.067889885224,5366.555959658284,0,0,0,0,0,22,0,0,0,0,0,0,22,0,0,0,0,0.3000396233553624
TUR,2003,5,485731641962.915,481570447826.051,394693152345.353,70802000,6860.422614656577,6801.650346403365,5574.604564070973,0,0,0,0,0,20,0,0,0,0,0,0,22,0,0,0,0,0.3178692167411129
USA,1993,-5,7472000000000,7329300000000,6383000000000,260282000,28707.325131972244,28159.07362015045,24523.401541405092,0,0,0,0,0,22,0,0,-0,0,0,0,22,0,0,-0,0,0.00869310820086399
USA,1994,-4,7775500000000,7622800000000,6575100000000,263455000,29513.579169118068,28933.97354386897,24957.203317454594,0,0,0,0,0,22,0,0,-0,-0,0,0,22,0,0,-0,-0,-0.01024917829598559
USA,1995,-3,7972800000000,7873500000000,6718100000000,266588000,29906.82251264123,29534.337629600734,25200.309091181898,0,0,0,0,0,22,0,0,-0,-0,0,0,22,0,0,-0,-0,-0.00953636352130948
USA,1996,-2,8271400000000,8185600000000,6911400000000,269714000,30667.299435698555,30349.184691932936,25624.92121284027,0,0,0,0,0,22,0,0,-0,-0,0,0,22,0,0,-0,-0,-0.01654055009863786
USA,1997,-1,8647600000000,8605700000000,7141100000000,272958000,31681.064486111416,31527.561016713193,26161.900365624017,0,0,0,0,0,22,0,0,-0,-0,0,0,22,0,0,-0,-0,-0.01831919299628781
USA,1998,0,9012500000000,9086800000000,7458500000000,276154000,32635.77569037566,32904.82846527662,27008.480775219625,0,0,0,0,0,22,0,0,0,-0,0,0,22,0,0,0,-0,-0.01698105022918095
USA,1999,1,9417100000000,9517200000000,7816300000000,279328000,33713.41218925421,34071.77225340818,27982.51517928743,0,0,0,0,0,22,0,0,0,0,0,0,22,0,0,0,0,0.02678005718308407
USA,2000,2,9764800000000,9930900000000,8143500000000,282425000,34574.842878640346,35162.96361865982,28834.20377091263,0,0,0,0,0,22,0,0,0,0,0,0,22,0,0,0,0,0.06801374397320892
USA,2001,3,9838900000000,10008700000000,8359500000000,285358000,34479.145494431556,35074.18751182725,29294.780591397473,0,0,0,0,0,22,0,0,0,0,0,0,22,0,0,0,0,0.08027657834692892
USA,2002,4,10023500000000,10126600000000,8635700000000,288240000,34774.840410768804,35132.52844851513,29960.102692200944,0,0,0,0,0,22,0,0,0,0,0,0,22,0,0,0,0,0.0878268705775509
USA,2003,5,10330000000000,10405300000000,8916300000000,291085000,35487.9159008537,35746.603225861865,30631.25891062748,0,0,0,0,0,20,0,0,0,0,0,0,22,0,0,0,0,0.07340468485026663
